learning_rate,depth,cat_mvs_fraction,rsm,l2_leaf_reg,min_data_in_leaf,val_mse,best_n_estimators,selected,security,horizon,fold,regime,scheme
0.01,4,0.8,0.8,1.0,1,0.02097417520128443,68,False,NOR_10Y,63,GFC,GFC,walk_forward
0.01,4,0.8,0.8,1.0,5,0.02097417520128443,68,False,NOR_10Y,63,GFC,GFC,walk_forward
0.01,4,0.8,0.8,5.0,1,0.02164166192320342,66,False,NOR_10Y,63,GFC,GFC,walk_forward
0.01,4,0.8,0.8,5.0,5,0.02164166192320342,66,False,NOR_10Y,63,GFC,GFC,walk_forward
0.01,4,0.8,0.8,10.0,1,0.02192628409670124,66,False,NOR_10Y,63,GFC,GFC,walk_forward
0.01,4,0.8,0.8,10.0,5,0.02192628409670124,66,False,NOR_10Y,63,GFC,GFC,walk_forward
0.01,4,0.8,1.0,1.0,1,0.02208275770206324,68,False,NOR_10Y,63,GFC,GFC,walk_forward
0.01,4,0.8,1.0,1.0,5,0.02208275770206324,68,False,NOR_10Y,63,GFC,GFC,walk_forward
0.01,4,0.8,1.0,5.0,1,0.02235326535092001,68,False,NOR_10Y,63,GFC,GFC,walk_forward
0.01,4,0.8,1.0,5.0,5,0.02235326535092001,68,False,NOR_10Y,63,GFC,GFC,walk_forward
0.01,4,0.8,1.0,10.0,1,0.022258191315801906,55,False,NOR_10Y,63,GFC,GFC,walk_forward
0.01,4,0.8,1.0,10.0,5,0.022258191315801906,55,False,NOR_10Y,63,GFC,GFC,walk_forward
0.01,4,1.0,0.8,1.0,1,0.02112980970968209,81,False,NOR_10Y,63,GFC,GFC,walk_forward
0.01,4,1.0,0.8,1.0,5,0.02112980970968209,81,False,NOR_10Y,63,GFC,GFC,walk_forward
0.01,4,1.0,0.8,5.0,1,0.02166235120178978,81,False,NOR_10Y,63,GFC,GFC,walk_forward
0.01,4,1.0,0.8,5.0,5,0.02166235120178978,81,False,NOR_10Y,63,GFC,GFC,walk_forward
0.01,4,1.0,0.8,10.0,1,0.022034917078990853,53,False,NOR_10Y,63,GFC,GFC,walk_forward
0.01,4,1.0,0.8,10.0,5,0.022034917078990853,53,False,NOR_10Y,63,GFC,GFC,walk_forward
0.01,4,1.0,1.0,1.0,1,0.022520844898961993,53,False,NOR_10Y,63,GFC,GFC,walk_forward
0.01,4,1.0,1.0,1.0,5,0.022520844898961993,53,False,NOR_10Y,63,GFC,GFC,walk_forward
0.01,4,1.0,1.0,5.0,1,0.022212211507733573,53,False,NOR_10Y,63,GFC,GFC,walk_forward
0.01,4,1.0,1.0,5.0,5,0.022212211507733573,53,False,NOR_10Y,63,GFC,GFC,walk_forward
0.01,4,1.0,1.0,10.0,1,0.022461178730371262,54,False,NOR_10Y,63,GFC,GFC,walk_forward
0.01,4,1.0,1.0,10.0,5,0.022461178730371262,54,False,NOR_10Y,63,GFC,GFC,walk_forward
0.01,6,0.8,0.8,1.0,1,0.021662248995145322,81,False,NOR_10Y,63,GFC,GFC,walk_forward
0.01,6,0.8,0.8,1.0,5,0.021662248995145322,81,False,NOR_10Y,63,GFC,GFC,walk_forward
0.01,6,0.8,0.8,5.0,1,0.022053172519234374,91,False,NOR_10Y,63,GFC,GFC,walk_forward
0.01,6,0.8,0.8,5.0,5,0.022053172519234374,91,False,NOR_10Y,63,GFC,GFC,walk_forward
0.01,6,0.8,0.8,10.0,1,0.022830033835257512,80,False,NOR_10Y,63,GFC,GFC,walk_forward
0.01,6,0.8,0.8,10.0,5,0.022830033835257512,80,False,NOR_10Y,63,GFC,GFC,walk_forward
0.01,6,0.8,1.0,1.0,1,0.021857222465291353,53,False,NOR_10Y,63,GFC,GFC,walk_forward
0.01,6,0.8,1.0,1.0,5,0.021857222465291353,53,False,NOR_10Y,63,GFC,GFC,walk_forward
0.01,6,0.8,1.0,5.0,1,0.022255143385405806,82,False,NOR_10Y,63,GFC,GFC,walk_forward
0.01,6,0.8,1.0,5.0,5,0.022255143385405806,82,False,NOR_10Y,63,GFC,GFC,walk_forward
0.01,6,0.8,1.0,10.0,1,0.022185467037537848,153,False,NOR_10Y,63,GFC,GFC,walk_forward
0.01,6,0.8,1.0,10.0,5,0.022185467037537848,153,False,NOR_10Y,63,GFC,GFC,walk_forward
0.01,6,1.0,0.8,1.0,1,0.02436189162871817,75,False,NOR_10Y,63,GFC,GFC,walk_forward
0.01,6,1.0,0.8,1.0,5,0.02436189162871817,75,False,NOR_10Y,63,GFC,GFC,walk_forward
0.01,6,1.0,0.8,5.0,1,0.0230933495900767,86,False,NOR_10Y,63,GFC,GFC,walk_forward
0.01,6,1.0,0.8,5.0,5,0.0230933495900767,86,False,NOR_10Y,63,GFC,GFC,walk_forward
0.01,6,1.0,0.8,10.0,1,0.022237846605577143,101,False,NOR_10Y,63,GFC,GFC,walk_forward
0.01,6,1.0,0.8,10.0,5,0.022237846605577143,101,False,NOR_10Y,63,GFC,GFC,walk_forward
0.01,6,1.0,1.0,1.0,1,0.021822126849049026,93,False,NOR_10Y,63,GFC,GFC,walk_forward
0.01,6,1.0,1.0,1.0,5,0.021822126849049026,93,False,NOR_10Y,63,GFC,GFC,walk_forward
0.01,6,1.0,1.0,5.0,1,0.021166597789638752,128,False,NOR_10Y,63,GFC,GFC,walk_forward
0.01,6,1.0,1.0,5.0,5,0.021166597789638752,128,False,NOR_10Y,63,GFC,GFC,walk_forward
0.01,6,1.0,1.0,10.0,1,0.021328094786110828,129,False,NOR_10Y,63,GFC,GFC,walk_forward
0.01,6,1.0,1.0,10.0,5,0.021328094786110828,129,False,NOR_10Y,63,GFC,GFC,walk_forward
0.05,4,0.8,0.8,1.0,1,0.019962593965142623,15,False,NOR_10Y,63,GFC,GFC,walk_forward
0.05,4,0.8,0.8,1.0,5,0.019962593965142623,15,False,NOR_10Y,63,GFC,GFC,walk_forward
0.05,4,0.8,0.8,5.0,1,0.020064091044348926,14,False,NOR_10Y,63,GFC,GFC,walk_forward
0.05,4,0.8,0.8,5.0,5,0.020064091044348926,14,False,NOR_10Y,63,GFC,GFC,walk_forward
0.05,4,0.8,0.8,10.0,1,0.021238848939103768,16,False,NOR_10Y,63,GFC,GFC,walk_forward
0.05,4,0.8,0.8,10.0,5,0.021238848939103768,16,False,NOR_10Y,63,GFC,GFC,walk_forward
0.05,4,0.8,1.0,1.0,1,0.021028480879636702,10,False,NOR_10Y,63,GFC,GFC,walk_forward
0.05,4,0.8,1.0,1.0,5,0.021028480879636702,10,False,NOR_10Y,63,GFC,GFC,walk_forward
0.05,4,0.8,1.0,5.0,1,0.021079462421298704,10,False,NOR_10Y,63,GFC,GFC,walk_forward
0.05,4,0.8,1.0,5.0,5,0.021079462421298704,10,False,NOR_10Y,63,GFC,GFC,walk_forward
0.05,4,0.8,1.0,10.0,1,0.020962592736541035,10,False,NOR_10Y,63,GFC,GFC,walk_forward
0.05,4,0.8,1.0,10.0,5,0.020962592736541035,10,False,NOR_10Y,63,GFC,GFC,walk_forward
0.05,4,1.0,0.8,1.0,1,0.018534606159983254,14,False,NOR_10Y,63,GFC,GFC,walk_forward
0.05,4,1.0,0.8,1.0,5,0.018534606159983254,14,False,NOR_10Y,63,GFC,GFC,walk_forward
0.05,4,1.0,0.8,5.0,1,0.01979344818767922,20,False,NOR_10Y,63,GFC,GFC,walk_forward
0.05,4,1.0,0.8,5.0,5,0.01979344818767922,20,False,NOR_10Y,63,GFC,GFC,walk_forward
0.05,4,1.0,0.8,10.0,1,0.0200300112874055,22,False,NOR_10Y,63,GFC,GFC,walk_forward
0.05,4,1.0,0.8,10.0,5,0.0200300112874055,22,False,NOR_10Y,63,GFC,GFC,walk_forward
0.05,4,1.0,1.0,1.0,1,0.024662685551144002,6,False,NOR_10Y,63,GFC,GFC,walk_forward
0.05,4,1.0,1.0,1.0,5,0.024662685551144002,6,False,NOR_10Y,63,GFC,GFC,walk_forward
0.05,4,1.0,1.0,5.0,1,0.023512794435828495,13,False,NOR_10Y,63,GFC,GFC,walk_forward
0.05,4,1.0,1.0,5.0,5,0.023512794435828495,13,False,NOR_10Y,63,GFC,GFC,walk_forward
0.05,4,1.0,1.0,10.0,1,0.023675287747906674,20,False,NOR_10Y,63,GFC,GFC,walk_forward
0.05,4,1.0,1.0,10.0,5,0.023675287747906674,20,False,NOR_10Y,63,GFC,GFC,walk_forward
0.05,6,0.8,0.8,1.0,1,0.022283883697235135,18,False,NOR_10Y,63,GFC,GFC,walk_forward
0.05,6,0.8,0.8,1.0,5,0.022283883697235135,18,False,NOR_10Y,63,GFC,GFC,walk_forward
0.05,6,0.8,0.8,5.0,1,0.02517229778205562,15,False,NOR_10Y,63,GFC,GFC,walk_forward
0.05,6,0.8,0.8,5.0,5,0.02517229778205562,15,False,NOR_10Y,63,GFC,GFC,walk_forward
0.05,6,0.8,0.8,10.0,1,0.023763323467024585,15,False,NOR_10Y,63,GFC,GFC,walk_forward
0.05,6,0.8,0.8,10.0,5,0.023763323467024585,15,False,NOR_10Y,63,GFC,GFC,walk_forward
0.05,6,0.8,1.0,1.0,1,0.021850916178180885,19,False,NOR_10Y,63,GFC,GFC,walk_forward
0.05,6,0.8,1.0,1.0,5,0.021850916178180885,19,False,NOR_10Y,63,GFC,GFC,walk_forward
0.05,6,0.8,1.0,5.0,1,0.023607901580980858,12,False,NOR_10Y,63,GFC,GFC,walk_forward
0.05,6,0.8,1.0,5.0,5,0.023607901580980858,12,False,NOR_10Y,63,GFC,GFC,walk_forward
0.05,6,0.8,1.0,10.0,1,0.023833084227234333,11,False,NOR_10Y,63,GFC,GFC,walk_forward
0.05,6,0.8,1.0,10.0,5,0.023833084227234333,11,False,NOR_10Y,63,GFC,GFC,walk_forward
0.05,6,1.0,0.8,1.0,1,0.0263531034109749,1,False,NOR_10Y,63,GFC,GFC,walk_forward
0.05,6,1.0,0.8,1.0,5,0.0263531034109749,1,False,NOR_10Y,63,GFC,GFC,walk_forward
0.05,6,1.0,0.8,5.0,1,0.024744496419592137,17,False,NOR_10Y,63,GFC,GFC,walk_forward
0.05,6,1.0,0.8,5.0,5,0.024744496419592137,17,False,NOR_10Y,63,GFC,GFC,walk_forward
0.05,6,1.0,0.8,10.0,1,0.025612486909184905,18,False,NOR_10Y,63,GFC,GFC,walk_forward
0.05,6,1.0,0.8,10.0,5,0.025612486909184905,18,False,NOR_10Y,63,GFC,GFC,walk_forward
0.05,6,1.0,1.0,1.0,1,0.01961339878999336,19,False,NOR_10Y,63,GFC,GFC,walk_forward
0.05,6,1.0,1.0,1.0,5,0.01961339878999336,19,False,NOR_10Y,63,GFC,GFC,walk_forward
0.05,6,1.0,1.0,5.0,1,0.018067055020004826,28,True,NOR_10Y,63,GFC,GFC,walk_forward
0.05,6,1.0,1.0,5.0,5,0.018067055020004826,28,False,NOR_10Y,63,GFC,GFC,walk_forward
0.05,6,1.0,1.0,10.0,1,0.019105489466935816,38,False,NOR_10Y,63,GFC,GFC,walk_forward
0.05,6,1.0,1.0,10.0,5,0.019105489466935816,38,False,NOR_10Y,63,GFC,GFC,walk_forward
0.1,4,0.8,0.8,1.0,1,0.02400490578024665,3,False,NOR_10Y,63,GFC,GFC,walk_forward
0.1,4,0.8,0.8,1.0,5,0.02400490578024665,3,False,NOR_10Y,63,GFC,GFC,walk_forward
0.1,4,0.8,0.8,5.0,1,0.020408009987979005,9,False,NOR_10Y,63,GFC,GFC,walk_forward
0.1,4,0.8,0.8,5.0,5,0.020408009987979005,9,False,NOR_10Y,63,GFC,GFC,walk_forward
0.1,4,0.8,0.8,10.0,1,0.022334294778727046,9,False,NOR_10Y,63,GFC,GFC,walk_forward
0.1,4,0.8,0.8,10.0,5,0.022334294778727046,9,False,NOR_10Y,63,GFC,GFC,walk_forward
0.1,4,0.8,1.0,1.0,1,0.0224423667837127,6,False,NOR_10Y,63,GFC,GFC,walk_forward
0.1,4,0.8,1.0,1.0,5,0.0224423667837127,6,False,NOR_10Y,63,GFC,GFC,walk_forward
0.1,4,0.8,1.0,5.0,1,0.021336038828623637,8,False,NOR_10Y,63,GFC,GFC,walk_forward
0.1,4,0.8,1.0,5.0,5,0.021336038828623637,8,False,NOR_10Y,63,GFC,GFC,walk_forward
0.1,4,0.8,1.0,10.0,1,0.022284718677511348,7,False,NOR_10Y,63,GFC,GFC,walk_forward
0.1,4,0.8,1.0,10.0,5,0.022284718677511348,7,False,NOR_10Y,63,GFC,GFC,walk_forward
0.1,4,1.0,0.8,1.0,1,0.019717104971145594,5,False,NOR_10Y,63,GFC,GFC,walk_forward
0.1,4,1.0,0.8,1.0,5,0.019717104971145594,5,False,NOR_10Y,63,GFC,GFC,walk_forward
0.1,4,1.0,0.8,5.0,1,0.018169720094118155,12,False,NOR_10Y,63,GFC,GFC,walk_forward
0.1,4,1.0,0.8,5.0,5,0.018169720094118155,12,False,NOR_10Y,63,GFC,GFC,walk_forward
0.1,4,1.0,0.8,10.0,1,0.019080019850299838,13,False,NOR_10Y,63,GFC,GFC,walk_forward
0.1,4,1.0,0.8,10.0,5,0.019080019850299838,13,False,NOR_10Y,63,GFC,GFC,walk_forward
0.1,4,1.0,1.0,1.0,1,0.023423742557003954,6,False,NOR_10Y,63,GFC,GFC,walk_forward
0.1,4,1.0,1.0,1.0,5,0.023423742557003954,6,False,NOR_10Y,63,GFC,GFC,walk_forward
0.1,4,1.0,1.0,5.0,1,0.02161067958902767,6,False,NOR_10Y,63,GFC,GFC,walk_forward
0.1,4,1.0,1.0,5.0,5,0.02161067958902767,6,False,NOR_10Y,63,GFC,GFC,walk_forward
0.1,4,1.0,1.0,10.0,1,0.019900496911292177,6,False,NOR_10Y,63,GFC,GFC,walk_forward
0.1,4,1.0,1.0,10.0,5,0.019900496911292177,6,False,NOR_10Y,63,GFC,GFC,walk_forward
0.1,6,0.8,0.8,1.0,1,0.024126086887362216,10,False,NOR_10Y,63,GFC,GFC,walk_forward
0.1,6,0.8,0.8,1.0,5,0.024126086887362216,10,False,NOR_10Y,63,GFC,GFC,walk_forward
0.1,6,0.8,0.8,5.0,1,0.02464085146841215,1,False,NOR_10Y,63,GFC,GFC,walk_forward
0.1,6,0.8,0.8,5.0,5,0.02464085146841215,1,False,NOR_10Y,63,GFC,GFC,walk_forward
0.1,6,0.8,0.8,10.0,1,0.024894610830128353,1,False,NOR_10Y,63,GFC,GFC,walk_forward
0.1,6,0.8,0.8,10.0,5,0.024894610830128353,1,False,NOR_10Y,63,GFC,GFC,walk_forward
0.1,6,0.8,1.0,1.0,1,0.025197072312792418,9,False,NOR_10Y,63,GFC,GFC,walk_forward
0.1,6,0.8,1.0,1.0,5,0.025197072312792418,9,False,NOR_10Y,63,GFC,GFC,walk_forward
0.1,6,0.8,1.0,5.0,1,0.023837917226360073,19,False,NOR_10Y,63,GFC,GFC,walk_forward
0.1,6,0.8,1.0,5.0,5,0.023837917226360073,19,False,NOR_10Y,63,GFC,GFC,walk_forward
0.1,6,0.8,1.0,10.0,1,0.02378726402772096,24,False,NOR_10Y,63,GFC,GFC,walk_forward
0.1,6,0.8,1.0,10.0,5,0.02378726402772096,24,False,NOR_10Y,63,GFC,GFC,walk_forward
0.1,6,1.0,0.8,1.0,1,0.02601746303592499,1,False,NOR_10Y,63,GFC,GFC,walk_forward
0.1,6,1.0,0.8,1.0,5,0.02601746303592499,1,False,NOR_10Y,63,GFC,GFC,walk_forward
0.1,6,1.0,0.8,5.0,1,0.025020033367632415,18,False,NOR_10Y,63,GFC,GFC,walk_forward
0.1,6,1.0,0.8,5.0,5,0.025020033367632415,18,False,NOR_10Y,63,GFC,GFC,walk_forward
0.1,6,1.0,0.8,10.0,1,0.025955751673053126,1,False,NOR_10Y,63,GFC,GFC,walk_forward
0.1,6,1.0,0.8,10.0,5,0.025955751673053126,1,False,NOR_10Y,63,GFC,GFC,walk_forward
0.1,6,1.0,1.0,1.0,1,0.02033557032385166,16,False,NOR_10Y,63,GFC,GFC,walk_forward
0.1,6,1.0,1.0,1.0,5,0.02033557032385166,16,False,NOR_10Y,63,GFC,GFC,walk_forward
0.1,6,1.0,1.0,5.0,1,0.02126061195023134,4,False,NOR_10Y,63,GFC,GFC,walk_forward
0.1,6,1.0,1.0,5.0,5,0.02126061195023134,4,False,NOR_10Y,63,GFC,GFC,walk_forward
0.1,6,1.0,1.0,10.0,1,0.020897304559434286,19,False,NOR_10Y,63,GFC,GFC,walk_forward
0.1,6,1.0,1.0,10.0,5,0.020897304559434286,19,False,NOR_10Y,63,GFC,GFC,walk_forward
0.01,4,0.8,0.8,1.0,1,0.04521238294864743,7,False,NOR_10Y,63,ZIRP_early,ZIRP,walk_forward
0.01,4,0.8,0.8,1.0,5,0.04521238294864743,7,False,NOR_10Y,63,ZIRP_early,ZIRP,walk_forward
0.01,4,0.8,0.8,5.0,1,0.045194718569351665,7,False,NOR_10Y,63,ZIRP_early,ZIRP,walk_forward
0.01,4,0.8,0.8,5.0,5,0.045194718569351665,7,False,NOR_10Y,63,ZIRP_early,ZIRP,walk_forward
0.01,4,0.8,0.8,10.0,1,0.045274132396462434,7,False,NOR_10Y,63,ZIRP_early,ZIRP,walk_forward
0.01,4,0.8,0.8,10.0,5,0.045274132396462434,7,False,NOR_10Y,63,ZIRP_early,ZIRP,walk_forward
0.01,4,0.8,1.0,1.0,1,0.045489079106324395,1,False,NOR_10Y,63,ZIRP_early,ZIRP,walk_forward
0.01,4,0.8,1.0,1.0,5,0.045489079106324395,1,False,NOR_10Y,63,ZIRP_early,ZIRP,walk_forward
0.01,4,0.8,1.0,5.0,1,0.04548848703630018,1,False,NOR_10Y,63,ZIRP_early,ZIRP,walk_forward
0.01,4,0.8,1.0,5.0,5,0.04548848703630018,1,False,NOR_10Y,63,ZIRP_early,ZIRP,walk_forward
0.01,4,0.8,1.0,10.0,1,0.04538304201510639,11,False,NOR_10Y,63,ZIRP_early,ZIRP,walk_forward
0.01,4,0.8,1.0,10.0,5,0.04538304201510639,11,False,NOR_10Y,63,ZIRP_early,ZIRP,walk_forward
0.01,4,1.0,0.8,1.0,1,0.04490389351560372,8,False,NOR_10Y,63,ZIRP_early,ZIRP,walk_forward
0.01,4,1.0,0.8,1.0,5,0.04490389351560372,8,False,NOR_10Y,63,ZIRP_early,ZIRP,walk_forward
0.01,4,1.0,0.8,5.0,1,0.044917912099405564,8,False,NOR_10Y,63,ZIRP_early,ZIRP,walk_forward
0.01,4,1.0,0.8,5.0,5,0.044917912099405564,8,False,NOR_10Y,63,ZIRP_early,ZIRP,walk_forward
0.01,4,1.0,0.8,10.0,1,0.04515356870108563,8,False,NOR_10Y,63,ZIRP_early,ZIRP,walk_forward
0.01,4,1.0,0.8,10.0,5,0.04515356870108563,8,False,NOR_10Y,63,ZIRP_early,ZIRP,walk_forward
0.01,4,1.0,1.0,1.0,1,0.04492923919455828,25,False,NOR_10Y,63,ZIRP_early,ZIRP,walk_forward
0.01,4,1.0,1.0,1.0,5,0.04492923919455828,25,False,NOR_10Y,63,ZIRP_early,ZIRP,walk_forward
0.01,4,1.0,1.0,5.0,1,0.04473624638411767,19,False,NOR_10Y,63,ZIRP_early,ZIRP,walk_forward
0.01,4,1.0,1.0,5.0,5,0.04473624638411767,19,False,NOR_10Y,63,ZIRP_early,ZIRP,walk_forward
0.01,4,1.0,1.0,10.0,1,0.04475775594944755,19,False,NOR_10Y,63,ZIRP_early,ZIRP,walk_forward
0.01,4,1.0,1.0,10.0,5,0.04475775594944755,19,False,NOR_10Y,63,ZIRP_early,ZIRP,walk_forward
0.01,6,0.8,0.8,1.0,1,0.04412516154829907,15,False,NOR_10Y,63,ZIRP_early,ZIRP,walk_forward
0.01,6,0.8,0.8,1.0,5,0.04412516154829907,15,False,NOR_10Y,63,ZIRP_early,ZIRP,walk_forward
0.01,6,0.8,0.8,5.0,1,0.04486202403596745,15,False,NOR_10Y,63,ZIRP_early,ZIRP,walk_forward
0.01,6,0.8,0.8,5.0,5,0.04486202403596745,15,False,NOR_10Y,63,ZIRP_early,ZIRP,walk_forward
0.01,6,0.8,0.8,10.0,1,0.04481492547651235,19,False,NOR_10Y,63,ZIRP_early,ZIRP,walk_forward
0.01,6,0.8,0.8,10.0,5,0.04481492547651235,19,False,NOR_10Y,63,ZIRP_early,ZIRP,walk_forward
0.01,6,0.8,1.0,1.0,1,0.04547087587298508,1,False,NOR_10Y,63,ZIRP_early,ZIRP,walk_forward
0.01,6,0.8,1.0,1.0,5,0.04547087587298508,1,False,NOR_10Y,63,ZIRP_early,ZIRP,walk_forward
0.01,6,0.8,1.0,5.0,1,0.043260456679326556,95,False,NOR_10Y,63,ZIRP_early,ZIRP,walk_forward
0.01,6,0.8,1.0,5.0,5,0.043260456679326556,95,False,NOR_10Y,63,ZIRP_early,ZIRP,walk_forward
0.01,6,0.8,1.0,10.0,1,0.0454672205568443,1,False,NOR_10Y,63,ZIRP_early,ZIRP,walk_forward
0.01,6,0.8,1.0,10.0,5,0.0454672205568443,1,False,NOR_10Y,63,ZIRP_early,ZIRP,walk_forward
0.01,6,1.0,0.8,1.0,1,0.04466137989536746,44,False,NOR_10Y,63,ZIRP_early,ZIRP,walk_forward
0.01,6,1.0,0.8,1.0,5,0.04466137989536746,44,False,NOR_10Y,63,ZIRP_early,ZIRP,walk_forward
0.01,6,1.0,0.8,5.0,1,0.04579562865111382,1,False,NOR_10Y,63,ZIRP_early,ZIRP,walk_forward
0.01,6,1.0,0.8,5.0,5,0.04579562865111382,1,False,NOR_10Y,63,ZIRP_early,ZIRP,walk_forward
0.01,6,1.0,0.8,10.0,1,0.045674710914038005,6,False,NOR_10Y,63,ZIRP_early,ZIRP,walk_forward
0.01,6,1.0,0.8,10.0,5,0.045674710914038005,6,False,NOR_10Y,63,ZIRP_early,ZIRP,walk_forward
0.01,6,1.0,1.0,1.0,1,0.04524244418458729,1,False,NOR_10Y,63,ZIRP_early,ZIRP,walk_forward
0.01,6,1.0,1.0,1.0,5,0.04524244418458729,1,False,NOR_10Y,63,ZIRP_early,ZIRP,walk_forward
0.01,6,1.0,1.0,5.0,1,0.04506514870001905,23,False,NOR_10Y,63,ZIRP_early,ZIRP,walk_forward
0.01,6,1.0,1.0,5.0,5,0.04506514870001905,23,False,NOR_10Y,63,ZIRP_early,ZIRP,walk_forward
0.01,6,1.0,1.0,10.0,1,0.04531268624032686,1,False,NOR_10Y,63,ZIRP_early,ZIRP,walk_forward
0.01,6,1.0,1.0,10.0,5,0.04531268624032686,1,False,NOR_10Y,63,ZIRP_early,ZIRP,walk_forward
0.05,4,0.8,0.8,1.0,1,0.0442177858571827,7,False,NOR_10Y,63,ZIRP_early,ZIRP,walk_forward
0.05,4,0.8,0.8,1.0,5,0.0442177858571827,7,False,NOR_10Y,63,ZIRP_early,ZIRP,walk_forward
0.05,4,0.8,0.8,5.0,1,0.04290691104331055,44,False,NOR_10Y,63,ZIRP_early,ZIRP,walk_forward
0.05,4,0.8,0.8,5.0,5,0.04290691104331055,44,False,NOR_10Y,63,ZIRP_early,ZIRP,walk_forward
0.05,4,0.8,0.8,10.0,1,0.044380949629356944,7,False,NOR_10Y,63,ZIRP_early,ZIRP,walk_forward
0.05,4,0.8,0.8,10.0,5,0.044380949629356944,7,False,NOR_10Y,63,ZIRP_early,ZIRP,walk_forward
0.05,4,0.8,1.0,1.0,1,0.04335911898031893,23,False,NOR_10Y,63,ZIRP_early,ZIRP,walk_forward
0.05,4,0.8,1.0,1.0,5,0.04335911898031893,23,False,NOR_10Y,63,ZIRP_early,ZIRP,walk_forward
0.05,4,0.8,1.0,5.0,1,0.04589158117274261,1,False,NOR_10Y,63,ZIRP_early,ZIRP,walk_forward
0.05,4,0.8,1.0,5.0,5,0.04589158117274261,1,False,NOR_10Y,63,ZIRP_early,ZIRP,walk_forward
0.05,4,0.8,1.0,10.0,1,0.042930585039999726,22,False,NOR_10Y,63,ZIRP_early,ZIRP,walk_forward
0.05,4,0.8,1.0,10.0,5,0.042930585039999726,22,False,NOR_10Y,63,ZIRP_early,ZIRP,walk_forward
0.05,4,1.0,0.8,1.0,1,0.043144020766439535,8,False,NOR_10Y,63,ZIRP_early,ZIRP,walk_forward
0.05,4,1.0,0.8,1.0,5,0.043144020766439535,8,False,NOR_10Y,63,ZIRP_early,ZIRP,walk_forward
0.05,4,1.0,0.8,5.0,1,0.042827570717982204,30,False,NOR_10Y,63,ZIRP_early,ZIRP,walk_forward
0.05,4,1.0,0.8,5.0,5,0.042827570717982204,30,False,NOR_10Y,63,ZIRP_early,ZIRP,walk_forward
0.05,4,1.0,0.8,10.0,1,0.04342864571121065,8,False,NOR_10Y,63,ZIRP_early,ZIRP,walk_forward
0.05,4,1.0,0.8,10.0,5,0.04342864571121065,8,False,NOR_10Y,63,ZIRP_early,ZIRP,walk_forward
0.05,4,1.0,1.0,1.0,1,0.03827206244875883,77,False,NOR_10Y,63,ZIRP_early,ZIRP,walk_forward
0.05,4,1.0,1.0,1.0,5,0.03827206244875883,77,False,NOR_10Y,63,ZIRP_early,ZIRP,walk_forward
0.05,4,1.0,1.0,5.0,1,0.03869344204737621,81,False,NOR_10Y,63,ZIRP_early,ZIRP,walk_forward
0.05,4,1.0,1.0,5.0,5,0.03869344204737621,81,False,NOR_10Y,63,ZIRP_early,ZIRP,walk_forward
0.05,4,1.0,1.0,10.0,1,0.0375262448680483,65,False,NOR_10Y,63,ZIRP_early,ZIRP,walk_forward
0.05,4,1.0,1.0,10.0,5,0.0375262448680483,65,False,NOR_10Y,63,ZIRP_early,ZIRP,walk_forward
0.05,6,0.8,0.8,1.0,1,0.04315017103069824,16,False,NOR_10Y,63,ZIRP_early,ZIRP,walk_forward
0.05,6,0.8,0.8,1.0,5,0.04315017103069824,16,False,NOR_10Y,63,ZIRP_early,ZIRP,walk_forward
0.05,6,0.8,0.8,5.0,1,0.0399564884906695,38,False,NOR_10Y,63,ZIRP_early,ZIRP,walk_forward
0.05,6,0.8,0.8,5.0,5,0.0399564884906695,38,False,NOR_10Y,63,ZIRP_early,ZIRP,walk_forward
0.05,6,0.8,0.8,10.0,1,0.041822673358015094,32,False,NOR_10Y,63,ZIRP_early,ZIRP,walk_forward
0.05,6,0.8,0.8,10.0,5,0.041822673358015094,32,False,NOR_10Y,63,ZIRP_early,ZIRP,walk_forward
0.05,6,0.8,1.0,1.0,1,0.04532136794990545,2,False,NOR_10Y,63,ZIRP_early,ZIRP,walk_forward
0.05,6,0.8,1.0,1.0,5,0.04532136794990545,2,False,NOR_10Y,63,ZIRP_early,ZIRP,walk_forward
0.05,6,0.8,1.0,5.0,1,0.045797591250681044,1,False,NOR_10Y,63,ZIRP_early,ZIRP,walk_forward
0.05,6,0.8,1.0,5.0,5,0.045797591250681044,1,False,NOR_10Y,63,ZIRP_early,ZIRP,walk_forward
0.05,6,0.8,1.0,10.0,1,0.045787206850732225,1,False,NOR_10Y,63,ZIRP_early,ZIRP,walk_forward
0.05,6,0.8,1.0,10.0,5,0.045787206850732225,1,False,NOR_10Y,63,ZIRP_early,ZIRP,walk_forward
0.05,6,1.0,0.8,1.0,1,0.04351013630925534,23,False,NOR_10Y,63,ZIRP_early,ZIRP,walk_forward
0.05,6,1.0,0.8,1.0,5,0.04351013630925534,23,False,NOR_10Y,63,ZIRP_early,ZIRP,walk_forward
0.05,6,1.0,0.8,5.0,1,0.04405124998626578,25,False,NOR_10Y,63,ZIRP_early,ZIRP,walk_forward
0.05,6,1.0,0.8,5.0,5,0.04405124998626578,25,False,NOR_10Y,63,ZIRP_early,ZIRP,walk_forward
0.05,6,1.0,0.8,10.0,1,0.045604697852251415,23,False,NOR_10Y,63,ZIRP_early,ZIRP,walk_forward
0.05,6,1.0,0.8,10.0,5,0.045604697852251415,23,False,NOR_10Y,63,ZIRP_early,ZIRP,walk_forward
0.05,6,1.0,1.0,1.0,1,0.04467335469145593,1,False,NOR_10Y,63,ZIRP_early,ZIRP,walk_forward
0.05,6,1.0,1.0,1.0,5,0.04467335469145593,1,False,NOR_10Y,63,ZIRP_early,ZIRP,walk_forward
0.05,6,1.0,1.0,5.0,1,0.04381271297708664,38,False,NOR_10Y,63,ZIRP_early,ZIRP,walk_forward
0.05,6,1.0,1.0,5.0,5,0.04381271297708664,38,False,NOR_10Y,63,ZIRP_early,ZIRP,walk_forward
0.05,6,1.0,1.0,10.0,1,0.04501455124521424,1,False,NOR_10Y,63,ZIRP_early,ZIRP,walk_forward
0.05,6,1.0,1.0,10.0,5,0.04501455124521424,1,False,NOR_10Y,63,ZIRP_early,ZIRP,walk_forward
0.1,4,0.8,0.8,1.0,1,0.03694384195658545,72,False,NOR_10Y,63,ZIRP_early,ZIRP,walk_forward
0.1,4,0.8,0.8,1.0,5,0.03694384195658545,72,False,NOR_10Y,63,ZIRP_early,ZIRP,walk_forward
0.1,4,0.8,0.8,5.0,1,0.04505588919517609,9,False,NOR_10Y,63,ZIRP_early,ZIRP,walk_forward
0.1,4,0.8,0.8,5.0,5,0.04505588919517609,9,False,NOR_10Y,63,ZIRP_early,ZIRP,walk_forward
0.1,4,0.8,0.8,10.0,1,0.04241569514285165,7,False,NOR_10Y,63,ZIRP_early,ZIRP,walk_forward
0.1,4,0.8,0.8,10.0,5,0.04241569514285165,7,False,NOR_10Y,63,ZIRP_early,ZIRP,walk_forward
0.1,4,0.8,1.0,1.0,1,0.046415848156549595,1,False,NOR_10Y,63,ZIRP_early,ZIRP,walk_forward
0.1,4,0.8,1.0,1.0,5,0.046415848156549595,1,False,NOR_10Y,63,ZIRP_early,ZIRP,walk_forward
0.1,4,0.8,1.0,5.0,1,0.04640947387607677,1,False,NOR_10Y,63,ZIRP_early,ZIRP,walk_forward
0.1,4,0.8,1.0,5.0,5,0.04640947387607677,1,False,NOR_10Y,63,ZIRP_early,ZIRP,walk_forward
0.1,4,0.8,1.0,10.0,1,0.04494126918768222,12,False,NOR_10Y,63,ZIRP_early,ZIRP,walk_forward
0.1,4,0.8,1.0,10.0,5,0.04494126918768222,12,False,NOR_10Y,63,ZIRP_early,ZIRP,walk_forward
0.1,4,1.0,0.8,1.0,1,0.03961159614780553,34,False,NOR_10Y,63,ZIRP_early,ZIRP,walk_forward
0.1,4,1.0,0.8,1.0,5,0.03961159614780553,34,False,NOR_10Y,63,ZIRP_early,ZIRP,walk_forward
0.1,4,1.0,0.8,5.0,1,0.03729152825942348,29,False,NOR_10Y,63,ZIRP_early,ZIRP,walk_forward
0.1,4,1.0,0.8,5.0,5,0.03729152825942348,29,False,NOR_10Y,63,ZIRP_early,ZIRP,walk_forward
0.1,4,1.0,0.8,10.0,1,0.04151638448132104,30,False,NOR_10Y,63,ZIRP_early,ZIRP,walk_forward
0.1,4,1.0,0.8,10.0,5,0.04151638448132104,30,False,NOR_10Y,63,ZIRP_early,ZIRP,walk_forward
0.1,4,1.0,1.0,1.0,1,0.03505303628565261,71,True,NOR_10Y,63,ZIRP_early,ZIRP,walk_forward
0.1,4,1.0,1.0,1.0,5,0.03505303628565261,71,False,NOR_10Y,63,ZIRP_early,ZIRP,walk_forward
0.1,4,1.0,1.0,5.0,1,0.03811970753093219,55,False,NOR_10Y,63,ZIRP_early,ZIRP,walk_forward
0.1,4,1.0,1.0,5.0,5,0.03811970753093219,55,False,NOR_10Y,63,ZIRP_early,ZIRP,walk_forward
0.1,4,1.0,1.0,10.0,1,0.03812528829487049,59,False,NOR_10Y,63,ZIRP_early,ZIRP,walk_forward
0.1,4,1.0,1.0,10.0,5,0.03812528829487049,59,False,NOR_10Y,63,ZIRP_early,ZIRP,walk_forward
0.1,6,0.8,0.8,1.0,1,0.043500075087398324,4,False,NOR_10Y,63,ZIRP_early,ZIRP,walk_forward
0.1,6,0.8,0.8,1.0,5,0.043500075087398324,4,False,NOR_10Y,63,ZIRP_early,ZIRP,walk_forward
0.1,6,0.8,0.8,5.0,1,0.03639383716180588,12,False,NOR_10Y,63,ZIRP_early,ZIRP,walk_forward
0.1,6,0.8,0.8,5.0,5,0.03639383716180588,12,False,NOR_10Y,63,ZIRP_early,ZIRP,walk_forward
0.1,6,0.8,0.8,10.0,1,0.038931171472089486,19,False,NOR_10Y,63,ZIRP_early,ZIRP,walk_forward
0.1,6,0.8,0.8,10.0,5,0.038931171472089486,19,False,NOR_10Y,63,ZIRP_early,ZIRP,walk_forward
0.1,6,0.8,1.0,1.0,1,0.03886245111602844,25,False,NOR_10Y,63,ZIRP_early,ZIRP,walk_forward
0.1,6,0.8,1.0,1.0,5,0.03886245111602844,25,False,NOR_10Y,63,ZIRP_early,ZIRP,walk_forward
0.1,6,0.8,1.0,5.0,1,0.04052224662006336,30,False,NOR_10Y,63,ZIRP_early,ZIRP,walk_forward
0.1,6,0.8,1.0,5.0,5,0.04052224662006336,30,False,NOR_10Y,63,ZIRP_early,ZIRP,walk_forward
0.1,6,0.8,1.0,10.0,1,0.042262082299958176,29,False,NOR_10Y,63,ZIRP_early,ZIRP,walk_forward
0.1,6,0.8,1.0,10.0,5,0.042262082299958176,29,False,NOR_10Y,63,ZIRP_early,ZIRP,walk_forward
0.1,6,1.0,0.8,1.0,1,0.045813355453892084,50,False,NOR_10Y,63,ZIRP_early,ZIRP,walk_forward
0.1,6,1.0,0.8,1.0,5,0.045813355453892084,50,False,NOR_10Y,63,ZIRP_early,ZIRP,walk_forward
0.1,6,1.0,0.8,5.0,1,0.04817633353520967,4,False,NOR_10Y,63,ZIRP_early,ZIRP,walk_forward
0.1,6,1.0,0.8,5.0,5,0.04817633353520967,4,False,NOR_10Y,63,ZIRP_early,ZIRP,walk_forward
0.1,6,1.0,0.8,10.0,1,0.04736778064516851,6,False,NOR_10Y,63,ZIRP_early,ZIRP,walk_forward
0.1,6,1.0,0.8,10.0,5,0.04736778064516851,6,False,NOR_10Y,63,ZIRP_early,ZIRP,walk_forward
0.1,6,1.0,1.0,1.0,1,0.04100577388588897,23,False,NOR_10Y,63,ZIRP_early,ZIRP,walk_forward
0.1,6,1.0,1.0,1.0,5,0.04100577388588897,23,False,NOR_10Y,63,ZIRP_early,ZIRP,walk_forward
0.1,6,1.0,1.0,5.0,1,0.0413647764272866,24,False,NOR_10Y,63,ZIRP_early,ZIRP,walk_forward
0.1,6,1.0,1.0,5.0,5,0.0413647764272866,24,False,NOR_10Y,63,ZIRP_early,ZIRP,walk_forward
0.1,6,1.0,1.0,10.0,1,0.04466034923368326,1,False,NOR_10Y,63,ZIRP_early,ZIRP,walk_forward
0.1,6,1.0,1.0,10.0,5,0.04466034923368326,1,False,NOR_10Y,63,ZIRP_early,ZIRP,walk_forward
0.01,4,0.8,0.8,1.0,1,0.07163838506591329,40,False,NOR_10Y,63,ZIRP_late,ZIRP,walk_forward
0.01,4,0.8,0.8,1.0,5,0.07163838506591329,40,False,NOR_10Y,63,ZIRP_late,ZIRP,walk_forward
0.01,4,0.8,0.8,5.0,1,0.071328266944027,54,False,NOR_10Y,63,ZIRP_late,ZIRP,walk_forward
0.01,4,0.8,0.8,5.0,5,0.071328266944027,54,False,NOR_10Y,63,ZIRP_late,ZIRP,walk_forward
0.01,4,0.8,0.8,10.0,1,0.07084073826301499,74,False,NOR_10Y,63,ZIRP_late,ZIRP,walk_forward
0.01,4,0.8,0.8,10.0,5,0.07084073826301499,74,False,NOR_10Y,63,ZIRP_late,ZIRP,walk_forward
0.01,4,0.8,1.0,1.0,1,0.07136142619657353,50,False,NOR_10Y,63,ZIRP_late,ZIRP,walk_forward
0.01,4,0.8,1.0,1.0,5,0.07136142619657353,50,False,NOR_10Y,63,ZIRP_late,ZIRP,walk_forward
0.01,4,0.8,1.0,5.0,1,0.0711252741846303,50,False,NOR_10Y,63,ZIRP_late,ZIRP,walk_forward
0.01,4,0.8,1.0,5.0,5,0.0711252741846303,50,False,NOR_10Y,63,ZIRP_late,ZIRP,walk_forward
0.01,4,0.8,1.0,10.0,1,0.07086145384250654,49,False,NOR_10Y,63,ZIRP_late,ZIRP,walk_forward
0.01,4,0.8,1.0,10.0,5,0.07086145384250654,49,False,NOR_10Y,63,ZIRP_late,ZIRP,walk_forward
0.01,4,1.0,0.8,1.0,1,0.07125563055242032,56,False,NOR_10Y,63,ZIRP_late,ZIRP,walk_forward
0.01,4,1.0,0.8,1.0,5,0.07125563055242032,56,False,NOR_10Y,63,ZIRP_late,ZIRP,walk_forward
0.01,4,1.0,0.8,5.0,1,0.07171786612316228,27,False,NOR_10Y,63,ZIRP_late,ZIRP,walk_forward
0.01,4,1.0,0.8,5.0,5,0.07171786612316228,27,False,NOR_10Y,63,ZIRP_late,ZIRP,walk_forward
0.01,4,1.0,0.8,10.0,1,0.07128426019276982,59,False,NOR_10Y,63,ZIRP_late,ZIRP,walk_forward
0.01,4,1.0,0.8,10.0,5,0.07128426019276982,59,False,NOR_10Y,63,ZIRP_late,ZIRP,walk_forward
0.01,4,1.0,1.0,1.0,1,0.0716140956451055,50,False,NOR_10Y,63,ZIRP_late,ZIRP,walk_forward
0.01,4,1.0,1.0,1.0,5,0.0716140956451055,50,False,NOR_10Y,63,ZIRP_late,ZIRP,walk_forward
0.01,4,1.0,1.0,5.0,1,0.07160499271163337,41,False,NOR_10Y,63,ZIRP_late,ZIRP,walk_forward
0.01,4,1.0,1.0,5.0,5,0.07160499271163337,41,False,NOR_10Y,63,ZIRP_late,ZIRP,walk_forward
0.01,4,1.0,1.0,10.0,1,0.07157318468641974,52,False,NOR_10Y,63,ZIRP_late,ZIRP,walk_forward
0.01,4,1.0,1.0,10.0,5,0.07157318468641974,52,False,NOR_10Y,63,ZIRP_late,ZIRP,walk_forward
0.01,6,0.8,0.8,1.0,1,0.07168461467821237,32,False,NOR_10Y,63,ZIRP_late,ZIRP,walk_forward
0.01,6,0.8,0.8,1.0,5,0.07168461467821237,32,False,NOR_10Y,63,ZIRP_late,ZIRP,walk_forward
0.01,6,0.8,0.8,5.0,1,0.0708864820820012,39,False,NOR_10Y,63,ZIRP_late,ZIRP,walk_forward
0.01,6,0.8,0.8,5.0,5,0.0708864820820012,39,False,NOR_10Y,63,ZIRP_late,ZIRP,walk_forward
0.01,6,0.8,0.8,10.0,1,0.0713880799993349,49,False,NOR_10Y,63,ZIRP_late,ZIRP,walk_forward
0.01,6,0.8,0.8,10.0,5,0.0713880799993349,49,False,NOR_10Y,63,ZIRP_late,ZIRP,walk_forward
0.01,6,0.8,1.0,1.0,1,0.07077927312653289,46,False,NOR_10Y,63,ZIRP_late,ZIRP,walk_forward
0.01,6,0.8,1.0,1.0,5,0.07077927312653289,46,False,NOR_10Y,63,ZIRP_late,ZIRP,walk_forward
0.01,6,0.8,1.0,5.0,1,0.07028741423594476,80,False,NOR_10Y,63,ZIRP_late,ZIRP,walk_forward
0.01,6,0.8,1.0,5.0,5,0.07028741423594476,80,False,NOR_10Y,63,ZIRP_late,ZIRP,walk_forward
0.01,6,0.8,1.0,10.0,1,0.07067608855003131,72,False,NOR_10Y,63,ZIRP_late,ZIRP,walk_forward
0.01,6,0.8,1.0,10.0,5,0.07067608855003131,72,False,NOR_10Y,63,ZIRP_late,ZIRP,walk_forward
0.01,6,1.0,0.8,1.0,1,0.07068148443020711,82,False,NOR_10Y,63,ZIRP_late,ZIRP,walk_forward
0.01,6,1.0,0.8,1.0,5,0.07068148443020711,82,False,NOR_10Y,63,ZIRP_late,ZIRP,walk_forward
0.01,6,1.0,0.8,5.0,1,0.0700629645162002,82,False,NOR_10Y,63,ZIRP_late,ZIRP,walk_forward
0.01,6,1.0,0.8,5.0,5,0.0700629645162002,82,False,NOR_10Y,63,ZIRP_late,ZIRP,walk_forward
0.01,6,1.0,0.8,10.0,1,0.07097544185085494,60,False,NOR_10Y,63,ZIRP_late,ZIRP,walk_forward
0.01,6,1.0,0.8,10.0,5,0.07097544185085494,60,False,NOR_10Y,63,ZIRP_late,ZIRP,walk_forward
0.01,6,1.0,1.0,1.0,1,0.07045587503945619,47,False,NOR_10Y,63,ZIRP_late,ZIRP,walk_forward
0.01,6,1.0,1.0,1.0,5,0.07045587503945619,47,False,NOR_10Y,63,ZIRP_late,ZIRP,walk_forward
0.01,6,1.0,1.0,5.0,1,0.07044551719286835,46,False,NOR_10Y,63,ZIRP_late,ZIRP,walk_forward
0.01,6,1.0,1.0,5.0,5,0.07044551719286835,46,False,NOR_10Y,63,ZIRP_late,ZIRP,walk_forward
0.01,6,1.0,1.0,10.0,1,0.07086987573222599,65,False,NOR_10Y,63,ZIRP_late,ZIRP,walk_forward
0.01,6,1.0,1.0,10.0,5,0.07086987573222599,65,False,NOR_10Y,63,ZIRP_late,ZIRP,walk_forward
0.05,4,0.8,0.8,1.0,1,0.0705916706395774,6,False,NOR_10Y,63,ZIRP_late,ZIRP,walk_forward
0.05,4,0.8,0.8,1.0,5,0.0705916706395774,6,False,NOR_10Y,63,ZIRP_late,ZIRP,walk_forward
0.05,4,0.8,0.8,5.0,1,0.06927994623988143,48,False,NOR_10Y,63,ZIRP_late,ZIRP,walk_forward
0.05,4,0.8,0.8,5.0,5,0.06927994623988143,48,False,NOR_10Y,63,ZIRP_late,ZIRP,walk_forward
0.05,4,0.8,0.8,10.0,1,0.07045936119807947,11,False,NOR_10Y,63,ZIRP_late,ZIRP,walk_forward
0.05,4,0.8,0.8,10.0,5,0.07045936119807947,11,False,NOR_10Y,63,ZIRP_late,ZIRP,walk_forward
0.05,4,0.8,1.0,1.0,1,0.071438263483236,7,False,NOR_10Y,63,ZIRP_late,ZIRP,walk_forward
0.05,4,0.8,1.0,1.0,5,0.071438263483236,7,False,NOR_10Y,63,ZIRP_late,ZIRP,walk_forward
0.05,4,0.8,1.0,5.0,1,0.07145459203854039,7,False,NOR_10Y,63,ZIRP_late,ZIRP,walk_forward
0.05,4,0.8,1.0,5.0,5,0.07145459203854039,7,False,NOR_10Y,63,ZIRP_late,ZIRP,walk_forward
0.05,4,0.8,1.0,10.0,1,0.07147446248731498,7,False,NOR_10Y,63,ZIRP_late,ZIRP,walk_forward
0.05,4,0.8,1.0,10.0,5,0.07147446248731498,7,False,NOR_10Y,63,ZIRP_late,ZIRP,walk_forward
0.05,4,1.0,0.8,1.0,1,0.06947548890918495,12,False,NOR_10Y,63,ZIRP_late,ZIRP,walk_forward
0.05,4,1.0,0.8,1.0,5,0.06947548890918495,12,False,NOR_10Y,63,ZIRP_late,ZIRP,walk_forward
0.05,4,1.0,0.8,5.0,1,0.06911668616638576,13,False,NOR_10Y,63,ZIRP_late,ZIRP,walk_forward
0.05,4,1.0,0.8,5.0,5,0.06911668616638576,13,False,NOR_10Y,63,ZIRP_late,ZIRP,walk_forward
0.05,4,1.0,0.8,10.0,1,0.07035492119767524,12,False,NOR_10Y,63,ZIRP_late,ZIRP,walk_forward
0.05,4,1.0,0.8,10.0,5,0.07035492119767524,12,False,NOR_10Y,63,ZIRP_late,ZIRP,walk_forward
0.05,4,1.0,1.0,1.0,1,0.07141771973952708,8,False,NOR_10Y,63,ZIRP_late,ZIRP,walk_forward
0.05,4,1.0,1.0,1.0,5,0.07141771973952708,8,False,NOR_10Y,63,ZIRP_late,ZIRP,walk_forward
0.05,4,1.0,1.0,5.0,1,0.07051613933443944,32,False,NOR_10Y,63,ZIRP_late,ZIRP,walk_forward
0.05,4,1.0,1.0,5.0,5,0.07051613933443944,32,False,NOR_10Y,63,ZIRP_late,ZIRP,walk_forward
0.05,4,1.0,1.0,10.0,1,0.07031850822172944,19,False,NOR_10Y,63,ZIRP_late,ZIRP,walk_forward
0.05,4,1.0,1.0,10.0,5,0.07031850822172944,19,False,NOR_10Y,63,ZIRP_late,ZIRP,walk_forward
0.05,6,0.8,0.8,1.0,1,0.07131056061128727,6,False,NOR_10Y,63,ZIRP_late,ZIRP,walk_forward
0.05,6,0.8,0.8,1.0,5,0.07131056061128727,6,False,NOR_10Y,63,ZIRP_late,ZIRP,walk_forward
0.05,6,0.8,0.8,5.0,1,0.07036798092827903,10,False,NOR_10Y,63,ZIRP_late,ZIRP,walk_forward
0.05,6,0.8,0.8,5.0,5,0.07036798092827903,10,False,NOR_10Y,63,ZIRP_late,ZIRP,walk_forward
0.05,6,0.8,0.8,10.0,1,0.06939137359515248,11,False,NOR_10Y,63,ZIRP_late,ZIRP,walk_forward
0.05,6,0.8,0.8,10.0,5,0.06939137359515248,11,False,NOR_10Y,63,ZIRP_late,ZIRP,walk_forward
0.05,6,0.8,1.0,1.0,1,0.06942927884144043,17,False,NOR_10Y,63,ZIRP_late,ZIRP,walk_forward
0.05,6,0.8,1.0,1.0,5,0.06942927884144043,17,False,NOR_10Y,63,ZIRP_late,ZIRP,walk_forward
0.05,6,0.8,1.0,5.0,1,0.06906720273308087,10,False,NOR_10Y,63,ZIRP_late,ZIRP,walk_forward
0.05,6,0.8,1.0,5.0,5,0.06906720273308087,10,False,NOR_10Y,63,ZIRP_late,ZIRP,walk_forward
0.05,6,0.8,1.0,10.0,1,0.0695109938485793,9,False,NOR_10Y,63,ZIRP_late,ZIRP,walk_forward
0.05,6,0.8,1.0,10.0,5,0.0695109938485793,9,False,NOR_10Y,63,ZIRP_late,ZIRP,walk_forward
0.05,6,1.0,0.8,1.0,1,0.07011456814254784,22,False,NOR_10Y,63,ZIRP_late,ZIRP,walk_forward
0.05,6,1.0,0.8,1.0,5,0.07011456814254784,22,False,NOR_10Y,63,ZIRP_late,ZIRP,walk_forward
0.05,6,1.0,0.8,5.0,1,0.06966342902179497,7,False,NOR_10Y,63,ZIRP_late,ZIRP,walk_forward
0.05,6,1.0,0.8,5.0,5,0.06966342902179497,7,False,NOR_10Y,63,ZIRP_late,ZIRP,walk_forward
0.05,6,1.0,0.8,10.0,1,0.06971442938018489,28,False,NOR_10Y,63,ZIRP_late,ZIRP,walk_forward
0.05,6,1.0,0.8,10.0,5,0.06971442938018489,28,False,NOR_10Y,63,ZIRP_late,ZIRP,walk_forward
0.05,6,1.0,1.0,1.0,1,0.06925831974059465,21,False,NOR_10Y,63,ZIRP_late,ZIRP,walk_forward
0.05,6,1.0,1.0,1.0,5,0.06925831974059465,21,False,NOR_10Y,63,ZIRP_late,ZIRP,walk_forward
0.05,6,1.0,1.0,5.0,1,0.06888782729096085,22,False,NOR_10Y,63,ZIRP_late,ZIRP,walk_forward
0.05,6,1.0,1.0,5.0,5,0.06888782729096085,22,False,NOR_10Y,63,ZIRP_late,ZIRP,walk_forward
0.05,6,1.0,1.0,10.0,1,0.07028326052764321,21,False,NOR_10Y,63,ZIRP_late,ZIRP,walk_forward
0.05,6,1.0,1.0,10.0,5,0.07028326052764321,21,False,NOR_10Y,63,ZIRP_late,ZIRP,walk_forward
0.1,4,0.8,0.8,1.0,1,0.06792186725269879,29,False,NOR_10Y,63,ZIRP_late,ZIRP,walk_forward
0.1,4,0.8,0.8,1.0,5,0.06792186725269879,29,False,NOR_10Y,63,ZIRP_late,ZIRP,walk_forward
0.1,4,0.8,0.8,5.0,1,0.06757205721220899,6,False,NOR_10Y,63,ZIRP_late,ZIRP,walk_forward
0.1,4,0.8,0.8,5.0,5,0.06757205721220899,6,False,NOR_10Y,63,ZIRP_late,ZIRP,walk_forward
0.1,4,0.8,0.8,10.0,1,0.06683242685334637,17,False,NOR_10Y,63,ZIRP_late,ZIRP,walk_forward
0.1,4,0.8,0.8,10.0,5,0.06683242685334637,17,False,NOR_10Y,63,ZIRP_late,ZIRP,walk_forward
0.1,4,0.8,1.0,1.0,1,0.07214580969109875,2,False,NOR_10Y,63,ZIRP_late,ZIRP,walk_forward
0.1,4,0.8,1.0,1.0,5,0.07214580969109875,2,False,NOR_10Y,63,ZIRP_late,ZIRP,walk_forward
0.1,4,0.8,1.0,5.0,1,0.07198621421589171,17,False,NOR_10Y,63,ZIRP_late,ZIRP,walk_forward
0.1,4,0.8,1.0,5.0,5,0.07198621421589171,17,False,NOR_10Y,63,ZIRP_late,ZIRP,walk_forward
0.1,4,0.8,1.0,10.0,1,0.07215466402455407,2,False,NOR_10Y,63,ZIRP_late,ZIRP,walk_forward
0.1,4,0.8,1.0,10.0,5,0.07215466402455407,2,False,NOR_10Y,63,ZIRP_late,ZIRP,walk_forward
0.1,4,1.0,0.8,1.0,1,0.0705915972763624,7,False,NOR_10Y,63,ZIRP_late,ZIRP,walk_forward
0.1,4,1.0,0.8,1.0,5,0.0705915972763624,7,False,NOR_10Y,63,ZIRP_late,ZIRP,walk_forward
0.1,4,1.0,0.8,5.0,1,0.07082109901055147,5,False,NOR_10Y,63,ZIRP_late,ZIRP,walk_forward
0.1,4,1.0,0.8,5.0,5,0.07082109901055147,5,False,NOR_10Y,63,ZIRP_late,ZIRP,walk_forward
0.1,4,1.0,0.8,10.0,1,0.06959664833115513,10,False,NOR_10Y,63,ZIRP_late,ZIRP,walk_forward
0.1,4,1.0,0.8,10.0,5,0.06959664833115513,10,False,NOR_10Y,63,ZIRP_late,ZIRP,walk_forward
0.1,4,1.0,1.0,1.0,1,0.07205931590064878,2,False,NOR_10Y,63,ZIRP_late,ZIRP,walk_forward
0.1,4,1.0,1.0,1.0,5,0.07205931590064878,2,False,NOR_10Y,63,ZIRP_late,ZIRP,walk_forward
0.1,4,1.0,1.0,5.0,1,0.07139198185192812,6,False,NOR_10Y,63,ZIRP_late,ZIRP,walk_forward
0.1,4,1.0,1.0,5.0,5,0.07139198185192812,6,False,NOR_10Y,63,ZIRP_late,ZIRP,walk_forward
0.1,4,1.0,1.0,10.0,1,0.07138590250928198,6,False,NOR_10Y,63,ZIRP_late,ZIRP,walk_forward
0.1,4,1.0,1.0,10.0,5,0.07138590250928198,6,False,NOR_10Y,63,ZIRP_late,ZIRP,walk_forward
0.1,6,0.8,0.8,1.0,1,0.06956157872883861,7,False,NOR_10Y,63,ZIRP_late,ZIRP,walk_forward
0.1,6,0.8,0.8,1.0,5,0.06956157872883861,7,False,NOR_10Y,63,ZIRP_late,ZIRP,walk_forward
0.1,6,0.8,0.8,5.0,1,0.06951333510492977,23,False,NOR_10Y,63,ZIRP_late,ZIRP,walk_forward
0.1,6,0.8,0.8,5.0,5,0.06951333510492977,23,False,NOR_10Y,63,ZIRP_late,ZIRP,walk_forward
0.1,6,0.8,0.8,10.0,1,0.0696540046854209,12,False,NOR_10Y,63,ZIRP_late,ZIRP,walk_forward
0.1,6,0.8,0.8,10.0,5,0.0696540046854209,12,False,NOR_10Y,63,ZIRP_late,ZIRP,walk_forward
0.1,6,0.8,1.0,1.0,1,0.0678745385989638,12,False,NOR_10Y,63,ZIRP_late,ZIRP,walk_forward
0.1,6,0.8,1.0,1.0,5,0.0678745385989638,12,False,NOR_10Y,63,ZIRP_late,ZIRP,walk_forward
0.1,6,0.8,1.0,5.0,1,0.06684170880829476,12,False,NOR_10Y,63,ZIRP_late,ZIRP,walk_forward
0.1,6,0.8,1.0,5.0,5,0.06684170880829476,12,False,NOR_10Y,63,ZIRP_late,ZIRP,walk_forward
0.1,6,0.8,1.0,10.0,1,0.06937495045458873,3,False,NOR_10Y,63,ZIRP_late,ZIRP,walk_forward
0.1,6,0.8,1.0,10.0,5,0.06937495045458873,3,False,NOR_10Y,63,ZIRP_late,ZIRP,walk_forward
0.1,6,1.0,0.8,1.0,1,0.06647443987668768,17,True,NOR_10Y,63,ZIRP_late,ZIRP,walk_forward
0.1,6,1.0,0.8,1.0,5,0.06647443987668768,17,False,NOR_10Y,63,ZIRP_late,ZIRP,walk_forward
0.1,6,1.0,0.8,5.0,1,0.06732085593409608,12,False,NOR_10Y,63,ZIRP_late,ZIRP,walk_forward
0.1,6,1.0,0.8,5.0,5,0.06732085593409608,12,False,NOR_10Y,63,ZIRP_late,ZIRP,walk_forward
0.1,6,1.0,0.8,10.0,1,0.06810310983978886,18,False,NOR_10Y,63,ZIRP_late,ZIRP,walk_forward
0.1,6,1.0,0.8,10.0,5,0.06810310983978886,18,False,NOR_10Y,63,ZIRP_late,ZIRP,walk_forward
0.1,6,1.0,1.0,1.0,1,0.07106319723056093,4,False,NOR_10Y,63,ZIRP_late,ZIRP,walk_forward
0.1,6,1.0,1.0,1.0,5,0.07106319723056093,4,False,NOR_10Y,63,ZIRP_late,ZIRP,walk_forward
0.1,6,1.0,1.0,5.0,1,0.06733832189452532,9,False,NOR_10Y,63,ZIRP_late,ZIRP,walk_forward
0.1,6,1.0,1.0,5.0,5,0.06733832189452532,9,False,NOR_10Y,63,ZIRP_late,ZIRP,walk_forward
0.1,6,1.0,1.0,10.0,1,0.07015037882032414,9,False,NOR_10Y,63,ZIRP_late,ZIRP,walk_forward
0.1,6,1.0,1.0,10.0,5,0.07015037882032414,9,False,NOR_10Y,63,ZIRP_late,ZIRP,walk_forward
0.01,4,0.8,0.8,1.0,1,0.033517886972735146,2,False,NOR_10Y,63,COVID,COVID,walk_forward
0.01,4,0.8,0.8,1.0,5,0.033517886972735146,2,False,NOR_10Y,63,COVID,COVID,walk_forward
0.01,4,0.8,0.8,5.0,1,0.033522171936065895,2,False,NOR_10Y,63,COVID,COVID,walk_forward
0.01,4,0.8,0.8,5.0,5,0.033522171936065895,2,False,NOR_10Y,63,COVID,COVID,walk_forward
0.01,4,0.8,0.8,10.0,1,0.03360717297643041,2,False,NOR_10Y,63,COVID,COVID,walk_forward
0.01,4,0.8,0.8,10.0,5,0.03360717297643041,2,False,NOR_10Y,63,COVID,COVID,walk_forward
0.01,4,0.8,1.0,1.0,1,0.033649805930883646,1,False,NOR_10Y,63,COVID,COVID,walk_forward
0.01,4,0.8,1.0,1.0,5,0.033649805930883646,1,False,NOR_10Y,63,COVID,COVID,walk_forward
0.01,4,0.8,1.0,5.0,1,0.03365041706893594,1,False,NOR_10Y,63,COVID,COVID,walk_forward
0.01,4,0.8,1.0,5.0,5,0.03365041706893594,1,False,NOR_10Y,63,COVID,COVID,walk_forward
0.01,4,0.8,1.0,10.0,1,0.03365114247941838,1,False,NOR_10Y,63,COVID,COVID,walk_forward
0.01,4,0.8,1.0,10.0,5,0.03365114247941838,1,False,NOR_10Y,63,COVID,COVID,walk_forward
0.01,4,1.0,0.8,1.0,1,0.033730693241244655,1,False,NOR_10Y,63,COVID,COVID,walk_forward
0.01,4,1.0,0.8,1.0,5,0.033730693241244655,1,False,NOR_10Y,63,COVID,COVID,walk_forward
0.01,4,1.0,0.8,5.0,1,0.03372624194287262,1,False,NOR_10Y,63,COVID,COVID,walk_forward
0.01,4,1.0,0.8,5.0,5,0.03372624194287262,1,False,NOR_10Y,63,COVID,COVID,walk_forward
0.01,4,1.0,0.8,10.0,1,0.033721466813171834,1,False,NOR_10Y,63,COVID,COVID,walk_forward
0.01,4,1.0,0.8,10.0,5,0.033721466813171834,1,False,NOR_10Y,63,COVID,COVID,walk_forward
0.01,4,1.0,1.0,1.0,1,0.03372848117096342,1,False,NOR_10Y,63,COVID,COVID,walk_forward
0.01,4,1.0,1.0,1.0,5,0.03372848117096342,1,False,NOR_10Y,63,COVID,COVID,walk_forward
0.01,4,1.0,1.0,5.0,1,0.033725851754441434,1,False,NOR_10Y,63,COVID,COVID,walk_forward
0.01,4,1.0,1.0,5.0,5,0.033725851754441434,1,False,NOR_10Y,63,COVID,COVID,walk_forward
0.01,4,1.0,1.0,10.0,1,0.03372279778147792,1,False,NOR_10Y,63,COVID,COVID,walk_forward
0.01,4,1.0,1.0,10.0,5,0.03372279778147792,1,False,NOR_10Y,63,COVID,COVID,walk_forward
0.01,6,0.8,0.8,1.0,1,0.033572191346998195,7,False,NOR_10Y,63,COVID,COVID,walk_forward
0.01,6,0.8,0.8,1.0,5,0.033572191346998195,7,False,NOR_10Y,63,COVID,COVID,walk_forward
0.01,6,0.8,0.8,5.0,1,0.03368899872809897,2,False,NOR_10Y,63,COVID,COVID,walk_forward
0.01,6,0.8,0.8,5.0,5,0.03368899872809897,2,False,NOR_10Y,63,COVID,COVID,walk_forward
0.01,6,0.8,0.8,10.0,1,0.03360552028928439,8,False,NOR_10Y,63,COVID,COVID,walk_forward
0.01,6,0.8,0.8,10.0,5,0.03360552028928439,8,False,NOR_10Y,63,COVID,COVID,walk_forward
0.01,6,0.8,1.0,1.0,1,0.03365370568710317,2,False,NOR_10Y,63,COVID,COVID,walk_forward
0.01,6,0.8,1.0,1.0,5,0.03365370568710317,2,False,NOR_10Y,63,COVID,COVID,walk_forward
0.01,6,0.8,1.0,5.0,1,0.033682452433932024,2,False,NOR_10Y,63,COVID,COVID,walk_forward
0.01,6,0.8,1.0,5.0,5,0.033682452433932024,2,False,NOR_10Y,63,COVID,COVID,walk_forward
0.01,6,0.8,1.0,10.0,1,0.033616328951748,2,False,NOR_10Y,63,COVID,COVID,walk_forward
0.01,6,0.8,1.0,10.0,5,0.033616328951748,2,False,NOR_10Y,63,COVID,COVID,walk_forward
0.01,6,1.0,0.8,1.0,1,0.03371217239138947,3,False,NOR_10Y,63,COVID,COVID,walk_forward
0.01,6,1.0,0.8,1.0,5,0.03371217239138947,3,False,NOR_10Y,63,COVID,COVID,walk_forward
0.01,6,1.0,0.8,5.0,1,0.03371963752832265,1,False,NOR_10Y,63,COVID,COVID,walk_forward
0.01,6,1.0,0.8,5.0,5,0.03371963752832265,1,False,NOR_10Y,63,COVID,COVID,walk_forward
0.01,6,1.0,0.8,10.0,1,0.03371468048440365,1,False,NOR_10Y,63,COVID,COVID,walk_forward
0.01,6,1.0,0.8,10.0,5,0.03371468048440365,1,False,NOR_10Y,63,COVID,COVID,walk_forward
0.01,6,1.0,1.0,1.0,1,0.033748155617886924,1,False,NOR_10Y,63,COVID,COVID,walk_forward
0.01,6,1.0,1.0,1.0,5,0.033748155617886924,1,False,NOR_10Y,63,COVID,COVID,walk_forward
0.01,6,1.0,1.0,5.0,1,0.0337175395600449,1,False,NOR_10Y,63,COVID,COVID,walk_forward
0.01,6,1.0,1.0,5.0,5,0.0337175395600449,1,False,NOR_10Y,63,COVID,COVID,walk_forward
0.01,6,1.0,1.0,10.0,1,0.03373867740348913,1,False,NOR_10Y,63,COVID,COVID,walk_forward
0.01,6,1.0,1.0,10.0,5,0.03373867740348913,1,False,NOR_10Y,63,COVID,COVID,walk_forward
0.05,4,0.8,0.8,1.0,1,0.03382664028888806,2,False,NOR_10Y,63,COVID,COVID,walk_forward
0.05,4,0.8,0.8,1.0,5,0.03382664028888806,2,False,NOR_10Y,63,COVID,COVID,walk_forward
0.05,4,0.8,0.8,5.0,1,0.033825928374923764,2,False,NOR_10Y,63,COVID,COVID,walk_forward
0.05,4,0.8,0.8,5.0,5,0.033825928374923764,2,False,NOR_10Y,63,COVID,COVID,walk_forward
0.05,4,0.8,0.8,10.0,1,0.033825036469298554,2,False,NOR_10Y,63,COVID,COVID,walk_forward
0.05,4,0.8,0.8,10.0,5,0.033825036469298554,2,False,NOR_10Y,63,COVID,COVID,walk_forward
0.05,4,0.8,1.0,1.0,1,0.03368260715893893,1,False,NOR_10Y,63,COVID,COVID,walk_forward
0.05,4,0.8,1.0,1.0,5,0.03368260715893893,1,False,NOR_10Y,63,COVID,COVID,walk_forward
0.05,4,0.8,1.0,5.0,1,0.03368447491189964,1,False,NOR_10Y,63,COVID,COVID,walk_forward
0.05,4,0.8,1.0,5.0,5,0.03368447491189964,1,False,NOR_10Y,63,COVID,COVID,walk_forward
0.05,4,0.8,1.0,10.0,1,0.03368670319705704,1,False,NOR_10Y,63,COVID,COVID,walk_forward
0.05,4,0.8,1.0,10.0,5,0.03368670319705704,1,False,NOR_10Y,63,COVID,COVID,walk_forward
0.05,4,1.0,0.8,1.0,1,0.03407338967120386,1,False,NOR_10Y,63,COVID,COVID,walk_forward
0.05,4,1.0,0.8,1.0,5,0.03407338967120386,1,False,NOR_10Y,63,COVID,COVID,walk_forward
0.05,4,1.0,0.8,5.0,1,0.034049596339505446,1,False,NOR_10Y,63,COVID,COVID,walk_forward
0.05,4,1.0,0.8,5.0,5,0.034049596339505446,1,False,NOR_10Y,63,COVID,COVID,walk_forward
0.05,4,1.0,0.8,10.0,1,0.03402416585463666,1,False,NOR_10Y,63,COVID,COVID,walk_forward
0.05,4,1.0,0.8,10.0,5,0.03402416585463666,1,False,NOR_10Y,63,COVID,COVID,walk_forward
0.05,4,1.0,1.0,1.0,1,0.034074948229259064,1,False,NOR_10Y,63,COVID,COVID,walk_forward
0.05,4,1.0,1.0,1.0,5,0.034074948229259064,1,False,NOR_10Y,63,COVID,COVID,walk_forward
0.05,4,1.0,1.0,5.0,1,0.0340602451414532,1,False,NOR_10Y,63,COVID,COVID,walk_forward
0.05,4,1.0,1.0,5.0,5,0.0340602451414532,1,False,NOR_10Y,63,COVID,COVID,walk_forward
0.05,4,1.0,1.0,10.0,1,0.03404319153623972,1,False,NOR_10Y,63,COVID,COVID,walk_forward
0.05,4,1.0,1.0,10.0,5,0.03404319153623972,1,False,NOR_10Y,63,COVID,COVID,walk_forward
0.05,6,0.8,0.8,1.0,1,0.0339083808974157,1,False,NOR_10Y,63,COVID,COVID,walk_forward
0.05,6,0.8,0.8,1.0,5,0.0339083808974157,1,False,NOR_10Y,63,COVID,COVID,walk_forward
0.05,6,0.8,0.8,5.0,1,0.03390709998756331,1,False,NOR_10Y,63,COVID,COVID,walk_forward
0.05,6,0.8,0.8,5.0,5,0.03390709998756331,1,False,NOR_10Y,63,COVID,COVID,walk_forward
0.05,6,0.8,0.8,10.0,1,0.033516065472402545,1,False,NOR_10Y,63,COVID,COVID,walk_forward
0.05,6,0.8,0.8,10.0,5,0.033516065472402545,1,False,NOR_10Y,63,COVID,COVID,walk_forward
0.05,6,0.8,1.0,1.0,1,0.03370505237476854,1,False,NOR_10Y,63,COVID,COVID,walk_forward
0.05,6,0.8,1.0,1.0,5,0.03370505237476854,1,False,NOR_10Y,63,COVID,COVID,walk_forward
0.05,6,0.8,1.0,5.0,1,0.03386130308499763,1,False,NOR_10Y,63,COVID,COVID,walk_forward
0.05,6,0.8,1.0,5.0,5,0.03386130308499763,1,False,NOR_10Y,63,COVID,COVID,walk_forward
0.05,6,0.8,1.0,10.0,1,0.033621852871562635,2,False,NOR_10Y,63,COVID,COVID,walk_forward
0.05,6,0.8,1.0,10.0,5,0.033621852871562635,2,False,NOR_10Y,63,COVID,COVID,walk_forward
0.05,6,1.0,0.8,1.0,1,0.034041402769984457,1,False,NOR_10Y,63,COVID,COVID,walk_forward
0.05,6,1.0,0.8,1.0,5,0.034041402769984457,1,False,NOR_10Y,63,COVID,COVID,walk_forward
0.05,6,1.0,0.8,5.0,1,0.03401662721844857,1,False,NOR_10Y,63,COVID,COVID,walk_forward
0.05,6,1.0,0.8,5.0,5,0.03401662721844857,1,False,NOR_10Y,63,COVID,COVID,walk_forward
0.05,6,1.0,0.8,10.0,1,0.033990146449018946,1,False,NOR_10Y,63,COVID,COVID,walk_forward
0.05,6,1.0,0.8,10.0,5,0.033990146449018946,1,False,NOR_10Y,63,COVID,COVID,walk_forward
0.05,6,1.0,1.0,1.0,1,0.034187124169357985,1,False,NOR_10Y,63,COVID,COVID,walk_forward
0.05,6,1.0,1.0,1.0,5,0.034187124169357985,1,False,NOR_10Y,63,COVID,COVID,walk_forward
0.05,6,1.0,1.0,5.0,1,0.03401908639358248,1,False,NOR_10Y,63,COVID,COVID,walk_forward
0.05,6,1.0,1.0,5.0,5,0.03401908639358248,1,False,NOR_10Y,63,COVID,COVID,walk_forward
0.05,6,1.0,1.0,10.0,1,0.03411426166295216,2,False,NOR_10Y,63,COVID,COVID,walk_forward
0.05,6,1.0,1.0,10.0,5,0.03411426166295216,2,False,NOR_10Y,63,COVID,COVID,walk_forward
0.1,4,0.8,0.8,1.0,1,0.03419610996005089,2,False,NOR_10Y,63,COVID,COVID,walk_forward
0.1,4,0.8,0.8,1.0,5,0.03419610996005089,2,False,NOR_10Y,63,COVID,COVID,walk_forward
0.1,4,0.8,0.8,5.0,1,0.034191225918001306,2,False,NOR_10Y,63,COVID,COVID,walk_forward
0.1,4,0.8,0.8,5.0,5,0.034191225918001306,2,False,NOR_10Y,63,COVID,COVID,walk_forward
0.1,4,0.8,0.8,10.0,1,0.034185207489850974,2,False,NOR_10Y,63,COVID,COVID,walk_forward
0.1,4,0.8,0.8,10.0,5,0.034185207489850974,2,False,NOR_10Y,63,COVID,COVID,walk_forward
0.1,4,0.8,1.0,1.0,1,0.03380263533077321,1,False,NOR_10Y,63,COVID,COVID,walk_forward
0.1,4,0.8,1.0,1.0,5,0.03380263533077321,1,False,NOR_10Y,63,COVID,COVID,walk_forward
0.1,4,0.8,1.0,5.0,1,0.03380340099318577,1,False,NOR_10Y,63,COVID,COVID,walk_forward
0.1,4,0.8,1.0,5.0,5,0.03380340099318577,1,False,NOR_10Y,63,COVID,COVID,walk_forward
0.1,4,0.8,1.0,10.0,1,0.03380436064505838,1,False,NOR_10Y,63,COVID,COVID,walk_forward
0.1,4,0.8,1.0,10.0,5,0.03380436064505838,1,False,NOR_10Y,63,COVID,COVID,walk_forward
0.1,4,1.0,0.8,1.0,1,0.03455006521910464,1,False,NOR_10Y,63,COVID,COVID,walk_forward
0.1,4,1.0,0.8,1.0,5,0.03455006521910464,1,False,NOR_10Y,63,COVID,COVID,walk_forward
0.1,4,1.0,0.8,5.0,1,0.03449863645822079,1,False,NOR_10Y,63,COVID,COVID,walk_forward
0.1,4,1.0,0.8,5.0,5,0.03449863645822079,1,False,NOR_10Y,63,COVID,COVID,walk_forward
0.1,4,1.0,0.8,10.0,1,0.03444388839983086,1,False,NOR_10Y,63,COVID,COVID,walk_forward
0.1,4,1.0,0.8,10.0,5,0.03444388839983086,1,False,NOR_10Y,63,COVID,COVID,walk_forward
0.1,4,1.0,1.0,1.0,1,0.034584729609604604,1,False,NOR_10Y,63,COVID,COVID,walk_forward
0.1,4,1.0,1.0,1.0,5,0.034584729609604604,1,False,NOR_10Y,63,COVID,COVID,walk_forward
0.1,4,1.0,1.0,5.0,1,0.0345514334222637,1,False,NOR_10Y,63,COVID,COVID,walk_forward
0.1,4,1.0,1.0,5.0,5,0.0345514334222637,1,False,NOR_10Y,63,COVID,COVID,walk_forward
0.1,4,1.0,1.0,10.0,1,0.034512866862310726,1,False,NOR_10Y,63,COVID,COVID,walk_forward
0.1,4,1.0,1.0,10.0,5,0.034512866862310726,1,False,NOR_10Y,63,COVID,COVID,walk_forward
0.1,6,0.8,0.8,1.0,1,0.034272805413482765,1,False,NOR_10Y,63,COVID,COVID,walk_forward
0.1,6,0.8,0.8,1.0,5,0.034272805413482765,1,False,NOR_10Y,63,COVID,COVID,walk_forward
0.1,6,0.8,0.8,5.0,1,0.03426822633193469,1,False,NOR_10Y,63,COVID,COVID,walk_forward
0.1,6,0.8,0.8,5.0,5,0.03426822633193469,1,False,NOR_10Y,63,COVID,COVID,walk_forward
0.1,6,0.8,0.8,10.0,1,0.033458816341584534,1,True,NOR_10Y,63,COVID,COVID,walk_forward
0.1,6,0.8,0.8,10.0,5,0.033458816341584534,1,False,NOR_10Y,63,COVID,COVID,walk_forward
0.1,6,0.8,1.0,1.0,1,0.03376147968686548,2,False,NOR_10Y,63,COVID,COVID,walk_forward
0.1,6,0.8,1.0,1.0,5,0.03376147968686548,2,False,NOR_10Y,63,COVID,COVID,walk_forward
0.1,6,0.8,1.0,5.0,1,0.03405571436496631,2,False,NOR_10Y,63,COVID,COVID,walk_forward
0.1,6,0.8,1.0,5.0,5,0.03405571436496631,2,False,NOR_10Y,63,COVID,COVID,walk_forward
0.1,6,0.8,1.0,10.0,1,0.033930497016818925,2,False,NOR_10Y,63,COVID,COVID,walk_forward
0.1,6,0.8,1.0,10.0,5,0.033930497016818925,2,False,NOR_10Y,63,COVID,COVID,walk_forward
0.1,6,1.0,0.8,1.0,1,0.03448654832593685,1,False,NOR_10Y,63,COVID,COVID,walk_forward
0.1,6,1.0,0.8,1.0,5,0.03448654832593685,1,False,NOR_10Y,63,COVID,COVID,walk_forward
0.1,6,1.0,0.8,5.0,1,0.034432830598413525,1,False,NOR_10Y,63,COVID,COVID,walk_forward
0.1,6,1.0,0.8,5.0,5,0.034432830598413525,1,False,NOR_10Y,63,COVID,COVID,walk_forward
0.1,6,1.0,0.8,10.0,1,0.03437563018731557,1,False,NOR_10Y,63,COVID,COVID,walk_forward
0.1,6,1.0,0.8,10.0,5,0.03437563018731557,1,False,NOR_10Y,63,COVID,COVID,walk_forward
0.1,6,1.0,1.0,1.0,1,0.034843590744023024,1,False,NOR_10Y,63,COVID,COVID,walk_forward
0.1,6,1.0,1.0,1.0,5,0.034843590744023024,1,False,NOR_10Y,63,COVID,COVID,walk_forward
0.1,6,1.0,1.0,5.0,1,0.034470121490663565,1,False,NOR_10Y,63,COVID,COVID,walk_forward
0.1,6,1.0,1.0,5.0,5,0.034470121490663565,1,False,NOR_10Y,63,COVID,COVID,walk_forward
0.1,6,1.0,1.0,10.0,1,0.03466601805909438,1,False,NOR_10Y,63,COVID,COVID,walk_forward
0.1,6,1.0,1.0,10.0,5,0.03466601805909438,1,False,NOR_10Y,63,COVID,COVID,walk_forward
0.01,4,0.8,0.8,1.0,1,0.088953001660095,2,False,NOR_10Y,63,Hiking,Hiking,walk_forward
0.01,4,0.8,0.8,1.0,5,0.088953001660095,2,False,NOR_10Y,63,Hiking,Hiking,walk_forward
0.01,4,0.8,0.8,5.0,1,0.08895769828294307,2,False,NOR_10Y,63,Hiking,Hiking,walk_forward
0.01,4,0.8,0.8,5.0,5,0.08895769828294307,2,False,NOR_10Y,63,Hiking,Hiking,walk_forward
0.01,4,0.8,0.8,10.0,1,0.08896251587318219,2,False,NOR_10Y,63,Hiking,Hiking,walk_forward
0.01,4,0.8,0.8,10.0,5,0.08896251587318219,2,False,NOR_10Y,63,Hiking,Hiking,walk_forward
0.01,4,0.8,1.0,1.0,1,0.0890694230534869,1,False,NOR_10Y,63,Hiking,Hiking,walk_forward
0.01,4,0.8,1.0,1.0,5,0.0890694230534869,1,False,NOR_10Y,63,Hiking,Hiking,walk_forward
0.01,4,0.8,1.0,5.0,1,0.08906713738761297,1,False,NOR_10Y,63,Hiking,Hiking,walk_forward
0.01,4,0.8,1.0,5.0,5,0.08906713738761297,1,False,NOR_10Y,63,Hiking,Hiking,walk_forward
0.01,4,0.8,1.0,10.0,1,0.08906438263941406,1,False,NOR_10Y,63,Hiking,Hiking,walk_forward
0.01,4,0.8,1.0,10.0,5,0.08906438263941406,1,False,NOR_10Y,63,Hiking,Hiking,walk_forward
0.01,4,1.0,0.8,1.0,1,0.08904960538766354,1,False,NOR_10Y,63,Hiking,Hiking,walk_forward
0.01,4,1.0,0.8,1.0,5,0.08904960538766354,1,False,NOR_10Y,63,Hiking,Hiking,walk_forward
0.01,4,1.0,0.8,5.0,1,0.08904810221785829,1,False,NOR_10Y,63,Hiking,Hiking,walk_forward
0.01,4,1.0,0.8,5.0,5,0.08904810221785829,1,False,NOR_10Y,63,Hiking,Hiking,walk_forward
0.01,4,1.0,0.8,10.0,1,0.08904626961539222,1,False,NOR_10Y,63,Hiking,Hiking,walk_forward
0.01,4,1.0,0.8,10.0,5,0.08904626961539222,1,False,NOR_10Y,63,Hiking,Hiking,walk_forward
0.01,4,1.0,1.0,1.0,1,0.08901458025375565,1,False,NOR_10Y,63,Hiking,Hiking,walk_forward
0.01,4,1.0,1.0,1.0,5,0.08901458025375565,1,False,NOR_10Y,63,Hiking,Hiking,walk_forward
0.01,4,1.0,1.0,5.0,1,0.08901249428693683,1,False,NOR_10Y,63,Hiking,Hiking,walk_forward
0.01,4,1.0,1.0,5.0,5,0.08901249428693683,1,False,NOR_10Y,63,Hiking,Hiking,walk_forward
0.01,4,1.0,1.0,10.0,1,0.08900999375116236,1,False,NOR_10Y,63,Hiking,Hiking,walk_forward
0.01,4,1.0,1.0,10.0,5,0.08900999375116236,1,False,NOR_10Y,63,Hiking,Hiking,walk_forward
0.01,6,0.8,0.8,1.0,1,0.0889525582765052,1,True,NOR_10Y,63,Hiking,Hiking,walk_forward
0.01,6,0.8,0.8,1.0,5,0.0889525582765052,1,False,NOR_10Y,63,Hiking,Hiking,walk_forward
0.01,6,0.8,0.8,5.0,1,0.0889618346958045,1,False,NOR_10Y,63,Hiking,Hiking,walk_forward
0.01,6,0.8,0.8,5.0,5,0.0889618346958045,1,False,NOR_10Y,63,Hiking,Hiking,walk_forward
0.01,6,0.8,0.8,10.0,1,0.08896574036808415,1,False,NOR_10Y,63,Hiking,Hiking,walk_forward
0.01,6,0.8,0.8,10.0,5,0.08896574036808415,1,False,NOR_10Y,63,Hiking,Hiking,walk_forward
0.01,6,0.8,1.0,1.0,1,0.08903408117257118,1,False,NOR_10Y,63,Hiking,Hiking,walk_forward
0.01,6,0.8,1.0,1.0,5,0.08903408117257118,1,False,NOR_10Y,63,Hiking,Hiking,walk_forward
0.01,6,0.8,1.0,5.0,1,0.08903495889128818,1,False,NOR_10Y,63,Hiking,Hiking,walk_forward
0.01,6,0.8,1.0,5.0,5,0.08903495889128818,1,False,NOR_10Y,63,Hiking,Hiking,walk_forward
0.01,6,0.8,1.0,10.0,1,0.08903319340565574,1,False,NOR_10Y,63,Hiking,Hiking,walk_forward
0.01,6,0.8,1.0,10.0,5,0.08903319340565574,1,False,NOR_10Y,63,Hiking,Hiking,walk_forward
0.01,6,1.0,0.8,1.0,1,0.08903771024371403,1,False,NOR_10Y,63,Hiking,Hiking,walk_forward
0.01,6,1.0,0.8,1.0,5,0.08903771024371403,1,False,NOR_10Y,63,Hiking,Hiking,walk_forward
0.01,6,1.0,0.8,5.0,1,0.0890510942190777,1,False,NOR_10Y,63,Hiking,Hiking,walk_forward
0.01,6,1.0,0.8,5.0,5,0.0890510942190777,1,False,NOR_10Y,63,Hiking,Hiking,walk_forward
0.01,6,1.0,0.8,10.0,1,0.08899989509535212,1,False,NOR_10Y,63,Hiking,Hiking,walk_forward
0.01,6,1.0,0.8,10.0,5,0.08899989509535212,1,False,NOR_10Y,63,Hiking,Hiking,walk_forward
0.01,6,1.0,1.0,1.0,1,0.0890758366512398,1,False,NOR_10Y,63,Hiking,Hiking,walk_forward
0.01,6,1.0,1.0,1.0,5,0.0890758366512398,1,False,NOR_10Y,63,Hiking,Hiking,walk_forward
0.01,6,1.0,1.0,5.0,1,0.08897202764041315,1,False,NOR_10Y,63,Hiking,Hiking,walk_forward
0.01,6,1.0,1.0,5.0,5,0.08897202764041315,1,False,NOR_10Y,63,Hiking,Hiking,walk_forward
0.01,6,1.0,1.0,10.0,1,0.08896621813596584,1,False,NOR_10Y,63,Hiking,Hiking,walk_forward
0.01,6,1.0,1.0,10.0,5,0.08896621813596584,1,False,NOR_10Y,63,Hiking,Hiking,walk_forward
0.05,4,0.8,0.8,1.0,1,0.08928047992884959,2,False,NOR_10Y,63,Hiking,Hiking,walk_forward
0.05,4,0.8,0.8,1.0,5,0.08928047992884959,2,False,NOR_10Y,63,Hiking,Hiking,walk_forward
0.05,4,0.8,0.8,5.0,1,0.08927385886629509,2,False,NOR_10Y,63,Hiking,Hiking,walk_forward
0.05,4,0.8,0.8,5.0,5,0.08927385886629509,2,False,NOR_10Y,63,Hiking,Hiking,walk_forward
0.05,4,0.8,0.8,10.0,1,0.08929276085404238,2,False,NOR_10Y,63,Hiking,Hiking,walk_forward
0.05,4,0.8,0.8,10.0,5,0.08929276085404238,2,False,NOR_10Y,63,Hiking,Hiking,walk_forward
0.05,4,0.8,1.0,1.0,1,0.08978800436743574,1,False,NOR_10Y,63,Hiking,Hiking,walk_forward
0.05,4,0.8,1.0,1.0,5,0.08978800436743574,1,False,NOR_10Y,63,Hiking,Hiking,walk_forward
0.05,4,0.8,1.0,5.0,1,0.08977395723145086,1,False,NOR_10Y,63,Hiking,Hiking,walk_forward
0.05,4,0.8,1.0,5.0,5,0.08977395723145086,1,False,NOR_10Y,63,Hiking,Hiking,walk_forward
0.05,4,0.8,1.0,10.0,1,0.089757083531158,1,False,NOR_10Y,63,Hiking,Hiking,walk_forward
0.05,4,0.8,1.0,10.0,5,0.089757083531158,1,False,NOR_10Y,63,Hiking,Hiking,walk_forward
0.05,4,1.0,0.8,1.0,1,0.08964056391757637,1,False,NOR_10Y,63,Hiking,Hiking,walk_forward
0.05,4,1.0,0.8,1.0,5,0.08964056391757637,1,False,NOR_10Y,63,Hiking,Hiking,walk_forward
0.05,4,1.0,0.8,5.0,1,0.0896323135291938,1,False,NOR_10Y,63,Hiking,Hiking,walk_forward
0.05,4,1.0,0.8,5.0,5,0.0896323135291938,1,False,NOR_10Y,63,Hiking,Hiking,walk_forward
0.05,4,1.0,0.8,10.0,1,0.08962226623451125,1,False,NOR_10Y,63,Hiking,Hiking,walk_forward
0.05,4,1.0,0.8,10.0,5,0.08962226623451125,1,False,NOR_10Y,63,Hiking,Hiking,walk_forward
0.05,4,1.0,1.0,1.0,1,0.08950109252778175,1,False,NOR_10Y,63,Hiking,Hiking,walk_forward
0.05,4,1.0,1.0,1.0,5,0.08950109252778175,1,False,NOR_10Y,63,Hiking,Hiking,walk_forward
0.05,4,1.0,1.0,5.0,1,0.08948834572721681,1,False,NOR_10Y,63,Hiking,Hiking,walk_forward
0.05,4,1.0,1.0,5.0,5,0.08948834572721681,1,False,NOR_10Y,63,Hiking,Hiking,walk_forward
0.05,4,1.0,1.0,10.0,1,0.08947310779594894,1,False,NOR_10Y,63,Hiking,Hiking,walk_forward
0.05,4,1.0,1.0,10.0,5,0.08947310779594894,1,False,NOR_10Y,63,Hiking,Hiking,walk_forward
0.05,6,0.8,0.8,1.0,1,0.08917152115322324,1,False,NOR_10Y,63,Hiking,Hiking,walk_forward
0.05,6,0.8,0.8,1.0,5,0.08917152115322324,1,False,NOR_10Y,63,Hiking,Hiking,walk_forward
0.05,6,0.8,0.8,5.0,1,0.08921081342219016,1,False,NOR_10Y,63,Hiking,Hiking,walk_forward
0.05,6,0.8,0.8,5.0,5,0.08921081342219016,1,False,NOR_10Y,63,Hiking,Hiking,walk_forward
0.05,6,0.8,0.8,10.0,1,0.0892274438849436,1,False,NOR_10Y,63,Hiking,Hiking,walk_forward
0.05,6,0.8,0.8,10.0,5,0.0892274438849436,1,False,NOR_10Y,63,Hiking,Hiking,walk_forward
0.05,6,0.8,1.0,1.0,1,0.08964898858231839,1,False,NOR_10Y,63,Hiking,Hiking,walk_forward
0.05,6,0.8,1.0,1.0,5,0.08964898858231839,1,False,NOR_10Y,63,Hiking,Hiking,walk_forward
0.05,6,0.8,1.0,5.0,1,0.08963285722756403,1,False,NOR_10Y,63,Hiking,Hiking,walk_forward
0.05,6,0.8,1.0,5.0,5,0.08963285722756403,1,False,NOR_10Y,63,Hiking,Hiking,walk_forward
0.05,6,0.8,1.0,10.0,1,0.08961031465258397,1,False,NOR_10Y,63,Hiking,Hiking,walk_forward
0.05,6,0.8,1.0,10.0,5,0.08961031465258397,1,False,NOR_10Y,63,Hiking,Hiking,walk_forward
0.05,6,1.0,0.8,1.0,1,0.0895942477907427,1,False,NOR_10Y,63,Hiking,Hiking,walk_forward
0.05,6,1.0,0.8,1.0,5,0.0895942477907427,1,False,NOR_10Y,63,Hiking,Hiking,walk_forward
0.05,6,1.0,0.8,5.0,1,0.08965743044323383,1,False,NOR_10Y,63,Hiking,Hiking,walk_forward
0.05,6,1.0,0.8,5.0,5,0.08965743044323383,1,False,NOR_10Y,63,Hiking,Hiking,walk_forward
0.05,6,1.0,0.8,10.0,1,0.0893980002535545,1,False,NOR_10Y,63,Hiking,Hiking,walk_forward
0.05,6,1.0,0.8,10.0,5,0.0893980002535545,1,False,NOR_10Y,63,Hiking,Hiking,walk_forward
0.05,6,1.0,1.0,1.0,1,0.08988210098795053,1,False,NOR_10Y,63,Hiking,Hiking,walk_forward
0.05,6,1.0,1.0,1.0,5,0.08988210098795053,1,False,NOR_10Y,63,Hiking,Hiking,walk_forward
0.05,6,1.0,1.0,5.0,1,0.08930212755793387,1,False,NOR_10Y,63,Hiking,Hiking,walk_forward
0.05,6,1.0,1.0,5.0,5,0.08930212755793387,1,False,NOR_10Y,63,Hiking,Hiking,walk_forward
0.05,6,1.0,1.0,10.0,1,0.08926244752460824,1,False,NOR_10Y,63,Hiking,Hiking,walk_forward
0.05,6,1.0,1.0,10.0,5,0.08926244752460824,1,False,NOR_10Y,63,Hiking,Hiking,walk_forward
0.1,4,0.8,0.8,1.0,1,0.08979082829150212,1,False,NOR_10Y,63,Hiking,Hiking,walk_forward
0.1,4,0.8,0.8,1.0,5,0.08979082829150212,1,False,NOR_10Y,63,Hiking,Hiking,walk_forward
0.1,4,0.8,0.8,5.0,1,0.0898299870023055,1,False,NOR_10Y,63,Hiking,Hiking,walk_forward
0.1,4,0.8,0.8,5.0,5,0.0898299870023055,1,False,NOR_10Y,63,Hiking,Hiking,walk_forward
0.1,4,0.8,0.8,10.0,1,0.08986943153901579,1,False,NOR_10Y,63,Hiking,Hiking,walk_forward
0.1,4,0.8,0.8,10.0,5,0.08986943153901579,1,False,NOR_10Y,63,Hiking,Hiking,walk_forward
0.1,4,0.8,1.0,1.0,1,0.09087058334330098,1,False,NOR_10Y,63,Hiking,Hiking,walk_forward
0.1,4,0.8,1.0,1.0,5,0.09087058334330098,1,False,NOR_10Y,63,Hiking,Hiking,walk_forward
0.1,4,0.8,1.0,5.0,1,0.09083594205591831,1,False,NOR_10Y,63,Hiking,Hiking,walk_forward
0.1,4,0.8,1.0,5.0,5,0.09083594205591831,1,False,NOR_10Y,63,Hiking,Hiking,walk_forward
0.1,4,0.8,1.0,10.0,1,0.09079444475844183,1,False,NOR_10Y,63,Hiking,Hiking,walk_forward
0.1,4,0.8,1.0,10.0,5,0.09079444475844183,1,False,NOR_10Y,63,Hiking,Hiking,walk_forward
0.1,4,1.0,0.8,1.0,1,0.0904548221520796,1,False,NOR_10Y,63,Hiking,Hiking,walk_forward
0.1,4,1.0,0.8,1.0,5,0.0904548221520796,1,False,NOR_10Y,63,Hiking,Hiking,walk_forward
0.1,4,1.0,0.8,5.0,1,0.09043648502764093,1,False,NOR_10Y,63,Hiking,Hiking,walk_forward
0.1,4,1.0,0.8,5.0,5,0.09043648502764093,1,False,NOR_10Y,63,Hiking,Hiking,walk_forward
0.1,4,1.0,0.8,10.0,1,0.09041417973326946,1,False,NOR_10Y,63,Hiking,Hiking,walk_forward
0.1,4,1.0,0.8,10.0,5,0.09041417973326946,1,False,NOR_10Y,63,Hiking,Hiking,walk_forward
0.1,4,1.0,1.0,1.0,1,0.09026501508733226,1,False,NOR_10Y,63,Hiking,Hiking,walk_forward
0.1,4,1.0,1.0,1.0,5,0.09026501508733226,1,False,NOR_10Y,63,Hiking,Hiking,walk_forward
0.1,4,1.0,1.0,5.0,1,0.09023372907105079,1,False,NOR_10Y,63,Hiking,Hiking,walk_forward
0.1,4,1.0,1.0,5.0,5,0.09023372907105079,1,False,NOR_10Y,63,Hiking,Hiking,walk_forward
0.1,4,1.0,1.0,10.0,1,0.09019641507875434,1,False,NOR_10Y,63,Hiking,Hiking,walk_forward
0.1,4,1.0,1.0,10.0,5,0.09019641507875434,1,False,NOR_10Y,63,Hiking,Hiking,walk_forward
0.1,6,0.8,0.8,1.0,1,0.08955721864678419,1,False,NOR_10Y,63,Hiking,Hiking,walk_forward
0.1,6,0.8,0.8,1.0,5,0.08955721864678419,1,False,NOR_10Y,63,Hiking,Hiking,walk_forward
0.1,6,0.8,0.8,5.0,1,0.08961807861173945,1,False,NOR_10Y,63,Hiking,Hiking,walk_forward
0.1,6,0.8,0.8,5.0,5,0.08961807861173945,1,False,NOR_10Y,63,Hiking,Hiking,walk_forward
0.1,6,0.8,0.8,10.0,1,0.08964409478888322,1,False,NOR_10Y,63,Hiking,Hiking,walk_forward
0.1,6,0.8,0.8,10.0,5,0.08964409478888322,1,False,NOR_10Y,63,Hiking,Hiking,walk_forward
0.1,6,0.8,1.0,1.0,1,0.09068678583729918,1,False,NOR_10Y,63,Hiking,Hiking,walk_forward
0.1,6,0.8,1.0,1.0,5,0.09068678583729918,1,False,NOR_10Y,63,Hiking,Hiking,walk_forward
0.1,6,0.8,1.0,5.0,1,0.09060322325701084,1,False,NOR_10Y,63,Hiking,Hiking,walk_forward
0.1,6,0.8,1.0,5.0,5,0.09060322325701084,1,False,NOR_10Y,63,Hiking,Hiking,walk_forward
0.1,6,0.8,1.0,10.0,1,0.09052385024114784,1,False,NOR_10Y,63,Hiking,Hiking,walk_forward
0.1,6,0.8,1.0,10.0,5,0.09052385024114784,1,False,NOR_10Y,63,Hiking,Hiking,walk_forward
0.1,6,1.0,0.8,1.0,1,0.09039508888592998,1,False,NOR_10Y,63,Hiking,Hiking,walk_forward
0.1,6,1.0,0.8,1.0,5,0.09039508888592998,1,False,NOR_10Y,63,Hiking,Hiking,walk_forward
0.1,6,1.0,0.8,5.0,1,0.09051211112394865,1,False,NOR_10Y,63,Hiking,Hiking,walk_forward
0.1,6,1.0,0.8,5.0,5,0.09051211112394865,1,False,NOR_10Y,63,Hiking,Hiking,walk_forward
0.1,6,1.0,0.8,10.0,1,0.08998466434088272,1,False,NOR_10Y,63,Hiking,Hiking,walk_forward
0.1,6,1.0,0.8,10.0,5,0.08998466434088272,1,False,NOR_10Y,63,Hiking,Hiking,walk_forward
0.1,6,1.0,1.0,1.0,1,0.09121384815927523,1,False,NOR_10Y,63,Hiking,Hiking,walk_forward
0.1,6,1.0,1.0,1.0,5,0.09121384815927523,1,False,NOR_10Y,63,Hiking,Hiking,walk_forward
0.1,6,1.0,1.0,5.0,1,0.08990158040929204,1,False,NOR_10Y,63,Hiking,Hiking,walk_forward
0.1,6,1.0,1.0,5.0,5,0.08990158040929204,1,False,NOR_10Y,63,Hiking,Hiking,walk_forward
0.1,6,1.0,1.0,10.0,1,0.08979563906787119,1,False,NOR_10Y,63,Hiking,Hiking,walk_forward
0.1,6,1.0,1.0,10.0,5,0.08979563906787119,1,False,NOR_10Y,63,Hiking,Hiking,walk_forward
