security,horizon,scheme,fold,use_categoricals,importance_type,feature,relevance,bucket,ntrees,depth,tau_w
__POOL__,252,walk_forward,GFC,True,PredictionValuesChange,chg_lag1,0.0,momentum,145,4,
__POOL__,252,walk_forward,GFC,True,PredictionValuesChange,chg_lag2,0.0,momentum,145,4,
__POOL__,252,walk_forward,GFC,True,PredictionValuesChange,chg_lag3,0.0,momentum,145,4,
__POOL__,252,walk_forward,GFC,True,PredictionValuesChange,chg_lag4,0.0,momentum,145,4,
__POOL__,252,walk_forward,GFC,True,PredictionValuesChange,chg_lag5,0.0,momentum,145,4,
__POOL__,252,walk_forward,GFC,True,PredictionValuesChange,carry_roll,22.88664684834846,carry_roll,145,4,
__POOL__,252,walk_forward,GFC,True,PredictionValuesChange,mom_63d,0.013714902400366125,momentum,145,4,
__POOL__,252,walk_forward,GFC,True,PredictionValuesChange,mom_1m,0.007419262714638977,momentum,145,4,
__POOL__,252,walk_forward,GFC,True,PredictionValuesChange,mom_3m,0.011189747321255737,momentum,145,4,
__POOL__,252,walk_forward,GFC,True,PredictionValuesChange,mom_6m,0.6124718149922449,momentum,145,4,
__POOL__,252,walk_forward,GFC,True,PredictionValuesChange,mom_12m,2.4431249453589245,momentum,145,4,
__POOL__,252,walk_forward,GFC,True,PredictionValuesChange,dev_ma_3m,0.7572923326495646,curve,145,4,
__POOL__,252,walk_forward,GFC,True,PredictionValuesChange,dev_ma_12m,0.7019168223648097,curve,145,4,
__POOL__,252,walk_forward,GFC,True,PredictionValuesChange,vol_20d,0.13592276710194412,vol,145,4,
__POOL__,252,walk_forward,GFC,True,PredictionValuesChange,vol_regime,0.0,vol,145,4,
__POOL__,252,walk_forward,GFC,True,PredictionValuesChange,vol_zscore,0.0,vol,145,4,
__POOL__,252,walk_forward,GFC,True,PredictionValuesChange,level_zscore,0.2868937822472547,curve,145,4,
__POOL__,252,walk_forward,GFC,True,PredictionValuesChange,slope_10_1,0.8163764260241332,curve,145,4,
__POOL__,252,walk_forward,GFC,True,PredictionValuesChange,slope_10_5,1.1715684319794712,curve,145,4,
__POOL__,252,walk_forward,GFC,True,PredictionValuesChange,slope_5_1,0.49198325111047897,curve,145,4,
__POOL__,252,walk_forward,GFC,True,PredictionValuesChange,sofr_mom_1m,0.18003503001480864,macro,145,4,
__POOL__,252,walk_forward,GFC,True,PredictionValuesChange,ibor_level,10.251498395664067,macro,145,4,
__POOL__,252,walk_forward,GFC,True,PredictionValuesChange,ibor_chg_1d,0.0,macro,145,4,
__POOL__,252,walk_forward,GFC,True,PredictionValuesChange,ibor_mom_1m,0.030715209556395673,macro,145,4,
__POOL__,252,walk_forward,GFC,True,PredictionValuesChange,ibor_term_slope,0.5122504042922242,macro,145,4,
__POOL__,252,walk_forward,GFC,True,PredictionValuesChange,swap_ibor_basis,1.8066281704862954,curve,145,4,
__POOL__,252,walk_forward,GFC,True,PredictionValuesChange,move_level,0.0,vol,145,4,
__POOL__,252,walk_forward,GFC,True,PredictionValuesChange,move_zscore,0.0,vol,145,4,
__POOL__,252,walk_forward,GFC,True,PredictionValuesChange,vix_level,0.0,vol,145,4,
__POOL__,252,walk_forward,GFC,True,PredictionValuesChange,vix_zscore,0.0,vol,145,4,
__POOL__,252,walk_forward,GFC,True,PredictionValuesChange,v2x_level,0.0,vol,145,4,
__POOL__,252,walk_forward,GFC,True,PredictionValuesChange,vxn_level,0.0,vol,145,4,
__POOL__,252,walk_forward,GFC,True,PredictionValuesChange,ovx_level,0.0,vol,145,4,
__POOL__,252,walk_forward,GFC,True,PredictionValuesChange,gvz_level,0.0035876212009926904,vol,145,4,
__POOL__,252,walk_forward,GFC,True,PredictionValuesChange,spx_mom_1m,0.0,macro,145,4,
__POOL__,252,walk_forward,GFC,True,PredictionValuesChange,spx_mom_3m,0.021833941794375332,macro,145,4,
__POOL__,252,walk_forward,GFC,True,PredictionValuesChange,sx5e_mom_1m,0.009572330949473781,macro,145,4,
__POOL__,252,walk_forward,GFC,True,PredictionValuesChange,sx5e_mom_3m,0.06808306001148323,macro,145,4,
__POOL__,252,walk_forward,GFC,True,PredictionValuesChange,mxwo_mom_1m,0.0,macro,145,4,
__POOL__,252,walk_forward,GFC,True,PredictionValuesChange,ndx_mom_1m,0.0,macro,145,4,
__POOL__,252,walk_forward,GFC,True,PredictionValuesChange,oil_mom_1m,0.012805734370506541,macro,145,4,
__POOL__,252,walk_forward,GFC,True,PredictionValuesChange,oil_mom_3m,0.5989950336446267,macro,145,4,
__POOL__,252,walk_forward,GFC,True,PredictionValuesChange,copper_mom_1m,0.04525149417398736,macro,145,4,
__POOL__,252,walk_forward,GFC,True,PredictionValuesChange,opec_prod,0.8519015714472634,macro,145,4,
__POOL__,252,walk_forward,GFC,True,PredictionValuesChange,natgas_mom_1m,0.0,macro,145,4,
__POOL__,252,walk_forward,GFC,True,PredictionValuesChange,be5y_level,0.0,macro,145,4,
__POOL__,252,walk_forward,GFC,True,PredictionValuesChange,be10y_level,0.0,macro,145,4,
__POOL__,252,walk_forward,GFC,True,PredictionValuesChange,be_slope,0.009803792325651463,macro,145,4,
__POOL__,252,walk_forward,GFC,True,PredictionValuesChange,be5y_chg_1m,0.0,macro,145,4,
__POOL__,252,walk_forward,GFC,True,PredictionValuesChange,ig_spread,0.0,credit,145,4,
__POOL__,252,walk_forward,GFC,True,PredictionValuesChange,hy_spread,0.0,credit,145,4,
__POOL__,252,walk_forward,GFC,True,PredictionValuesChange,ig_chg_1m,0.0,credit,145,4,
__POOL__,252,walk_forward,GFC,True,PredictionValuesChange,hy_chg_1m,0.0,credit,145,4,
__POOL__,252,walk_forward,GFC,True,PredictionValuesChange,cpi_yoy,0.8176298258817561,macro,145,4,
__POOL__,252,walk_forward,GFC,True,PredictionValuesChange,pce_core_chg,0.014213716741910763,macro,145,4,
__POOL__,252,walk_forward,GFC,True,PredictionValuesChange,nfp_change,3.9742109969307817,macro,145,4,
__POOL__,252,walk_forward,GFC,True,PredictionValuesChange,pmi_us,1.3326613627080641,macro,145,4,
__POOL__,252,walk_forward,GFC,True,PredictionValuesChange,pmi_eur,14.689317732057235,macro,145,4,
__POOL__,252,walk_forward,GFC,True,PredictionValuesChange,unemp_eur,5.076896439509441,macro,145,4,
__POOL__,252,walk_forward,GFC,True,PredictionValuesChange,cpi_nsa_level,0.0,macro,145,4,
__POOL__,252,walk_forward,GFC,True,PredictionValuesChange,pce_core_level,0.0,macro,145,4,
__POOL__,252,walk_forward,GFC,True,PredictionValuesChange,eur_3m,1.8997156321098736,macro,145,4,
__POOL__,252,walk_forward,GFC,True,PredictionValuesChange,eur_1w,0.07243361115880222,macro,145,4,
__POOL__,252,walk_forward,GFC,True,PredictionValuesChange,nor_ibor_1m,0.4143390539899944,macro,145,4,
__POOL__,252,walk_forward,GFC,True,PredictionValuesChange,nor_ibor_6m,13.893754509118445,macro,145,4,
__POOL__,252,walk_forward,GFC,True,PredictionValuesChange,xmpca_01,0.1330834530381047,cross_market,145,4,
__POOL__,252,walk_forward,GFC,True,PredictionValuesChange,xmpca_02,0.0,cross_market,145,4,
__POOL__,252,walk_forward,GFC,True,PredictionValuesChange,xmpca_03,0.0,cross_market,145,4,
__POOL__,252,walk_forward,GFC,True,PredictionValuesChange,xmpca_04,0.0,cross_market,145,4,
__POOL__,252,walk_forward,GFC,True,PredictionValuesChange,xmpca_05,0.0,cross_market,145,4,
__POOL__,252,walk_forward,GFC,True,PredictionValuesChange,xmpca_06,0.0,cross_market,145,4,
__POOL__,252,walk_forward,GFC,True,PredictionValuesChange,xmpca_07,0.0,cross_market,145,4,
__POOL__,252,walk_forward,GFC,True,PredictionValuesChange,xmpca_08,0.0,cross_market,145,4,
__POOL__,252,walk_forward,GFC,True,PredictionValuesChange,xmpca_09,0.0,cross_market,145,4,
__POOL__,252,walk_forward,GFC,True,PredictionValuesChange,xmpca_10,0.0,cross_market,145,4,
__POOL__,252,walk_forward,GFC,True,PredictionValuesChange,xmpca_11,0.0,cross_market,145,4,
__POOL__,252,walk_forward,GFC,True,PredictionValuesChange,xmpca_12,0.17882697927204258,cross_market,145,4,
__POOL__,252,walk_forward,GFC,True,PredictionValuesChange,security,1.6235767021354996,categorical,145,4,
__POOL__,252,walk_forward,GFC,True,PredictionValuesChange,country,10.104502278196488,categorical,145,4,
__POOL__,252,walk_forward,GFC,True,PredictionValuesChange,maturity,1.0353545826058825,categorical,145,4,
__POOL__,252,walk_forward,GFC,True,LossFunctionChange,chg_lag1,0.0,momentum,145,4,
__POOL__,252,walk_forward,GFC,True,LossFunctionChange,chg_lag2,0.0,momentum,145,4,
__POOL__,252,walk_forward,GFC,True,LossFunctionChange,chg_lag3,0.0,momentum,145,4,
__POOL__,252,walk_forward,GFC,True,LossFunctionChange,chg_lag4,0.0,momentum,145,4,
__POOL__,252,walk_forward,GFC,True,LossFunctionChange,chg_lag5,0.0,momentum,145,4,
__POOL__,252,walk_forward,GFC,True,LossFunctionChange,carry_roll,0.19349142337727254,carry_roll,145,4,
__POOL__,252,walk_forward,GFC,True,LossFunctionChange,mom_63d,0.00018426424819206755,momentum,145,4,
__POOL__,252,walk_forward,GFC,True,LossFunctionChange,mom_1m,0.00011574398312325096,momentum,145,4,
__POOL__,252,walk_forward,GFC,True,LossFunctionChange,mom_3m,0.00014747111844193306,momentum,145,4,
__POOL__,252,walk_forward,GFC,True,LossFunctionChange,mom_6m,0.004736244668520961,momentum,145,4,
__POOL__,252,walk_forward,GFC,True,LossFunctionChange,mom_12m,0.016004016745186533,momentum,145,4,
__POOL__,252,walk_forward,GFC,True,LossFunctionChange,dev_ma_3m,0.0015176591466368738,curve,145,4,
__POOL__,252,walk_forward,GFC,True,LossFunctionChange,dev_ma_12m,0.005433145458499322,curve,145,4,
__POOL__,252,walk_forward,GFC,True,LossFunctionChange,vol_20d,0.0014267494462666952,vol,145,4,
__POOL__,252,walk_forward,GFC,True,LossFunctionChange,vol_regime,0.0,vol,145,4,
__POOL__,252,walk_forward,GFC,True,LossFunctionChange,vol_zscore,0.0,vol,145,4,
__POOL__,252,walk_forward,GFC,True,LossFunctionChange,level_zscore,0.004058797790870039,curve,145,4,
__POOL__,252,walk_forward,GFC,True,LossFunctionChange,slope_10_1,0.0036557890863888054,curve,145,4,
__POOL__,252,walk_forward,GFC,True,LossFunctionChange,slope_10_5,0.0065260750147718705,curve,145,4,
__POOL__,252,walk_forward,GFC,True,LossFunctionChange,slope_5_1,0.004665662630004064,curve,145,4,
__POOL__,252,walk_forward,GFC,True,LossFunctionChange,sofr_mom_1m,0.0021131842739068873,macro,145,4,
__POOL__,252,walk_forward,GFC,True,LossFunctionChange,ibor_level,0.061898405560699865,macro,145,4,
__POOL__,252,walk_forward,GFC,True,LossFunctionChange,ibor_chg_1d,0.0,macro,145,4,
__POOL__,252,walk_forward,GFC,True,LossFunctionChange,ibor_mom_1m,0.0006941222908528055,macro,145,4,
__POOL__,252,walk_forward,GFC,True,LossFunctionChange,ibor_term_slope,0.009195494241434565,macro,145,4,
__POOL__,252,walk_forward,GFC,True,LossFunctionChange,swap_ibor_basis,0.011279850351719245,curve,145,4,
__POOL__,252,walk_forward,GFC,True,LossFunctionChange,move_level,0.0,vol,145,4,
__POOL__,252,walk_forward,GFC,True,LossFunctionChange,move_zscore,0.0,vol,145,4,
__POOL__,252,walk_forward,GFC,True,LossFunctionChange,vix_level,0.0,vol,145,4,
__POOL__,252,walk_forward,GFC,True,LossFunctionChange,vix_zscore,0.0,vol,145,4,
__POOL__,252,walk_forward,GFC,True,LossFunctionChange,v2x_level,0.0,vol,145,4,
__POOL__,252,walk_forward,GFC,True,LossFunctionChange,vxn_level,0.0,vol,145,4,
__POOL__,252,walk_forward,GFC,True,LossFunctionChange,ovx_level,0.0,vol,145,4,
__POOL__,252,walk_forward,GFC,True,LossFunctionChange,gvz_level,5.8333828216683425e-05,vol,145,4,
__POOL__,252,walk_forward,GFC,True,LossFunctionChange,spx_mom_1m,0.0,macro,145,4,
__POOL__,252,walk_forward,GFC,True,LossFunctionChange,spx_mom_3m,0.000379630121022434,macro,145,4,
__POOL__,252,walk_forward,GFC,True,LossFunctionChange,sx5e_mom_1m,0.0001783819429589939,macro,145,4,
__POOL__,252,walk_forward,GFC,True,LossFunctionChange,sx5e_mom_3m,0.0011155853847049646,macro,145,4,
__POOL__,252,walk_forward,GFC,True,LossFunctionChange,mxwo_mom_1m,0.0,macro,145,4,
__POOL__,252,walk_forward,GFC,True,LossFunctionChange,ndx_mom_1m,0.0,macro,145,4,
__POOL__,252,walk_forward,GFC,True,LossFunctionChange,oil_mom_1m,0.00024869089797507904,macro,145,4,
__POOL__,252,walk_forward,GFC,True,LossFunctionChange,oil_mom_3m,0.005951604210014616,macro,145,4,
__POOL__,252,walk_forward,GFC,True,LossFunctionChange,copper_mom_1m,0.0007115095425901941,macro,145,4,
__POOL__,252,walk_forward,GFC,True,LossFunctionChange,opec_prod,0.003860302068824484,macro,145,4,
__POOL__,252,walk_forward,GFC,True,LossFunctionChange,natgas_mom_1m,0.0,macro,145,4,
__POOL__,252,walk_forward,GFC,True,LossFunctionChange,be5y_level,0.0,macro,145,4,
__POOL__,252,walk_forward,GFC,True,LossFunctionChange,be10y_level,0.0,macro,145,4,
__POOL__,252,walk_forward,GFC,True,LossFunctionChange,be_slope,0.000278645814461298,macro,145,4,
__POOL__,252,walk_forward,GFC,True,LossFunctionChange,be5y_chg_1m,0.0,macro,145,4,
__POOL__,252,walk_forward,GFC,True,LossFunctionChange,ig_spread,0.0,credit,145,4,
__POOL__,252,walk_forward,GFC,True,LossFunctionChange,hy_spread,0.0,credit,145,4,
__POOL__,252,walk_forward,GFC,True,LossFunctionChange,ig_chg_1m,0.0,credit,145,4,
__POOL__,252,walk_forward,GFC,True,LossFunctionChange,hy_chg_1m,0.0,credit,145,4,
__POOL__,252,walk_forward,GFC,True,LossFunctionChange,cpi_yoy,0.007455788663629781,macro,145,4,
__POOL__,252,walk_forward,GFC,True,LossFunctionChange,pce_core_chg,0.00019673988412188814,macro,145,4,
__POOL__,252,walk_forward,GFC,True,LossFunctionChange,nfp_change,0.03956203694485477,macro,145,4,
__POOL__,252,walk_forward,GFC,True,LossFunctionChange,pmi_us,0.005840995862969767,macro,145,4,
__POOL__,252,walk_forward,GFC,True,LossFunctionChange,pmi_eur,0.11715710720873312,macro,145,4,
__POOL__,252,walk_forward,GFC,True,LossFunctionChange,unemp_eur,0.054744283787793335,macro,145,4,
__POOL__,252,walk_forward,GFC,True,LossFunctionChange,cpi_nsa_level,0.0,macro,145,4,
__POOL__,252,walk_forward,GFC,True,LossFunctionChange,pce_core_level,0.0,macro,145,4,
__POOL__,252,walk_forward,GFC,True,LossFunctionChange,eur_3m,0.006812781984607719,macro,145,4,
__POOL__,252,walk_forward,GFC,True,LossFunctionChange,eur_1w,0.001080862496843471,macro,145,4,
__POOL__,252,walk_forward,GFC,True,LossFunctionChange,nor_ibor_1m,0.0032624264402673075,macro,145,4,
__POOL__,252,walk_forward,GFC,True,LossFunctionChange,nor_ibor_6m,0.10353541114783038,macro,145,4,
__POOL__,252,walk_forward,GFC,True,LossFunctionChange,xmpca_01,0.0012937859451437328,cross_market,145,4,
__POOL__,252,walk_forward,GFC,True,LossFunctionChange,xmpca_02,0.0,cross_market,145,4,
__POOL__,252,walk_forward,GFC,True,LossFunctionChange,xmpca_03,0.0,cross_market,145,4,
__POOL__,252,walk_forward,GFC,True,LossFunctionChange,xmpca_04,0.0,cross_market,145,4,
__POOL__,252,walk_forward,GFC,True,LossFunctionChange,xmpca_05,0.0,cross_market,145,4,
__POOL__,252,walk_forward,GFC,True,LossFunctionChange,xmpca_06,0.0,cross_market,145,4,
__POOL__,252,walk_forward,GFC,True,LossFunctionChange,xmpca_07,0.0,cross_market,145,4,
__POOL__,252,walk_forward,GFC,True,LossFunctionChange,xmpca_08,0.0,cross_market,145,4,
__POOL__,252,walk_forward,GFC,True,LossFunctionChange,xmpca_09,0.0,cross_market,145,4,
__POOL__,252,walk_forward,GFC,True,LossFunctionChange,xmpca_10,0.0,cross_market,145,4,
__POOL__,252,walk_forward,GFC,True,LossFunctionChange,xmpca_11,0.0,cross_market,145,4,
__POOL__,252,walk_forward,GFC,True,LossFunctionChange,xmpca_12,0.0018396253053964418,cross_market,145,4,
__POOL__,252,walk_forward,GFC,True,LossFunctionChange,security,0.020540189117448593,categorical,145,4,
__POOL__,252,walk_forward,GFC,True,LossFunctionChange,country,0.1153027969667641,categorical,145,4,
__POOL__,252,walk_forward,GFC,True,LossFunctionChange,maturity,0.013620772391170655,categorical,145,4,
__POOL__,252,walk_forward,ZIRP_early,True,PredictionValuesChange,chg_lag1,0.0,momentum,1,4,
__POOL__,252,walk_forward,ZIRP_early,True,PredictionValuesChange,chg_lag2,0.0,momentum,1,4,
__POOL__,252,walk_forward,ZIRP_early,True,PredictionValuesChange,chg_lag3,0.0,momentum,1,4,
__POOL__,252,walk_forward,ZIRP_early,True,PredictionValuesChange,chg_lag4,0.0,momentum,1,4,
__POOL__,252,walk_forward,ZIRP_early,True,PredictionValuesChange,chg_lag5,0.0,momentum,1,4,
__POOL__,252,walk_forward,ZIRP_early,True,PredictionValuesChange,carry_roll,0.0,carry_roll,1,4,
__POOL__,252,walk_forward,ZIRP_early,True,PredictionValuesChange,mom_63d,0.0,momentum,1,4,
__POOL__,252,walk_forward,ZIRP_early,True,PredictionValuesChange,mom_1m,0.0,momentum,1,4,
__POOL__,252,walk_forward,ZIRP_early,True,PredictionValuesChange,mom_3m,0.0,momentum,1,4,
__POOL__,252,walk_forward,ZIRP_early,True,PredictionValuesChange,mom_6m,0.0,momentum,1,4,
__POOL__,252,walk_forward,ZIRP_early,True,PredictionValuesChange,mom_12m,0.0,momentum,1,4,
__POOL__,252,walk_forward,ZIRP_early,True,PredictionValuesChange,dev_ma_3m,0.0,curve,1,4,
__POOL__,252,walk_forward,ZIRP_early,True,PredictionValuesChange,dev_ma_12m,0.0,curve,1,4,
__POOL__,252,walk_forward,ZIRP_early,True,PredictionValuesChange,vol_20d,0.0,vol,1,4,
__POOL__,252,walk_forward,ZIRP_early,True,PredictionValuesChange,vol_regime,0.0,vol,1,4,
__POOL__,252,walk_forward,ZIRP_early,True,PredictionValuesChange,vol_zscore,0.0,vol,1,4,
__POOL__,252,walk_forward,ZIRP_early,True,PredictionValuesChange,level_zscore,0.0,curve,1,4,
__POOL__,252,walk_forward,ZIRP_early,True,PredictionValuesChange,slope_10_1,0.0,curve,1,4,
__POOL__,252,walk_forward,ZIRP_early,True,PredictionValuesChange,slope_10_5,0.0,curve,1,4,
__POOL__,252,walk_forward,ZIRP_early,True,PredictionValuesChange,slope_5_1,0.0,curve,1,4,
__POOL__,252,walk_forward,ZIRP_early,True,PredictionValuesChange,sofr_mom_1m,0.0,macro,1,4,
__POOL__,252,walk_forward,ZIRP_early,True,PredictionValuesChange,ibor_level,40.80269268086067,macro,1,4,
__POOL__,252,walk_forward,ZIRP_early,True,PredictionValuesChange,ibor_chg_1d,0.0,macro,1,4,
__POOL__,252,walk_forward,ZIRP_early,True,PredictionValuesChange,ibor_mom_1m,0.0,macro,1,4,
__POOL__,252,walk_forward,ZIRP_early,True,PredictionValuesChange,ibor_term_slope,0.0,macro,1,4,
__POOL__,252,walk_forward,ZIRP_early,True,PredictionValuesChange,swap_ibor_basis,0.0,curve,1,4,
__POOL__,252,walk_forward,ZIRP_early,True,PredictionValuesChange,move_level,0.0,vol,1,4,
__POOL__,252,walk_forward,ZIRP_early,True,PredictionValuesChange,move_zscore,0.0,vol,1,4,
__POOL__,252,walk_forward,ZIRP_early,True,PredictionValuesChange,vix_level,0.0,vol,1,4,
__POOL__,252,walk_forward,ZIRP_early,True,PredictionValuesChange,vix_zscore,0.0,vol,1,4,
__POOL__,252,walk_forward,ZIRP_early,True,PredictionValuesChange,v2x_level,0.0,vol,1,4,
__POOL__,252,walk_forward,ZIRP_early,True,PredictionValuesChange,vxn_level,0.0,vol,1,4,
__POOL__,252,walk_forward,ZIRP_early,True,PredictionValuesChange,ovx_level,0.0,vol,1,4,
__POOL__,252,walk_forward,ZIRP_early,True,PredictionValuesChange,gvz_level,0.0,vol,1,4,
__POOL__,252,walk_forward,ZIRP_early,True,PredictionValuesChange,spx_mom_1m,0.0,macro,1,4,
__POOL__,252,walk_forward,ZIRP_early,True,PredictionValuesChange,spx_mom_3m,0.0,macro,1,4,
__POOL__,252,walk_forward,ZIRP_early,True,PredictionValuesChange,sx5e_mom_1m,0.0,macro,1,4,
__POOL__,252,walk_forward,ZIRP_early,True,PredictionValuesChange,sx5e_mom_3m,0.0,macro,1,4,
__POOL__,252,walk_forward,ZIRP_early,True,PredictionValuesChange,mxwo_mom_1m,0.0,macro,1,4,
__POOL__,252,walk_forward,ZIRP_early,True,PredictionValuesChange,ndx_mom_1m,0.0,macro,1,4,
__POOL__,252,walk_forward,ZIRP_early,True,PredictionValuesChange,oil_mom_1m,0.0,macro,1,4,
__POOL__,252,walk_forward,ZIRP_early,True,PredictionValuesChange,oil_mom_3m,0.0,macro,1,4,
__POOL__,252,walk_forward,ZIRP_early,True,PredictionValuesChange,copper_mom_1m,0.0,macro,1,4,
__POOL__,252,walk_forward,ZIRP_early,True,PredictionValuesChange,opec_prod,12.037671883006455,macro,1,4,
__POOL__,252,walk_forward,ZIRP_early,True,PredictionValuesChange,natgas_mom_1m,0.0,macro,1,4,
__POOL__,252,walk_forward,ZIRP_early,True,PredictionValuesChange,be5y_level,0.0,macro,1,4,
__POOL__,252,walk_forward,ZIRP_early,True,PredictionValuesChange,be10y_level,0.0,macro,1,4,
__POOL__,252,walk_forward,ZIRP_early,True,PredictionValuesChange,be_slope,0.0,macro,1,4,
__POOL__,252,walk_forward,ZIRP_early,True,PredictionValuesChange,be5y_chg_1m,0.0,macro,1,4,
__POOL__,252,walk_forward,ZIRP_early,True,PredictionValuesChange,ig_spread,0.0,credit,1,4,
__POOL__,252,walk_forward,ZIRP_early,True,PredictionValuesChange,hy_spread,0.0,credit,1,4,
__POOL__,252,walk_forward,ZIRP_early,True,PredictionValuesChange,ig_chg_1m,0.0,credit,1,4,
__POOL__,252,walk_forward,ZIRP_early,True,PredictionValuesChange,hy_chg_1m,0.0,credit,1,4,
__POOL__,252,walk_forward,ZIRP_early,True,PredictionValuesChange,cpi_yoy,0.0,macro,1,4,
__POOL__,252,walk_forward,ZIRP_early,True,PredictionValuesChange,pce_core_chg,0.0,macro,1,4,
__POOL__,252,walk_forward,ZIRP_early,True,PredictionValuesChange,nfp_change,0.0,macro,1,4,
__POOL__,252,walk_forward,ZIRP_early,True,PredictionValuesChange,pmi_us,0.0,macro,1,4,
__POOL__,252,walk_forward,ZIRP_early,True,PredictionValuesChange,pmi_eur,47.15963543613288,macro,1,4,
__POOL__,252,walk_forward,ZIRP_early,True,PredictionValuesChange,unemp_eur,0.0,macro,1,4,
__POOL__,252,walk_forward,ZIRP_early,True,PredictionValuesChange,cpi_nsa_level,0.0,macro,1,4,
__POOL__,252,walk_forward,ZIRP_early,True,PredictionValuesChange,pce_core_level,0.0,macro,1,4,
__POOL__,252,walk_forward,ZIRP_early,True,PredictionValuesChange,eur_3m,0.0,macro,1,4,
__POOL__,252,walk_forward,ZIRP_early,True,PredictionValuesChange,eur_1w,0.0,macro,1,4,
__POOL__,252,walk_forward,ZIRP_early,True,PredictionValuesChange,nor_ibor_1m,0.0,macro,1,4,
__POOL__,252,walk_forward,ZIRP_early,True,PredictionValuesChange,nor_ibor_6m,0.0,macro,1,4,
__POOL__,252,walk_forward,ZIRP_early,True,PredictionValuesChange,xmpca_01,0.0,cross_market,1,4,
__POOL__,252,walk_forward,ZIRP_early,True,PredictionValuesChange,xmpca_02,0.0,cross_market,1,4,
__POOL__,252,walk_forward,ZIRP_early,True,PredictionValuesChange,xmpca_03,0.0,cross_market,1,4,
__POOL__,252,walk_forward,ZIRP_early,True,PredictionValuesChange,xmpca_04,0.0,cross_market,1,4,
__POOL__,252,walk_forward,ZIRP_early,True,PredictionValuesChange,xmpca_05,0.0,cross_market,1,4,
__POOL__,252,walk_forward,ZIRP_early,True,PredictionValuesChange,xmpca_06,0.0,cross_market,1,4,
__POOL__,252,walk_forward,ZIRP_early,True,PredictionValuesChange,xmpca_07,0.0,cross_market,1,4,
__POOL__,252,walk_forward,ZIRP_early,True,PredictionValuesChange,xmpca_08,0.0,cross_market,1,4,
__POOL__,252,walk_forward,ZIRP_early,True,PredictionValuesChange,xmpca_09,0.0,cross_market,1,4,
__POOL__,252,walk_forward,ZIRP_early,True,PredictionValuesChange,xmpca_10,0.0,cross_market,1,4,
__POOL__,252,walk_forward,ZIRP_early,True,PredictionValuesChange,xmpca_11,0.0,cross_market,1,4,
__POOL__,252,walk_forward,ZIRP_early,True,PredictionValuesChange,xmpca_12,0.0,cross_market,1,4,
__POOL__,252,walk_forward,ZIRP_early,True,PredictionValuesChange,security,0.0,categorical,1,4,
__POOL__,252,walk_forward,ZIRP_early,True,PredictionValuesChange,country,0.0,categorical,1,4,
__POOL__,252,walk_forward,ZIRP_early,True,PredictionValuesChange,maturity,0.0,categorical,1,4,
__POOL__,252,walk_forward,ZIRP_early,True,LossFunctionChange,chg_lag1,0.0,momentum,1,4,
__POOL__,252,walk_forward,ZIRP_early,True,LossFunctionChange,chg_lag2,0.0,momentum,1,4,
__POOL__,252,walk_forward,ZIRP_early,True,LossFunctionChange,chg_lag3,0.0,momentum,1,4,
__POOL__,252,walk_forward,ZIRP_early,True,LossFunctionChange,chg_lag4,0.0,momentum,1,4,
__POOL__,252,walk_forward,ZIRP_early,True,LossFunctionChange,chg_lag5,0.0,momentum,1,4,
__POOL__,252,walk_forward,ZIRP_early,True,LossFunctionChange,carry_roll,0.0,carry_roll,1,4,
__POOL__,252,walk_forward,ZIRP_early,True,LossFunctionChange,mom_63d,0.0,momentum,1,4,
__POOL__,252,walk_forward,ZIRP_early,True,LossFunctionChange,mom_1m,0.0,momentum,1,4,
__POOL__,252,walk_forward,ZIRP_early,True,LossFunctionChange,mom_3m,0.0,momentum,1,4,
__POOL__,252,walk_forward,ZIRP_early,True,LossFunctionChange,mom_6m,0.0,momentum,1,4,
__POOL__,252,walk_forward,ZIRP_early,True,LossFunctionChange,mom_12m,0.0,momentum,1,4,
__POOL__,252,walk_forward,ZIRP_early,True,LossFunctionChange,dev_ma_3m,0.0,curve,1,4,
__POOL__,252,walk_forward,ZIRP_early,True,LossFunctionChange,dev_ma_12m,0.0,curve,1,4,
__POOL__,252,walk_forward,ZIRP_early,True,LossFunctionChange,vol_20d,0.0,vol,1,4,
__POOL__,252,walk_forward,ZIRP_early,True,LossFunctionChange,vol_regime,0.0,vol,1,4,
__POOL__,252,walk_forward,ZIRP_early,True,LossFunctionChange,vol_zscore,0.0,vol,1,4,
__POOL__,252,walk_forward,ZIRP_early,True,LossFunctionChange,level_zscore,0.0,curve,1,4,
__POOL__,252,walk_forward,ZIRP_early,True,LossFunctionChange,slope_10_1,0.0,curve,1,4,
__POOL__,252,walk_forward,ZIRP_early,True,LossFunctionChange,slope_10_5,0.0,curve,1,4,
__POOL__,252,walk_forward,ZIRP_early,True,LossFunctionChange,slope_5_1,0.0,curve,1,4,
__POOL__,252,walk_forward,ZIRP_early,True,LossFunctionChange,sofr_mom_1m,0.0,macro,1,4,
__POOL__,252,walk_forward,ZIRP_early,True,LossFunctionChange,ibor_level,0.013611258669891324,macro,1,4,
__POOL__,252,walk_forward,ZIRP_early,True,LossFunctionChange,ibor_chg_1d,0.0,macro,1,4,
__POOL__,252,walk_forward,ZIRP_early,True,LossFunctionChange,ibor_mom_1m,0.0,macro,1,4,
__POOL__,252,walk_forward,ZIRP_early,True,LossFunctionChange,ibor_term_slope,0.0,macro,1,4,
__POOL__,252,walk_forward,ZIRP_early,True,LossFunctionChange,swap_ibor_basis,0.0,curve,1,4,
__POOL__,252,walk_forward,ZIRP_early,True,LossFunctionChange,move_level,0.0,vol,1,4,
__POOL__,252,walk_forward,ZIRP_early,True,LossFunctionChange,move_zscore,0.0,vol,1,4,
__POOL__,252,walk_forward,ZIRP_early,True,LossFunctionChange,vix_level,0.0,vol,1,4,
__POOL__,252,walk_forward,ZIRP_early,True,LossFunctionChange,vix_zscore,0.0,vol,1,4,
__POOL__,252,walk_forward,ZIRP_early,True,LossFunctionChange,v2x_level,0.0,vol,1,4,
__POOL__,252,walk_forward,ZIRP_early,True,LossFunctionChange,vxn_level,0.0,vol,1,4,
__POOL__,252,walk_forward,ZIRP_early,True,LossFunctionChange,ovx_level,0.0,vol,1,4,
__POOL__,252,walk_forward,ZIRP_early,True,LossFunctionChange,gvz_level,0.0,vol,1,4,
__POOL__,252,walk_forward,ZIRP_early,True,LossFunctionChange,spx_mom_1m,0.0,macro,1,4,
__POOL__,252,walk_forward,ZIRP_early,True,LossFunctionChange,spx_mom_3m,0.0,macro,1,4,
__POOL__,252,walk_forward,ZIRP_early,True,LossFunctionChange,sx5e_mom_1m,0.0,macro,1,4,
__POOL__,252,walk_forward,ZIRP_early,True,LossFunctionChange,sx5e_mom_3m,0.0,macro,1,4,
__POOL__,252,walk_forward,ZIRP_early,True,LossFunctionChange,mxwo_mom_1m,0.0,macro,1,4,
__POOL__,252,walk_forward,ZIRP_early,True,LossFunctionChange,ndx_mom_1m,0.0,macro,1,4,
__POOL__,252,walk_forward,ZIRP_early,True,LossFunctionChange,oil_mom_1m,0.0,macro,1,4,
__POOL__,252,walk_forward,ZIRP_early,True,LossFunctionChange,oil_mom_3m,0.0,macro,1,4,
__POOL__,252,walk_forward,ZIRP_early,True,LossFunctionChange,copper_mom_1m,0.0,macro,1,4,
__POOL__,252,walk_forward,ZIRP_early,True,LossFunctionChange,opec_prod,0.007806251922899854,macro,1,4,
__POOL__,252,walk_forward,ZIRP_early,True,LossFunctionChange,natgas_mom_1m,0.0,macro,1,4,
__POOL__,252,walk_forward,ZIRP_early,True,LossFunctionChange,be5y_level,0.0,macro,1,4,
__POOL__,252,walk_forward,ZIRP_early,True,LossFunctionChange,be10y_level,0.0,macro,1,4,
__POOL__,252,walk_forward,ZIRP_early,True,LossFunctionChange,be_slope,0.0,macro,1,4,
__POOL__,252,walk_forward,ZIRP_early,True,LossFunctionChange,be5y_chg_1m,0.0,macro,1,4,
__POOL__,252,walk_forward,ZIRP_early,True,LossFunctionChange,ig_spread,0.0,credit,1,4,
__POOL__,252,walk_forward,ZIRP_early,True,LossFunctionChange,hy_spread,0.0,credit,1,4,
__POOL__,252,walk_forward,ZIRP_early,True,LossFunctionChange,ig_chg_1m,0.0,credit,1,4,
__POOL__,252,walk_forward,ZIRP_early,True,LossFunctionChange,hy_chg_1m,0.0,credit,1,4,
__POOL__,252,walk_forward,ZIRP_early,True,LossFunctionChange,cpi_yoy,0.0,macro,1,4,
__POOL__,252,walk_forward,ZIRP_early,True,LossFunctionChange,pce_core_chg,0.0,macro,1,4,
__POOL__,252,walk_forward,ZIRP_early,True,LossFunctionChange,nfp_change,0.0,macro,1,4,
__POOL__,252,walk_forward,ZIRP_early,True,LossFunctionChange,pmi_us,0.0,macro,1,4,
__POOL__,252,walk_forward,ZIRP_early,True,LossFunctionChange,pmi_eur,0.02008398238160769,macro,1,4,
__POOL__,252,walk_forward,ZIRP_early,True,LossFunctionChange,unemp_eur,0.0,macro,1,4,
__POOL__,252,walk_forward,ZIRP_early,True,LossFunctionChange,cpi_nsa_level,0.0,macro,1,4,
__POOL__,252,walk_forward,ZIRP_early,True,LossFunctionChange,pce_core_level,0.0,macro,1,4,
__POOL__,252,walk_forward,ZIRP_early,True,LossFunctionChange,eur_3m,0.0,macro,1,4,
__POOL__,252,walk_forward,ZIRP_early,True,LossFunctionChange,eur_1w,0.0,macro,1,4,
__POOL__,252,walk_forward,ZIRP_early,True,LossFunctionChange,nor_ibor_1m,0.0,macro,1,4,
__POOL__,252,walk_forward,ZIRP_early,True,LossFunctionChange,nor_ibor_6m,0.0,macro,1,4,
__POOL__,252,walk_forward,ZIRP_early,True,LossFunctionChange,xmpca_01,0.0,cross_market,1,4,
__POOL__,252,walk_forward,ZIRP_early,True,LossFunctionChange,xmpca_02,0.0,cross_market,1,4,
__POOL__,252,walk_forward,ZIRP_early,True,LossFunctionChange,xmpca_03,0.0,cross_market,1,4,
__POOL__,252,walk_forward,ZIRP_early,True,LossFunctionChange,xmpca_04,0.0,cross_market,1,4,
__POOL__,252,walk_forward,ZIRP_early,True,LossFunctionChange,xmpca_05,0.0,cross_market,1,4,
__POOL__,252,walk_forward,ZIRP_early,True,LossFunctionChange,xmpca_06,0.0,cross_market,1,4,
__POOL__,252,walk_forward,ZIRP_early,True,LossFunctionChange,xmpca_07,0.0,cross_market,1,4,
__POOL__,252,walk_forward,ZIRP_early,True,LossFunctionChange,xmpca_08,0.0,cross_market,1,4,
__POOL__,252,walk_forward,ZIRP_early,True,LossFunctionChange,xmpca_09,0.0,cross_market,1,4,
__POOL__,252,walk_forward,ZIRP_early,True,LossFunctionChange,xmpca_10,0.0,cross_market,1,4,
__POOL__,252,walk_forward,ZIRP_early,True,LossFunctionChange,xmpca_11,0.0,cross_market,1,4,
__POOL__,252,walk_forward,ZIRP_early,True,LossFunctionChange,xmpca_12,0.0,cross_market,1,4,
__POOL__,252,walk_forward,ZIRP_early,True,LossFunctionChange,security,0.0,categorical,1,4,
__POOL__,252,walk_forward,ZIRP_early,True,LossFunctionChange,country,0.0,categorical,1,4,
__POOL__,252,walk_forward,ZIRP_early,True,LossFunctionChange,maturity,0.0,categorical,1,4,
__POOL__,252,walk_forward,ZIRP_late,True,PredictionValuesChange,chg_lag1,0.0,momentum,1,4,
__POOL__,252,walk_forward,ZIRP_late,True,PredictionValuesChange,chg_lag2,0.0,momentum,1,4,
__POOL__,252,walk_forward,ZIRP_late,True,PredictionValuesChange,chg_lag3,0.0,momentum,1,4,
__POOL__,252,walk_forward,ZIRP_late,True,PredictionValuesChange,chg_lag4,0.0,momentum,1,4,
__POOL__,252,walk_forward,ZIRP_late,True,PredictionValuesChange,chg_lag5,0.0,momentum,1,4,
__POOL__,252,walk_forward,ZIRP_late,True,PredictionValuesChange,carry_roll,0.0,carry_roll,1,4,
__POOL__,252,walk_forward,ZIRP_late,True,PredictionValuesChange,mom_63d,0.0,momentum,1,4,
__POOL__,252,walk_forward,ZIRP_late,True,PredictionValuesChange,mom_1m,0.0,momentum,1,4,
__POOL__,252,walk_forward,ZIRP_late,True,PredictionValuesChange,mom_3m,0.0,momentum,1,4,
__POOL__,252,walk_forward,ZIRP_late,True,PredictionValuesChange,mom_6m,0.0,momentum,1,4,
__POOL__,252,walk_forward,ZIRP_late,True,PredictionValuesChange,mom_12m,0.0,momentum,1,4,
__POOL__,252,walk_forward,ZIRP_late,True,PredictionValuesChange,dev_ma_3m,0.0,curve,1,4,
__POOL__,252,walk_forward,ZIRP_late,True,PredictionValuesChange,dev_ma_12m,0.0,curve,1,4,
__POOL__,252,walk_forward,ZIRP_late,True,PredictionValuesChange,vol_20d,0.0,vol,1,4,
__POOL__,252,walk_forward,ZIRP_late,True,PredictionValuesChange,vol_regime,0.0,vol,1,4,
__POOL__,252,walk_forward,ZIRP_late,True,PredictionValuesChange,vol_zscore,0.0,vol,1,4,
__POOL__,252,walk_forward,ZIRP_late,True,PredictionValuesChange,level_zscore,0.0,curve,1,4,
__POOL__,252,walk_forward,ZIRP_late,True,PredictionValuesChange,slope_10_1,0.0,curve,1,4,
__POOL__,252,walk_forward,ZIRP_late,True,PredictionValuesChange,slope_10_5,0.0,curve,1,4,
__POOL__,252,walk_forward,ZIRP_late,True,PredictionValuesChange,slope_5_1,0.0,curve,1,4,
__POOL__,252,walk_forward,ZIRP_late,True,PredictionValuesChange,sofr_mom_1m,0.0,macro,1,4,
__POOL__,252,walk_forward,ZIRP_late,True,PredictionValuesChange,ibor_level,49.772294593355326,macro,1,4,
__POOL__,252,walk_forward,ZIRP_late,True,PredictionValuesChange,ibor_chg_1d,0.0,macro,1,4,
__POOL__,252,walk_forward,ZIRP_late,True,PredictionValuesChange,ibor_mom_1m,0.0,macro,1,4,
__POOL__,252,walk_forward,ZIRP_late,True,PredictionValuesChange,ibor_term_slope,0.0,macro,1,4,
__POOL__,252,walk_forward,ZIRP_late,True,PredictionValuesChange,swap_ibor_basis,0.0,curve,1,4,
__POOL__,252,walk_forward,ZIRP_late,True,PredictionValuesChange,move_level,0.0,vol,1,4,
__POOL__,252,walk_forward,ZIRP_late,True,PredictionValuesChange,move_zscore,0.0,vol,1,4,
__POOL__,252,walk_forward,ZIRP_late,True,PredictionValuesChange,vix_level,0.0,vol,1,4,
__POOL__,252,walk_forward,ZIRP_late,True,PredictionValuesChange,vix_zscore,0.0,vol,1,4,
__POOL__,252,walk_forward,ZIRP_late,True,PredictionValuesChange,v2x_level,0.0,vol,1,4,
__POOL__,252,walk_forward,ZIRP_late,True,PredictionValuesChange,vxn_level,0.0,vol,1,4,
__POOL__,252,walk_forward,ZIRP_late,True,PredictionValuesChange,ovx_level,0.0,vol,1,4,
__POOL__,252,walk_forward,ZIRP_late,True,PredictionValuesChange,gvz_level,0.0,vol,1,4,
__POOL__,252,walk_forward,ZIRP_late,True,PredictionValuesChange,spx_mom_1m,0.0,macro,1,4,
__POOL__,252,walk_forward,ZIRP_late,True,PredictionValuesChange,spx_mom_3m,0.0,macro,1,4,
__POOL__,252,walk_forward,ZIRP_late,True,PredictionValuesChange,sx5e_mom_1m,0.0,macro,1,4,
__POOL__,252,walk_forward,ZIRP_late,True,PredictionValuesChange,sx5e_mom_3m,0.0,macro,1,4,
__POOL__,252,walk_forward,ZIRP_late,True,PredictionValuesChange,mxwo_mom_1m,0.0,macro,1,4,
__POOL__,252,walk_forward,ZIRP_late,True,PredictionValuesChange,ndx_mom_1m,0.0,macro,1,4,
__POOL__,252,walk_forward,ZIRP_late,True,PredictionValuesChange,oil_mom_1m,0.0,macro,1,4,
__POOL__,252,walk_forward,ZIRP_late,True,PredictionValuesChange,oil_mom_3m,0.0,macro,1,4,
__POOL__,252,walk_forward,ZIRP_late,True,PredictionValuesChange,copper_mom_1m,0.0,macro,1,4,
__POOL__,252,walk_forward,ZIRP_late,True,PredictionValuesChange,opec_prod,0.0,macro,1,4,
__POOL__,252,walk_forward,ZIRP_late,True,PredictionValuesChange,natgas_mom_1m,0.0,macro,1,4,
__POOL__,252,walk_forward,ZIRP_late,True,PredictionValuesChange,be5y_level,0.0,macro,1,4,
__POOL__,252,walk_forward,ZIRP_late,True,PredictionValuesChange,be10y_level,0.0,macro,1,4,
__POOL__,252,walk_forward,ZIRP_late,True,PredictionValuesChange,be_slope,0.0,macro,1,4,
__POOL__,252,walk_forward,ZIRP_late,True,PredictionValuesChange,be5y_chg_1m,0.0,macro,1,4,
__POOL__,252,walk_forward,ZIRP_late,True,PredictionValuesChange,ig_spread,0.0,credit,1,4,
__POOL__,252,walk_forward,ZIRP_late,True,PredictionValuesChange,hy_spread,0.0,credit,1,4,
__POOL__,252,walk_forward,ZIRP_late,True,PredictionValuesChange,ig_chg_1m,0.0,credit,1,4,
__POOL__,252,walk_forward,ZIRP_late,True,PredictionValuesChange,hy_chg_1m,0.0,credit,1,4,
__POOL__,252,walk_forward,ZIRP_late,True,PredictionValuesChange,cpi_yoy,0.0,macro,1,4,
__POOL__,252,walk_forward,ZIRP_late,True,PredictionValuesChange,pce_core_chg,0.0,macro,1,4,
__POOL__,252,walk_forward,ZIRP_late,True,PredictionValuesChange,nfp_change,0.0,macro,1,4,
__POOL__,252,walk_forward,ZIRP_late,True,PredictionValuesChange,pmi_us,0.0,macro,1,4,
__POOL__,252,walk_forward,ZIRP_late,True,PredictionValuesChange,pmi_eur,50.227705406644674,macro,1,4,
__POOL__,252,walk_forward,ZIRP_late,True,PredictionValuesChange,unemp_eur,0.0,macro,1,4,
__POOL__,252,walk_forward,ZIRP_late,True,PredictionValuesChange,cpi_nsa_level,0.0,macro,1,4,
__POOL__,252,walk_forward,ZIRP_late,True,PredictionValuesChange,pce_core_level,0.0,macro,1,4,
__POOL__,252,walk_forward,ZIRP_late,True,PredictionValuesChange,eur_3m,0.0,macro,1,4,
__POOL__,252,walk_forward,ZIRP_late,True,PredictionValuesChange,eur_1w,0.0,macro,1,4,
__POOL__,252,walk_forward,ZIRP_late,True,PredictionValuesChange,nor_ibor_1m,0.0,macro,1,4,
__POOL__,252,walk_forward,ZIRP_late,True,PredictionValuesChange,nor_ibor_6m,0.0,macro,1,4,
__POOL__,252,walk_forward,ZIRP_late,True,PredictionValuesChange,xmpca_01,0.0,cross_market,1,4,
__POOL__,252,walk_forward,ZIRP_late,True,PredictionValuesChange,xmpca_02,0.0,cross_market,1,4,
__POOL__,252,walk_forward,ZIRP_late,True,PredictionValuesChange,xmpca_03,0.0,cross_market,1,4,
__POOL__,252,walk_forward,ZIRP_late,True,PredictionValuesChange,xmpca_04,0.0,cross_market,1,4,
__POOL__,252,walk_forward,ZIRP_late,True,PredictionValuesChange,xmpca_05,0.0,cross_market,1,4,
__POOL__,252,walk_forward,ZIRP_late,True,PredictionValuesChange,xmpca_06,0.0,cross_market,1,4,
__POOL__,252,walk_forward,ZIRP_late,True,PredictionValuesChange,xmpca_07,0.0,cross_market,1,4,
__POOL__,252,walk_forward,ZIRP_late,True,PredictionValuesChange,xmpca_08,0.0,cross_market,1,4,
__POOL__,252,walk_forward,ZIRP_late,True,PredictionValuesChange,xmpca_09,0.0,cross_market,1,4,
__POOL__,252,walk_forward,ZIRP_late,True,PredictionValuesChange,xmpca_10,0.0,cross_market,1,4,
__POOL__,252,walk_forward,ZIRP_late,True,PredictionValuesChange,xmpca_11,0.0,cross_market,1,4,
__POOL__,252,walk_forward,ZIRP_late,True,PredictionValuesChange,xmpca_12,0.0,cross_market,1,4,
__POOL__,252,walk_forward,ZIRP_late,True,PredictionValuesChange,security,0.0,categorical,1,4,
__POOL__,252,walk_forward,ZIRP_late,True,PredictionValuesChange,country,0.0,categorical,1,4,
__POOL__,252,walk_forward,ZIRP_late,True,PredictionValuesChange,maturity,0.0,categorical,1,4,
__POOL__,252,walk_forward,ZIRP_late,True,LossFunctionChange,chg_lag1,0.0,momentum,1,4,
__POOL__,252,walk_forward,ZIRP_late,True,LossFunctionChange,chg_lag2,0.0,momentum,1,4,
__POOL__,252,walk_forward,ZIRP_late,True,LossFunctionChange,chg_lag3,0.0,momentum,1,4,
__POOL__,252,walk_forward,ZIRP_late,True,LossFunctionChange,chg_lag4,0.0,momentum,1,4,
__POOL__,252,walk_forward,ZIRP_late,True,LossFunctionChange,chg_lag5,0.0,momentum,1,4,
__POOL__,252,walk_forward,ZIRP_late,True,LossFunctionChange,carry_roll,0.0,carry_roll,1,4,
__POOL__,252,walk_forward,ZIRP_late,True,LossFunctionChange,mom_63d,0.0,momentum,1,4,
__POOL__,252,walk_forward,ZIRP_late,True,LossFunctionChange,mom_1m,0.0,momentum,1,4,
__POOL__,252,walk_forward,ZIRP_late,True,LossFunctionChange,mom_3m,0.0,momentum,1,4,
__POOL__,252,walk_forward,ZIRP_late,True,LossFunctionChange,mom_6m,0.0,momentum,1,4,
__POOL__,252,walk_forward,ZIRP_late,True,LossFunctionChange,mom_12m,0.0,momentum,1,4,
__POOL__,252,walk_forward,ZIRP_late,True,LossFunctionChange,dev_ma_3m,0.0,curve,1,4,
__POOL__,252,walk_forward,ZIRP_late,True,LossFunctionChange,dev_ma_12m,0.0,curve,1,4,
__POOL__,252,walk_forward,ZIRP_late,True,LossFunctionChange,vol_20d,0.0,vol,1,4,
__POOL__,252,walk_forward,ZIRP_late,True,LossFunctionChange,vol_regime,0.0,vol,1,4,
__POOL__,252,walk_forward,ZIRP_late,True,LossFunctionChange,vol_zscore,0.0,vol,1,4,
__POOL__,252,walk_forward,ZIRP_late,True,LossFunctionChange,level_zscore,0.0,curve,1,4,
__POOL__,252,walk_forward,ZIRP_late,True,LossFunctionChange,slope_10_1,0.0,curve,1,4,
__POOL__,252,walk_forward,ZIRP_late,True,LossFunctionChange,slope_10_5,0.0,curve,1,4,
__POOL__,252,walk_forward,ZIRP_late,True,LossFunctionChange,slope_5_1,0.0,curve,1,4,
__POOL__,252,walk_forward,ZIRP_late,True,LossFunctionChange,sofr_mom_1m,0.0,macro,1,4,
__POOL__,252,walk_forward,ZIRP_late,True,LossFunctionChange,ibor_level,0.007437541371768441,macro,1,4,
__POOL__,252,walk_forward,ZIRP_late,True,LossFunctionChange,ibor_chg_1d,0.0,macro,1,4,
__POOL__,252,walk_forward,ZIRP_late,True,LossFunctionChange,ibor_mom_1m,0.0,macro,1,4,
__POOL__,252,walk_forward,ZIRP_late,True,LossFunctionChange,ibor_term_slope,0.0,macro,1,4,
__POOL__,252,walk_forward,ZIRP_late,True,LossFunctionChange,swap_ibor_basis,0.0,curve,1,4,
__POOL__,252,walk_forward,ZIRP_late,True,LossFunctionChange,move_level,0.0,vol,1,4,
__POOL__,252,walk_forward,ZIRP_late,True,LossFunctionChange,move_zscore,0.0,vol,1,4,
__POOL__,252,walk_forward,ZIRP_late,True,LossFunctionChange,vix_level,0.0,vol,1,4,
__POOL__,252,walk_forward,ZIRP_late,True,LossFunctionChange,vix_zscore,0.0,vol,1,4,
__POOL__,252,walk_forward,ZIRP_late,True,LossFunctionChange,v2x_level,0.0,vol,1,4,
__POOL__,252,walk_forward,ZIRP_late,True,LossFunctionChange,vxn_level,0.0,vol,1,4,
__POOL__,252,walk_forward,ZIRP_late,True,LossFunctionChange,ovx_level,0.0,vol,1,4,
__POOL__,252,walk_forward,ZIRP_late,True,LossFunctionChange,gvz_level,0.0,vol,1,4,
__POOL__,252,walk_forward,ZIRP_late,True,LossFunctionChange,spx_mom_1m,0.0,macro,1,4,
__POOL__,252,walk_forward,ZIRP_late,True,LossFunctionChange,spx_mom_3m,0.0,macro,1,4,
__POOL__,252,walk_forward,ZIRP_late,True,LossFunctionChange,sx5e_mom_1m,0.0,macro,1,4,
__POOL__,252,walk_forward,ZIRP_late,True,LossFunctionChange,sx5e_mom_3m,0.0,macro,1,4,
__POOL__,252,walk_forward,ZIRP_late,True,LossFunctionChange,mxwo_mom_1m,0.0,macro,1,4,
__POOL__,252,walk_forward,ZIRP_late,True,LossFunctionChange,ndx_mom_1m,0.0,macro,1,4,
__POOL__,252,walk_forward,ZIRP_late,True,LossFunctionChange,oil_mom_1m,0.0,macro,1,4,
__POOL__,252,walk_forward,ZIRP_late,True,LossFunctionChange,oil_mom_3m,0.0,macro,1,4,
__POOL__,252,walk_forward,ZIRP_late,True,LossFunctionChange,copper_mom_1m,0.0,macro,1,4,
__POOL__,252,walk_forward,ZIRP_late,True,LossFunctionChange,opec_prod,0.0,macro,1,4,
__POOL__,252,walk_forward,ZIRP_late,True,LossFunctionChange,natgas_mom_1m,0.0,macro,1,4,
__POOL__,252,walk_forward,ZIRP_late,True,LossFunctionChange,be5y_level,0.0,macro,1,4,
__POOL__,252,walk_forward,ZIRP_late,True,LossFunctionChange,be10y_level,0.0,macro,1,4,
__POOL__,252,walk_forward,ZIRP_late,True,LossFunctionChange,be_slope,0.0,macro,1,4,
__POOL__,252,walk_forward,ZIRP_late,True,LossFunctionChange,be5y_chg_1m,0.0,macro,1,4,
__POOL__,252,walk_forward,ZIRP_late,True,LossFunctionChange,ig_spread,0.0,credit,1,4,
__POOL__,252,walk_forward,ZIRP_late,True,LossFunctionChange,hy_spread,0.0,credit,1,4,
__POOL__,252,walk_forward,ZIRP_late,True,LossFunctionChange,ig_chg_1m,0.0,credit,1,4,
__POOL__,252,walk_forward,ZIRP_late,True,LossFunctionChange,hy_chg_1m,0.0,credit,1,4,
__POOL__,252,walk_forward,ZIRP_late,True,LossFunctionChange,cpi_yoy,0.0,macro,1,4,
__POOL__,252,walk_forward,ZIRP_late,True,LossFunctionChange,pce_core_chg,0.0,macro,1,4,
__POOL__,252,walk_forward,ZIRP_late,True,LossFunctionChange,nfp_change,0.0,macro,1,4,
__POOL__,252,walk_forward,ZIRP_late,True,LossFunctionChange,pmi_us,0.0,macro,1,4,
__POOL__,252,walk_forward,ZIRP_late,True,LossFunctionChange,pmi_eur,0.020687756049963646,macro,1,4,
__POOL__,252,walk_forward,ZIRP_late,True,LossFunctionChange,unemp_eur,0.0,macro,1,4,
__POOL__,252,walk_forward,ZIRP_late,True,LossFunctionChange,cpi_nsa_level,0.0,macro,1,4,
__POOL__,252,walk_forward,ZIRP_late,True,LossFunctionChange,pce_core_level,0.0,macro,1,4,
__POOL__,252,walk_forward,ZIRP_late,True,LossFunctionChange,eur_3m,0.0,macro,1,4,
__POOL__,252,walk_forward,ZIRP_late,True,LossFunctionChange,eur_1w,0.0,macro,1,4,
__POOL__,252,walk_forward,ZIRP_late,True,LossFunctionChange,nor_ibor_1m,0.0,macro,1,4,
__POOL__,252,walk_forward,ZIRP_late,True,LossFunctionChange,nor_ibor_6m,0.0,macro,1,4,
__POOL__,252,walk_forward,ZIRP_late,True,LossFunctionChange,xmpca_01,0.0,cross_market,1,4,
__POOL__,252,walk_forward,ZIRP_late,True,LossFunctionChange,xmpca_02,0.0,cross_market,1,4,
__POOL__,252,walk_forward,ZIRP_late,True,LossFunctionChange,xmpca_03,0.0,cross_market,1,4,
__POOL__,252,walk_forward,ZIRP_late,True,LossFunctionChange,xmpca_04,0.0,cross_market,1,4,
__POOL__,252,walk_forward,ZIRP_late,True,LossFunctionChange,xmpca_05,0.0,cross_market,1,4,
__POOL__,252,walk_forward,ZIRP_late,True,LossFunctionChange,xmpca_06,0.0,cross_market,1,4,
__POOL__,252,walk_forward,ZIRP_late,True,LossFunctionChange,xmpca_07,0.0,cross_market,1,4,
__POOL__,252,walk_forward,ZIRP_late,True,LossFunctionChange,xmpca_08,0.0,cross_market,1,4,
__POOL__,252,walk_forward,ZIRP_late,True,LossFunctionChange,xmpca_09,0.0,cross_market,1,4,
__POOL__,252,walk_forward,ZIRP_late,True,LossFunctionChange,xmpca_10,0.0,cross_market,1,4,
__POOL__,252,walk_forward,ZIRP_late,True,LossFunctionChange,xmpca_11,0.0,cross_market,1,4,
__POOL__,252,walk_forward,ZIRP_late,True,LossFunctionChange,xmpca_12,0.0,cross_market,1,4,
__POOL__,252,walk_forward,ZIRP_late,True,LossFunctionChange,security,0.0,categorical,1,4,
__POOL__,252,walk_forward,ZIRP_late,True,LossFunctionChange,country,0.0,categorical,1,4,
__POOL__,252,walk_forward,ZIRP_late,True,LossFunctionChange,maturity,0.0,categorical,1,4,
__POOL__,252,walk_forward,COVID,True,PredictionValuesChange,chg_lag1,0.0,momentum,91,6,
__POOL__,252,walk_forward,COVID,True,PredictionValuesChange,chg_lag2,0.0,momentum,91,6,
__POOL__,252,walk_forward,COVID,True,PredictionValuesChange,chg_lag3,0.0,momentum,91,6,
__POOL__,252,walk_forward,COVID,True,PredictionValuesChange,chg_lag4,0.0,momentum,91,6,
__POOL__,252,walk_forward,COVID,True,PredictionValuesChange,chg_lag5,0.0,momentum,91,6,
__POOL__,252,walk_forward,COVID,True,PredictionValuesChange,carry_roll,13.613135873648012,carry_roll,91,6,
__POOL__,252,walk_forward,COVID,True,PredictionValuesChange,mom_63d,0.07646562947088512,momentum,91,6,
__POOL__,252,walk_forward,COVID,True,PredictionValuesChange,mom_1m,0.0,momentum,91,6,
__POOL__,252,walk_forward,COVID,True,PredictionValuesChange,mom_3m,0.025055596496065466,momentum,91,6,
__POOL__,252,walk_forward,COVID,True,PredictionValuesChange,mom_6m,0.2748357725397669,momentum,91,6,
__POOL__,252,walk_forward,COVID,True,PredictionValuesChange,mom_12m,1.6885084251081603,momentum,91,6,
__POOL__,252,walk_forward,COVID,True,PredictionValuesChange,dev_ma_3m,0.4035348661860397,curve,91,6,
__POOL__,252,walk_forward,COVID,True,PredictionValuesChange,dev_ma_12m,1.524780772217489,curve,91,6,
__POOL__,252,walk_forward,COVID,True,PredictionValuesChange,vol_20d,1.4077735904782687,vol,91,6,
__POOL__,252,walk_forward,COVID,True,PredictionValuesChange,vol_regime,0.0,vol,91,6,
__POOL__,252,walk_forward,COVID,True,PredictionValuesChange,vol_zscore,0.0,vol,91,6,
__POOL__,252,walk_forward,COVID,True,PredictionValuesChange,level_zscore,2.261251461702373,curve,91,6,
__POOL__,252,walk_forward,COVID,True,PredictionValuesChange,slope_10_1,0.7785385858546837,curve,91,6,
__POOL__,252,walk_forward,COVID,True,PredictionValuesChange,slope_10_5,0.3939268552996897,curve,91,6,
__POOL__,252,walk_forward,COVID,True,PredictionValuesChange,slope_5_1,1.2138248451878466,curve,91,6,
__POOL__,252,walk_forward,COVID,True,PredictionValuesChange,sofr_mom_1m,0.7422200169528971,macro,91,6,
__POOL__,252,walk_forward,COVID,True,PredictionValuesChange,ibor_level,14.051628411712903,macro,91,6,
__POOL__,252,walk_forward,COVID,True,PredictionValuesChange,ibor_chg_1d,0.0,macro,91,6,
__POOL__,252,walk_forward,COVID,True,PredictionValuesChange,ibor_mom_1m,0.15462402328154384,macro,91,6,
__POOL__,252,walk_forward,COVID,True,PredictionValuesChange,ibor_term_slope,0.12133895567761738,macro,91,6,
__POOL__,252,walk_forward,COVID,True,PredictionValuesChange,swap_ibor_basis,7.255167227738897,curve,91,6,
__POOL__,252,walk_forward,COVID,True,PredictionValuesChange,move_level,0.0,vol,91,6,
__POOL__,252,walk_forward,COVID,True,PredictionValuesChange,move_zscore,0.0,vol,91,6,
__POOL__,252,walk_forward,COVID,True,PredictionValuesChange,vix_level,0.0,vol,91,6,
__POOL__,252,walk_forward,COVID,True,PredictionValuesChange,vix_zscore,0.0,vol,91,6,
__POOL__,252,walk_forward,COVID,True,PredictionValuesChange,v2x_level,0.0,vol,91,6,
__POOL__,252,walk_forward,COVID,True,PredictionValuesChange,vxn_level,0.0,vol,91,6,
__POOL__,252,walk_forward,COVID,True,PredictionValuesChange,ovx_level,0.0,vol,91,6,
__POOL__,252,walk_forward,COVID,True,PredictionValuesChange,gvz_level,0.0,vol,91,6,
__POOL__,252,walk_forward,COVID,True,PredictionValuesChange,spx_mom_1m,0.0,macro,91,6,
__POOL__,252,walk_forward,COVID,True,PredictionValuesChange,spx_mom_3m,0.0,macro,91,6,
__POOL__,252,walk_forward,COVID,True,PredictionValuesChange,sx5e_mom_1m,0.0,macro,91,6,
__POOL__,252,walk_forward,COVID,True,PredictionValuesChange,sx5e_mom_3m,0.0,macro,91,6,
__POOL__,252,walk_forward,COVID,True,PredictionValuesChange,mxwo_mom_1m,0.0,macro,91,6,
__POOL__,252,walk_forward,COVID,True,PredictionValuesChange,ndx_mom_1m,0.0,macro,91,6,
__POOL__,252,walk_forward,COVID,True,PredictionValuesChange,oil_mom_1m,0.0,macro,91,6,
__POOL__,252,walk_forward,COVID,True,PredictionValuesChange,oil_mom_3m,0.18004972051500104,macro,91,6,
__POOL__,252,walk_forward,COVID,True,PredictionValuesChange,copper_mom_1m,0.01299746388938334,macro,91,6,
__POOL__,252,walk_forward,COVID,True,PredictionValuesChange,opec_prod,1.414148853308671,macro,91,6,
__POOL__,252,walk_forward,COVID,True,PredictionValuesChange,natgas_mom_1m,0.0,macro,91,6,
__POOL__,252,walk_forward,COVID,True,PredictionValuesChange,be5y_level,0.0,macro,91,6,
__POOL__,252,walk_forward,COVID,True,PredictionValuesChange,be10y_level,0.0,macro,91,6,
__POOL__,252,walk_forward,COVID,True,PredictionValuesChange,be_slope,0.0,macro,91,6,
__POOL__,252,walk_forward,COVID,True,PredictionValuesChange,be5y_chg_1m,0.0,macro,91,6,
__POOL__,252,walk_forward,COVID,True,PredictionValuesChange,ig_spread,0.0,credit,91,6,
__POOL__,252,walk_forward,COVID,True,PredictionValuesChange,hy_spread,0.0,credit,91,6,
__POOL__,252,walk_forward,COVID,True,PredictionValuesChange,ig_chg_1m,0.0,credit,91,6,
__POOL__,252,walk_forward,COVID,True,PredictionValuesChange,hy_chg_1m,0.0,credit,91,6,
__POOL__,252,walk_forward,COVID,True,PredictionValuesChange,cpi_yoy,0.8116009575027213,macro,91,6,
__POOL__,252,walk_forward,COVID,True,PredictionValuesChange,pce_core_chg,0.05148187428881206,macro,91,6,
__POOL__,252,walk_forward,COVID,True,PredictionValuesChange,nfp_change,1.310520051945411,macro,91,6,
__POOL__,252,walk_forward,COVID,True,PredictionValuesChange,pmi_us,3.3928854184285266,macro,91,6,
__POOL__,252,walk_forward,COVID,True,PredictionValuesChange,pmi_eur,15.255602531671562,macro,91,6,
__POOL__,252,walk_forward,COVID,True,PredictionValuesChange,unemp_eur,10.202416300753953,macro,91,6,
__POOL__,252,walk_forward,COVID,True,PredictionValuesChange,cpi_nsa_level,0.0,macro,91,6,
__POOL__,252,walk_forward,COVID,True,PredictionValuesChange,pce_core_level,0.0,macro,91,6,
__POOL__,252,walk_forward,COVID,True,PredictionValuesChange,eur_3m,1.4679974649171241,macro,91,6,
__POOL__,252,walk_forward,COVID,True,PredictionValuesChange,eur_1w,2.368463340652555,macro,91,6,
__POOL__,252,walk_forward,COVID,True,PredictionValuesChange,nor_ibor_1m,1.9495734976369061,macro,91,6,
__POOL__,252,walk_forward,COVID,True,PredictionValuesChange,nor_ibor_6m,3.397732656958932,macro,91,6,
__POOL__,252,walk_forward,COVID,True,PredictionValuesChange,xmpca_01,1.092001964441573,cross_market,91,6,
__POOL__,252,walk_forward,COVID,True,PredictionValuesChange,xmpca_02,0.9687976676796904,cross_market,91,6,
__POOL__,252,walk_forward,COVID,True,PredictionValuesChange,xmpca_03,0.0,cross_market,91,6,
__POOL__,252,walk_forward,COVID,True,PredictionValuesChange,xmpca_04,0.6170966040051298,cross_market,91,6,
__POOL__,252,walk_forward,COVID,True,PredictionValuesChange,xmpca_05,0.023176280336248384,cross_market,91,6,
__POOL__,252,walk_forward,COVID,True,PredictionValuesChange,xmpca_06,0.0,cross_market,91,6,
__POOL__,252,walk_forward,COVID,True,PredictionValuesChange,xmpca_07,0.0,cross_market,91,6,
__POOL__,252,walk_forward,COVID,True,PredictionValuesChange,xmpca_08,0.0,cross_market,91,6,
__POOL__,252,walk_forward,COVID,True,PredictionValuesChange,xmpca_09,0.0,cross_market,91,6,
__POOL__,252,walk_forward,COVID,True,PredictionValuesChange,xmpca_10,0.04200252442172175,cross_market,91,6,
__POOL__,252,walk_forward,COVID,True,PredictionValuesChange,xmpca_11,0.04307549093160543,cross_market,91,6,
__POOL__,252,walk_forward,COVID,True,PredictionValuesChange,xmpca_12,0.3697329106689852,cross_market,91,6,
__POOL__,252,walk_forward,COVID,True,PredictionValuesChange,security,0.0,categorical,91,6,
__POOL__,252,walk_forward,COVID,True,PredictionValuesChange,country,4.308427198854328,categorical,91,6,
__POOL__,252,walk_forward,COVID,True,PredictionValuesChange,maturity,4.73360831663801,categorical,91,6,
__POOL__,252,walk_forward,COVID,True,LossFunctionChange,chg_lag1,0.0,momentum,91,6,
__POOL__,252,walk_forward,COVID,True,LossFunctionChange,chg_lag2,0.0,momentum,91,6,
__POOL__,252,walk_forward,COVID,True,LossFunctionChange,chg_lag3,0.0,momentum,91,6,
__POOL__,252,walk_forward,COVID,True,LossFunctionChange,chg_lag4,0.0,momentum,91,6,
__POOL__,252,walk_forward,COVID,True,LossFunctionChange,chg_lag5,0.0,momentum,91,6,
__POOL__,252,walk_forward,COVID,True,LossFunctionChange,carry_roll,0.06779986214465444,carry_roll,91,6,
__POOL__,252,walk_forward,COVID,True,LossFunctionChange,mom_63d,0.00038832720840292767,momentum,91,6,
__POOL__,252,walk_forward,COVID,True,LossFunctionChange,mom_1m,0.0,momentum,91,6,
__POOL__,252,walk_forward,COVID,True,LossFunctionChange,mom_3m,0.0001458284518576769,momentum,91,6,
__POOL__,252,walk_forward,COVID,True,LossFunctionChange,mom_6m,0.0014762836727617579,momentum,91,6,
__POOL__,252,walk_forward,COVID,True,LossFunctionChange,mom_12m,0.005460054123733515,momentum,91,6,
__POOL__,252,walk_forward,COVID,True,LossFunctionChange,dev_ma_3m,0.001180520680077013,curve,91,6,
__POOL__,252,walk_forward,COVID,True,LossFunctionChange,dev_ma_12m,0.004139746707839065,curve,91,6,
__POOL__,252,walk_forward,COVID,True,LossFunctionChange,vol_20d,0.004468033679316363,vol,91,6,
__POOL__,252,walk_forward,COVID,True,LossFunctionChange,vol_regime,0.0,vol,91,6,
__POOL__,252,walk_forward,COVID,True,LossFunctionChange,vol_zscore,0.0,vol,91,6,
__POOL__,252,walk_forward,COVID,True,LossFunctionChange,level_zscore,0.004355452170499985,curve,91,6,
__POOL__,252,walk_forward,COVID,True,LossFunctionChange,slope_10_1,0.002885271795822042,curve,91,6,
__POOL__,252,walk_forward,COVID,True,LossFunctionChange,slope_10_5,0.0013020060703566871,curve,91,6,
__POOL__,252,walk_forward,COVID,True,LossFunctionChange,slope_5_1,0.0037492784037683746,curve,91,6,
__POOL__,252,walk_forward,COVID,True,LossFunctionChange,sofr_mom_1m,0.0028169507617807343,macro,91,6,
__POOL__,252,walk_forward,COVID,True,LossFunctionChange,ibor_level,0.04473242156139767,macro,91,6,
__POOL__,252,walk_forward,COVID,True,LossFunctionChange,ibor_chg_1d,0.0,macro,91,6,
__POOL__,252,walk_forward,COVID,True,LossFunctionChange,ibor_mom_1m,0.0008839479530889371,macro,91,6,
__POOL__,252,walk_forward,COVID,True,LossFunctionChange,ibor_term_slope,0.000583012469951627,macro,91,6,
__POOL__,252,walk_forward,COVID,True,LossFunctionChange,swap_ibor_basis,0.018162606850005092,curve,91,6,
__POOL__,252,walk_forward,COVID,True,LossFunctionChange,move_level,0.0,vol,91,6,
__POOL__,252,walk_forward,COVID,True,LossFunctionChange,move_zscore,0.0,vol,91,6,
__POOL__,252,walk_forward,COVID,True,LossFunctionChange,vix_level,0.0,vol,91,6,
__POOL__,252,walk_forward,COVID,True,LossFunctionChange,vix_zscore,0.0,vol,91,6,
__POOL__,252,walk_forward,COVID,True,LossFunctionChange,v2x_level,0.0,vol,91,6,
__POOL__,252,walk_forward,COVID,True,LossFunctionChange,vxn_level,0.0,vol,91,6,
__POOL__,252,walk_forward,COVID,True,LossFunctionChange,ovx_level,0.0,vol,91,6,
__POOL__,252,walk_forward,COVID,True,LossFunctionChange,gvz_level,0.0,vol,91,6,
__POOL__,252,walk_forward,COVID,True,LossFunctionChange,spx_mom_1m,0.0,macro,91,6,
__POOL__,252,walk_forward,COVID,True,LossFunctionChange,spx_mom_3m,0.0,macro,91,6,
__POOL__,252,walk_forward,COVID,True,LossFunctionChange,sx5e_mom_1m,0.0,macro,91,6,
__POOL__,252,walk_forward,COVID,True,LossFunctionChange,sx5e_mom_3m,0.0,macro,91,6,
__POOL__,252,walk_forward,COVID,True,LossFunctionChange,mxwo_mom_1m,0.0,macro,91,6,
__POOL__,252,walk_forward,COVID,True,LossFunctionChange,ndx_mom_1m,0.0,macro,91,6,
__POOL__,252,walk_forward,COVID,True,LossFunctionChange,oil_mom_1m,0.0,macro,91,6,
__POOL__,252,walk_forward,COVID,True,LossFunctionChange,oil_mom_3m,0.0009726912342675198,macro,91,6,
__POOL__,252,walk_forward,COVID,True,LossFunctionChange,copper_mom_1m,0.00010231481902722717,macro,91,6,
__POOL__,252,walk_forward,COVID,True,LossFunctionChange,opec_prod,0.0043911118994871545,macro,91,6,
__POOL__,252,walk_forward,COVID,True,LossFunctionChange,natgas_mom_1m,0.0,macro,91,6,
__POOL__,252,walk_forward,COVID,True,LossFunctionChange,be5y_level,0.0,macro,91,6,
__POOL__,252,walk_forward,COVID,True,LossFunctionChange,be10y_level,0.0,macro,91,6,
__POOL__,252,walk_forward,COVID,True,LossFunctionChange,be_slope,0.0,macro,91,6,
__POOL__,252,walk_forward,COVID,True,LossFunctionChange,be5y_chg_1m,0.0,macro,91,6,
__POOL__,252,walk_forward,COVID,True,LossFunctionChange,ig_spread,0.0,credit,91,6,
__POOL__,252,walk_forward,COVID,True,LossFunctionChange,hy_spread,0.0,credit,91,6,
__POOL__,252,walk_forward,COVID,True,LossFunctionChange,ig_chg_1m,0.0,credit,91,6,
__POOL__,252,walk_forward,COVID,True,LossFunctionChange,hy_chg_1m,0.0,credit,91,6,
__POOL__,252,walk_forward,COVID,True,LossFunctionChange,cpi_yoy,0.0025967421733016915,macro,91,6,
__POOL__,252,walk_forward,COVID,True,LossFunctionChange,pce_core_chg,0.0002605711517396081,macro,91,6,
__POOL__,252,walk_forward,COVID,True,LossFunctionChange,nfp_change,0.004036708501042929,macro,91,6,
__POOL__,252,walk_forward,COVID,True,LossFunctionChange,pmi_us,0.00984579626866211,macro,91,6,
__POOL__,252,walk_forward,COVID,True,LossFunctionChange,pmi_eur,0.06602080943611255,macro,91,6,
__POOL__,252,walk_forward,COVID,True,LossFunctionChange,unemp_eur,0.036476840213638784,macro,91,6,
__POOL__,252,walk_forward,COVID,True,LossFunctionChange,cpi_nsa_level,0.0,macro,91,6,
__POOL__,252,walk_forward,COVID,True,LossFunctionChange,pce_core_level,0.0,macro,91,6,
__POOL__,252,walk_forward,COVID,True,LossFunctionChange,eur_3m,0.0038272089493160966,macro,91,6,
__POOL__,252,walk_forward,COVID,True,LossFunctionChange,eur_1w,0.005494004302453226,macro,91,6,
__POOL__,252,walk_forward,COVID,True,LossFunctionChange,nor_ibor_1m,0.006341694754138927,macro,91,6,
__POOL__,252,walk_forward,COVID,True,LossFunctionChange,nor_ibor_6m,0.008706460750228517,macro,91,6,
__POOL__,252,walk_forward,COVID,True,LossFunctionChange,xmpca_01,0.0041376344909425655,cross_market,91,6,
__POOL__,252,walk_forward,COVID,True,LossFunctionChange,xmpca_02,0.0032371292083842595,cross_market,91,6,
__POOL__,252,walk_forward,COVID,True,LossFunctionChange,xmpca_03,0.0,cross_market,91,6,
__POOL__,252,walk_forward,COVID,True,LossFunctionChange,xmpca_04,0.00202426276096912,cross_market,91,6,
__POOL__,252,walk_forward,COVID,True,LossFunctionChange,xmpca_05,0.00014820747640909016,cross_market,91,6,
__POOL__,252,walk_forward,COVID,True,LossFunctionChange,xmpca_06,0.0,cross_market,91,6,
__POOL__,252,walk_forward,COVID,True,LossFunctionChange,xmpca_07,0.0,cross_market,91,6,
__POOL__,252,walk_forward,COVID,True,LossFunctionChange,xmpca_08,0.0,cross_market,91,6,
__POOL__,252,walk_forward,COVID,True,LossFunctionChange,xmpca_09,0.0,cross_market,91,6,
__POOL__,252,walk_forward,COVID,True,LossFunctionChange,xmpca_10,0.00019127590813433626,cross_market,91,6,
__POOL__,252,walk_forward,COVID,True,LossFunctionChange,xmpca_11,0.00019062074751091673,cross_market,91,6,
__POOL__,252,walk_forward,COVID,True,LossFunctionChange,xmpca_12,0.0010323870144031688,cross_market,91,6,
__POOL__,252,walk_forward,COVID,True,LossFunctionChange,security,0.0,categorical,91,6,
__POOL__,252,walk_forward,COVID,True,LossFunctionChange,country,0.01901085629836008,categorical,91,6,
__POOL__,252,walk_forward,COVID,True,LossFunctionChange,maturity,0.019117990041675914,categorical,91,6,
__POOL__,252,walk_forward,Hiking,True,PredictionValuesChange,chg_lag1,0.0,momentum,5,4,
__POOL__,252,walk_forward,Hiking,True,PredictionValuesChange,chg_lag2,0.0,momentum,5,4,
__POOL__,252,walk_forward,Hiking,True,PredictionValuesChange,chg_lag3,0.0,momentum,5,4,
__POOL__,252,walk_forward,Hiking,True,PredictionValuesChange,chg_lag4,0.0,momentum,5,4,
__POOL__,252,walk_forward,Hiking,True,PredictionValuesChange,chg_lag5,0.0,momentum,5,4,
__POOL__,252,walk_forward,Hiking,True,PredictionValuesChange,carry_roll,18.2915095110803,carry_roll,5,4,
__POOL__,252,walk_forward,Hiking,True,PredictionValuesChange,mom_63d,0.0,momentum,5,4,
__POOL__,252,walk_forward,Hiking,True,PredictionValuesChange,mom_1m,0.0,momentum,5,4,
__POOL__,252,walk_forward,Hiking,True,PredictionValuesChange,mom_3m,0.0,momentum,5,4,
__POOL__,252,walk_forward,Hiking,True,PredictionValuesChange,mom_6m,0.0,momentum,5,4,
__POOL__,252,walk_forward,Hiking,True,PredictionValuesChange,mom_12m,0.0,momentum,5,4,
__POOL__,252,walk_forward,Hiking,True,PredictionValuesChange,dev_ma_3m,0.0,curve,5,4,
__POOL__,252,walk_forward,Hiking,True,PredictionValuesChange,dev_ma_12m,0.0,curve,5,4,
__POOL__,252,walk_forward,Hiking,True,PredictionValuesChange,vol_20d,0.0,vol,5,4,
__POOL__,252,walk_forward,Hiking,True,PredictionValuesChange,vol_regime,0.0,vol,5,4,
__POOL__,252,walk_forward,Hiking,True,PredictionValuesChange,vol_zscore,0.0,vol,5,4,
__POOL__,252,walk_forward,Hiking,True,PredictionValuesChange,level_zscore,0.0,curve,5,4,
__POOL__,252,walk_forward,Hiking,True,PredictionValuesChange,slope_10_1,0.0,curve,5,4,
__POOL__,252,walk_forward,Hiking,True,PredictionValuesChange,slope_10_5,0.0,curve,5,4,
__POOL__,252,walk_forward,Hiking,True,PredictionValuesChange,slope_5_1,0.0,curve,5,4,
__POOL__,252,walk_forward,Hiking,True,PredictionValuesChange,sofr_mom_1m,0.0,macro,5,4,
__POOL__,252,walk_forward,Hiking,True,PredictionValuesChange,ibor_level,14.302759822427493,macro,5,4,
__POOL__,252,walk_forward,Hiking,True,PredictionValuesChange,ibor_chg_1d,0.0,macro,5,4,
__POOL__,252,walk_forward,Hiking,True,PredictionValuesChange,ibor_mom_1m,0.0,macro,5,4,
__POOL__,252,walk_forward,Hiking,True,PredictionValuesChange,ibor_term_slope,0.0,macro,5,4,
__POOL__,252,walk_forward,Hiking,True,PredictionValuesChange,swap_ibor_basis,4.976268772716532,curve,5,4,
__POOL__,252,walk_forward,Hiking,True,PredictionValuesChange,move_level,0.0,vol,5,4,
__POOL__,252,walk_forward,Hiking,True,PredictionValuesChange,move_zscore,0.0,vol,5,4,
__POOL__,252,walk_forward,Hiking,True,PredictionValuesChange,vix_level,0.0,vol,5,4,
__POOL__,252,walk_forward,Hiking,True,PredictionValuesChange,vix_zscore,0.0,vol,5,4,
__POOL__,252,walk_forward,Hiking,True,PredictionValuesChange,v2x_level,0.0,vol,5,4,
__POOL__,252,walk_forward,Hiking,True,PredictionValuesChange,vxn_level,0.0,vol,5,4,
__POOL__,252,walk_forward,Hiking,True,PredictionValuesChange,ovx_level,0.0,vol,5,4,
__POOL__,252,walk_forward,Hiking,True,PredictionValuesChange,gvz_level,0.0,vol,5,4,
__POOL__,252,walk_forward,Hiking,True,PredictionValuesChange,spx_mom_1m,0.0,macro,5,4,
__POOL__,252,walk_forward,Hiking,True,PredictionValuesChange,spx_mom_3m,0.0,macro,5,4,
__POOL__,252,walk_forward,Hiking,True,PredictionValuesChange,sx5e_mom_1m,0.0,macro,5,4,
__POOL__,252,walk_forward,Hiking,True,PredictionValuesChange,sx5e_mom_3m,0.0,macro,5,4,
__POOL__,252,walk_forward,Hiking,True,PredictionValuesChange,mxwo_mom_1m,0.0,macro,5,4,
__POOL__,252,walk_forward,Hiking,True,PredictionValuesChange,ndx_mom_1m,0.0,macro,5,4,
__POOL__,252,walk_forward,Hiking,True,PredictionValuesChange,oil_mom_1m,0.0,macro,5,4,
__POOL__,252,walk_forward,Hiking,True,PredictionValuesChange,oil_mom_3m,0.0,macro,5,4,
__POOL__,252,walk_forward,Hiking,True,PredictionValuesChange,copper_mom_1m,0.0,macro,5,4,
__POOL__,252,walk_forward,Hiking,True,PredictionValuesChange,opec_prod,0.0,macro,5,4,
__POOL__,252,walk_forward,Hiking,True,PredictionValuesChange,natgas_mom_1m,0.0,macro,5,4,
__POOL__,252,walk_forward,Hiking,True,PredictionValuesChange,be5y_level,0.0,macro,5,4,
__POOL__,252,walk_forward,Hiking,True,PredictionValuesChange,be10y_level,0.0,macro,5,4,
__POOL__,252,walk_forward,Hiking,True,PredictionValuesChange,be_slope,0.0,macro,5,4,
__POOL__,252,walk_forward,Hiking,True,PredictionValuesChange,be5y_chg_1m,0.0,macro,5,4,
__POOL__,252,walk_forward,Hiking,True,PredictionValuesChange,ig_spread,0.0,credit,5,4,
__POOL__,252,walk_forward,Hiking,True,PredictionValuesChange,hy_spread,0.0,credit,5,4,
__POOL__,252,walk_forward,Hiking,True,PredictionValuesChange,ig_chg_1m,0.0,credit,5,4,
__POOL__,252,walk_forward,Hiking,True,PredictionValuesChange,hy_chg_1m,0.0,credit,5,4,
__POOL__,252,walk_forward,Hiking,True,PredictionValuesChange,cpi_yoy,0.0,macro,5,4,
__POOL__,252,walk_forward,Hiking,True,PredictionValuesChange,pce_core_chg,0.0,macro,5,4,
__POOL__,252,walk_forward,Hiking,True,PredictionValuesChange,nfp_change,11.910484123907485,macro,5,4,
__POOL__,252,walk_forward,Hiking,True,PredictionValuesChange,pmi_us,0.0,macro,5,4,
__POOL__,252,walk_forward,Hiking,True,PredictionValuesChange,pmi_eur,11.077298545681872,macro,5,4,
__POOL__,252,walk_forward,Hiking,True,PredictionValuesChange,unemp_eur,0.0,macro,5,4,
__POOL__,252,walk_forward,Hiking,True,PredictionValuesChange,cpi_nsa_level,0.0,macro,5,4,
__POOL__,252,walk_forward,Hiking,True,PredictionValuesChange,pce_core_level,0.0,macro,5,4,
__POOL__,252,walk_forward,Hiking,True,PredictionValuesChange,eur_3m,0.0,macro,5,4,
__POOL__,252,walk_forward,Hiking,True,PredictionValuesChange,eur_1w,4.300374538727778,macro,5,4,
__POOL__,252,walk_forward,Hiking,True,PredictionValuesChange,nor_ibor_1m,7.0346230055499355,macro,5,4,
__POOL__,252,walk_forward,Hiking,True,PredictionValuesChange,nor_ibor_6m,14.106522694419247,macro,5,4,
__POOL__,252,walk_forward,Hiking,True,PredictionValuesChange,xmpca_01,7.653188411349905,cross_market,5,4,
__POOL__,252,walk_forward,Hiking,True,PredictionValuesChange,xmpca_02,0.0,cross_market,5,4,
__POOL__,252,walk_forward,Hiking,True,PredictionValuesChange,xmpca_03,0.0,cross_market,5,4,
__POOL__,252,walk_forward,Hiking,True,PredictionValuesChange,xmpca_04,0.0,cross_market,5,4,
__POOL__,252,walk_forward,Hiking,True,PredictionValuesChange,xmpca_05,0.0,cross_market,5,4,
__POOL__,252,walk_forward,Hiking,True,PredictionValuesChange,xmpca_06,0.0,cross_market,5,4,
__POOL__,252,walk_forward,Hiking,True,PredictionValuesChange,xmpca_07,0.0,cross_market,5,4,
__POOL__,252,walk_forward,Hiking,True,PredictionValuesChange,xmpca_08,0.0,cross_market,5,4,
__POOL__,252,walk_forward,Hiking,True,PredictionValuesChange,xmpca_09,0.0,cross_market,5,4,
__POOL__,252,walk_forward,Hiking,True,PredictionValuesChange,xmpca_10,0.0,cross_market,5,4,
__POOL__,252,walk_forward,Hiking,True,PredictionValuesChange,xmpca_11,0.0,cross_market,5,4,
__POOL__,252,walk_forward,Hiking,True,PredictionValuesChange,xmpca_12,0.0,cross_market,5,4,
__POOL__,252,walk_forward,Hiking,True,PredictionValuesChange,security,0.0,categorical,5,4,
__POOL__,252,walk_forward,Hiking,True,PredictionValuesChange,country,6.346970574139451,categorical,5,4,
__POOL__,252,walk_forward,Hiking,True,PredictionValuesChange,maturity,0.0,categorical,5,4,
__POOL__,252,walk_forward,Hiking,True,LossFunctionChange,chg_lag1,0.0,momentum,5,4,
__POOL__,252,walk_forward,Hiking,True,LossFunctionChange,chg_lag2,0.0,momentum,5,4,
__POOL__,252,walk_forward,Hiking,True,LossFunctionChange,chg_lag3,0.0,momentum,5,4,
__POOL__,252,walk_forward,Hiking,True,LossFunctionChange,chg_lag4,0.0,momentum,5,4,
__POOL__,252,walk_forward,Hiking,True,LossFunctionChange,chg_lag5,0.0,momentum,5,4,
__POOL__,252,walk_forward,Hiking,True,LossFunctionChange,carry_roll,0.019303054328209,carry_roll,5,4,
__POOL__,252,walk_forward,Hiking,True,LossFunctionChange,mom_63d,0.0,momentum,5,4,
__POOL__,252,walk_forward,Hiking,True,LossFunctionChange,mom_1m,0.0,momentum,5,4,
__POOL__,252,walk_forward,Hiking,True,LossFunctionChange,mom_3m,0.0,momentum,5,4,
__POOL__,252,walk_forward,Hiking,True,LossFunctionChange,mom_6m,0.0,momentum,5,4,
__POOL__,252,walk_forward,Hiking,True,LossFunctionChange,mom_12m,0.0,momentum,5,4,
__POOL__,252,walk_forward,Hiking,True,LossFunctionChange,dev_ma_3m,0.0,curve,5,4,
__POOL__,252,walk_forward,Hiking,True,LossFunctionChange,dev_ma_12m,0.0,curve,5,4,
__POOL__,252,walk_forward,Hiking,True,LossFunctionChange,vol_20d,0.0,vol,5,4,
__POOL__,252,walk_forward,Hiking,True,LossFunctionChange,vol_regime,0.0,vol,5,4,
__POOL__,252,walk_forward,Hiking,True,LossFunctionChange,vol_zscore,0.0,vol,5,4,
__POOL__,252,walk_forward,Hiking,True,LossFunctionChange,level_zscore,0.0,curve,5,4,
__POOL__,252,walk_forward,Hiking,True,LossFunctionChange,slope_10_1,0.0,curve,5,4,
__POOL__,252,walk_forward,Hiking,True,LossFunctionChange,slope_10_5,0.0,curve,5,4,
__POOL__,252,walk_forward,Hiking,True,LossFunctionChange,slope_5_1,0.0,curve,5,4,
__POOL__,252,walk_forward,Hiking,True,LossFunctionChange,sofr_mom_1m,0.0,macro,5,4,
__POOL__,252,walk_forward,Hiking,True,LossFunctionChange,ibor_level,0.015160716744608393,macro,5,4,
__POOL__,252,walk_forward,Hiking,True,LossFunctionChange,ibor_chg_1d,0.0,macro,5,4,
__POOL__,252,walk_forward,Hiking,True,LossFunctionChange,ibor_mom_1m,0.0,macro,5,4,
__POOL__,252,walk_forward,Hiking,True,LossFunctionChange,ibor_term_slope,0.0,macro,5,4,
__POOL__,252,walk_forward,Hiking,True,LossFunctionChange,swap_ibor_basis,0.003082547630989585,curve,5,4,
__POOL__,252,walk_forward,Hiking,True,LossFunctionChange,move_level,0.0,vol,5,4,
__POOL__,252,walk_forward,Hiking,True,LossFunctionChange,move_zscore,0.0,vol,5,4,
__POOL__,252,walk_forward,Hiking,True,LossFunctionChange,vix_level,0.0,vol,5,4,
__POOL__,252,walk_forward,Hiking,True,LossFunctionChange,vix_zscore,0.0,vol,5,4,
__POOL__,252,walk_forward,Hiking,True,LossFunctionChange,v2x_level,0.0,vol,5,4,
__POOL__,252,walk_forward,Hiking,True,LossFunctionChange,vxn_level,0.0,vol,5,4,
__POOL__,252,walk_forward,Hiking,True,LossFunctionChange,ovx_level,0.0,vol,5,4,
__POOL__,252,walk_forward,Hiking,True,LossFunctionChange,gvz_level,0.0,vol,5,4,
__POOL__,252,walk_forward,Hiking,True,LossFunctionChange,spx_mom_1m,0.0,macro,5,4,
__POOL__,252,walk_forward,Hiking,True,LossFunctionChange,spx_mom_3m,0.0,macro,5,4,
__POOL__,252,walk_forward,Hiking,True,LossFunctionChange,sx5e_mom_1m,0.0,macro,5,4,
__POOL__,252,walk_forward,Hiking,True,LossFunctionChange,sx5e_mom_3m,0.0,macro,5,4,
__POOL__,252,walk_forward,Hiking,True,LossFunctionChange,mxwo_mom_1m,0.0,macro,5,4,
__POOL__,252,walk_forward,Hiking,True,LossFunctionChange,ndx_mom_1m,0.0,macro,5,4,
__POOL__,252,walk_forward,Hiking,True,LossFunctionChange,oil_mom_1m,0.0,macro,5,4,
__POOL__,252,walk_forward,Hiking,True,LossFunctionChange,oil_mom_3m,0.0,macro,5,4,
__POOL__,252,walk_forward,Hiking,True,LossFunctionChange,copper_mom_1m,0.0,macro,5,4,
__POOL__,252,walk_forward,Hiking,True,LossFunctionChange,opec_prod,0.0,macro,5,4,
__POOL__,252,walk_forward,Hiking,True,LossFunctionChange,natgas_mom_1m,0.0,macro,5,4,
__POOL__,252,walk_forward,Hiking,True,LossFunctionChange,be5y_level,0.0,macro,5,4,
__POOL__,252,walk_forward,Hiking,True,LossFunctionChange,be10y_level,0.0,macro,5,4,
__POOL__,252,walk_forward,Hiking,True,LossFunctionChange,be_slope,0.0,macro,5,4,
__POOL__,252,walk_forward,Hiking,True,LossFunctionChange,be5y_chg_1m,0.0,macro,5,4,
__POOL__,252,walk_forward,Hiking,True,LossFunctionChange,ig_spread,0.0,credit,5,4,
__POOL__,252,walk_forward,Hiking,True,LossFunctionChange,hy_spread,0.0,credit,5,4,
__POOL__,252,walk_forward,Hiking,True,LossFunctionChange,ig_chg_1m,0.0,credit,5,4,
__POOL__,252,walk_forward,Hiking,True,LossFunctionChange,hy_chg_1m,0.0,credit,5,4,
__POOL__,252,walk_forward,Hiking,True,LossFunctionChange,cpi_yoy,0.0,macro,5,4,
__POOL__,252,walk_forward,Hiking,True,LossFunctionChange,pce_core_chg,0.0,macro,5,4,
__POOL__,252,walk_forward,Hiking,True,LossFunctionChange,nfp_change,0.012076072153089035,macro,5,4,
__POOL__,252,walk_forward,Hiking,True,LossFunctionChange,pmi_us,0.0,macro,5,4,
__POOL__,252,walk_forward,Hiking,True,LossFunctionChange,pmi_eur,0.014254179268855305,macro,5,4,
__POOL__,252,walk_forward,Hiking,True,LossFunctionChange,unemp_eur,0.0,macro,5,4,
__POOL__,252,walk_forward,Hiking,True,LossFunctionChange,cpi_nsa_level,0.0,macro,5,4,
__POOL__,252,walk_forward,Hiking,True,LossFunctionChange,pce_core_level,0.0,macro,5,4,
__POOL__,252,walk_forward,Hiking,True,LossFunctionChange,eur_3m,0.0,macro,5,4,
__POOL__,252,walk_forward,Hiking,True,LossFunctionChange,eur_1w,0.004662059521229334,macro,5,4,
__POOL__,252,walk_forward,Hiking,True,LossFunctionChange,nor_ibor_1m,0.0073694398784025505,macro,5,4,
__POOL__,252,walk_forward,Hiking,True,LossFunctionChange,nor_ibor_6m,0.019114566893714935,macro,5,4,
__POOL__,252,walk_forward,Hiking,True,LossFunctionChange,xmpca_01,0.007222765146315591,cross_market,5,4,
__POOL__,252,walk_forward,Hiking,True,LossFunctionChange,xmpca_02,0.0,cross_market,5,4,
__POOL__,252,walk_forward,Hiking,True,LossFunctionChange,xmpca_03,0.0,cross_market,5,4,
__POOL__,252,walk_forward,Hiking,True,LossFunctionChange,xmpca_04,0.0,cross_market,5,4,
__POOL__,252,walk_forward,Hiking,True,LossFunctionChange,xmpca_05,0.0,cross_market,5,4,
__POOL__,252,walk_forward,Hiking,True,LossFunctionChange,xmpca_06,0.0,cross_market,5,4,
__POOL__,252,walk_forward,Hiking,True,LossFunctionChange,xmpca_07,0.0,cross_market,5,4,
__POOL__,252,walk_forward,Hiking,True,LossFunctionChange,xmpca_08,0.0,cross_market,5,4,
__POOL__,252,walk_forward,Hiking,True,LossFunctionChange,xmpca_09,0.0,cross_market,5,4,
__POOL__,252,walk_forward,Hiking,True,LossFunctionChange,xmpca_10,0.0,cross_market,5,4,
__POOL__,252,walk_forward,Hiking,True,LossFunctionChange,xmpca_11,0.0,cross_market,5,4,
__POOL__,252,walk_forward,Hiking,True,LossFunctionChange,xmpca_12,0.0,cross_market,5,4,
__POOL__,252,walk_forward,Hiking,True,LossFunctionChange,security,0.0,categorical,5,4,
__POOL__,252,walk_forward,Hiking,True,LossFunctionChange,country,0.005229220220381636,categorical,5,4,
__POOL__,252,walk_forward,Hiking,True,LossFunctionChange,maturity,0.0,categorical,5,4,
