horizon,scheme,fold,use_categoricals,cat_n_trees,cat_depth,best_n_est,learning_rate,depth,cat_mvs_fraction,rsm,l2_leaf_reg,min_data_in_leaf,val_mse,best_n_estimators,selected
252,walk_forward,GFC,True,145,4,145,0.01,4,0.8,0.8,1.0,1,2.0704227733246516,372,False
252,walk_forward,GFC,True,145,4,145,0.01,4,0.8,0.8,1.0,5,2.0704227733246516,372,False
252,walk_forward,GFC,True,145,4,145,0.01,4,0.8,0.8,5.0,1,1.9733897095268953,500,False
252,walk_forward,GFC,True,145,4,145,0.01,4,0.8,0.8,5.0,5,1.9733897095268953,500,False
252,walk_forward,GFC,True,145,4,145,0.01,4,0.8,0.8,10.0,1,2.0000549870721045,498,False
252,walk_forward,GFC,True,145,4,145,0.01,4,0.8,0.8,10.0,5,2.0000549870721045,498,False
252,walk_forward,GFC,True,145,4,145,0.01,4,0.8,1.0,1.0,1,1.942953890314592,500,False
252,walk_forward,GFC,True,145,4,145,0.01,4,0.8,1.0,1.0,5,1.942953890314592,500,False
252,walk_forward,GFC,True,145,4,145,0.01,4,0.8,1.0,5.0,1,1.9407349118630783,500,False
252,walk_forward,GFC,True,145,4,145,0.01,4,0.8,1.0,5.0,5,1.9407349118630783,500,False
252,walk_forward,GFC,True,145,4,145,0.01,4,0.8,1.0,10.0,1,1.9695145239145115,495,False
252,walk_forward,GFC,True,145,4,145,0.01,4,0.8,1.0,10.0,5,1.9695145239145115,495,False
252,walk_forward,GFC,True,145,4,145,0.01,4,1.0,0.8,1.0,1,1.8825120144085878,496,False
252,walk_forward,GFC,True,145,4,145,0.01,4,1.0,0.8,1.0,5,1.8825120144085878,496,False
252,walk_forward,GFC,True,145,4,145,0.01,4,1.0,0.8,5.0,1,1.884684083737435,500,False
252,walk_forward,GFC,True,145,4,145,0.01,4,1.0,0.8,5.0,5,1.884684083737435,500,False
252,walk_forward,GFC,True,145,4,145,0.01,4,1.0,0.8,10.0,1,1.8639971060108798,500,False
252,walk_forward,GFC,True,145,4,145,0.01,4,1.0,0.8,10.0,5,1.8639971060108798,500,False
252,walk_forward,GFC,True,145,4,145,0.01,4,1.0,1.0,1.0,1,1.989499307292481,492,False
252,walk_forward,GFC,True,145,4,145,0.01,4,1.0,1.0,1.0,5,1.989499307292481,492,False
252,walk_forward,GFC,True,145,4,145,0.01,4,1.0,1.0,5.0,1,1.9849902151100274,496,False
252,walk_forward,GFC,True,145,4,145,0.01,4,1.0,1.0,5.0,5,1.9849902151100274,496,False
252,walk_forward,GFC,True,145,4,145,0.01,4,1.0,1.0,10.0,1,1.9880487056274971,499,False
252,walk_forward,GFC,True,145,4,145,0.01,4,1.0,1.0,10.0,5,1.9880487056274971,499,False
252,walk_forward,GFC,True,145,4,145,0.01,6,0.8,0.8,1.0,1,1.9260434383302099,495,False
252,walk_forward,GFC,True,145,4,145,0.01,6,0.8,0.8,1.0,5,1.9260434383302099,495,False
252,walk_forward,GFC,True,145,4,145,0.01,6,0.8,0.8,5.0,1,1.9585352732013968,500,False
252,walk_forward,GFC,True,145,4,145,0.01,6,0.8,0.8,5.0,5,1.9585352732013968,500,False
252,walk_forward,GFC,True,145,4,145,0.01,6,0.8,0.8,10.0,1,1.990768450388983,500,False
252,walk_forward,GFC,True,145,4,145,0.01,6,0.8,0.8,10.0,5,1.990768450388983,500,False
252,walk_forward,GFC,True,145,4,145,0.01,6,0.8,1.0,1.0,1,1.913468064894957,448,False
252,walk_forward,GFC,True,145,4,145,0.01,6,0.8,1.0,1.0,5,1.913468064894957,448,False
252,walk_forward,GFC,True,145,4,145,0.01,6,0.8,1.0,5.0,1,1.90483316822867,500,False
252,walk_forward,GFC,True,145,4,145,0.01,6,0.8,1.0,5.0,5,1.90483316822867,500,False
252,walk_forward,GFC,True,145,4,145,0.01,6,0.8,1.0,10.0,1,2.0204721146057327,271,False
252,walk_forward,GFC,True,145,4,145,0.01,6,0.8,1.0,10.0,5,2.0204721146057327,271,False
252,walk_forward,GFC,True,145,4,145,0.01,6,1.0,0.8,1.0,1,1.9062954832703705,496,False
252,walk_forward,GFC,True,145,4,145,0.01,6,1.0,0.8,1.0,5,1.9062954832703705,496,False
252,walk_forward,GFC,True,145,4,145,0.01,6,1.0,0.8,5.0,1,1.9399020807655574,498,False
252,walk_forward,GFC,True,145,4,145,0.01,6,1.0,0.8,5.0,5,1.9399020807655574,498,False
252,walk_forward,GFC,True,145,4,145,0.01,6,1.0,0.8,10.0,1,1.9632239414819574,498,False
252,walk_forward,GFC,True,145,4,145,0.01,6,1.0,0.8,10.0,5,1.9632239414819574,498,False
252,walk_forward,GFC,True,145,4,145,0.01,6,1.0,1.0,1.0,1,1.8933587295764303,500,False
252,walk_forward,GFC,True,145,4,145,0.01,6,1.0,1.0,1.0,5,1.8933587295764303,500,False
252,walk_forward,GFC,True,145,4,145,0.01,6,1.0,1.0,5.0,1,1.9414349426653243,488,False
252,walk_forward,GFC,True,145,4,145,0.01,6,1.0,1.0,5.0,5,1.9414349426653243,488,False
252,walk_forward,GFC,True,145,4,145,0.01,6,1.0,1.0,10.0,1,1.9607858594449985,383,False
252,walk_forward,GFC,True,145,4,145,0.01,6,1.0,1.0,10.0,5,1.9607858594449985,383,False
252,walk_forward,GFC,True,145,4,145,0.05,4,0.8,0.8,1.0,1,1.8718768769538985,285,False
252,walk_forward,GFC,True,145,4,145,0.05,4,0.8,0.8,1.0,5,1.8718768769538985,285,False
252,walk_forward,GFC,True,145,4,145,0.05,4,0.8,0.8,5.0,1,1.958996005172678,268,False
252,walk_forward,GFC,True,145,4,145,0.05,4,0.8,0.8,5.0,5,1.958996005172678,268,False
252,walk_forward,GFC,True,145,4,145,0.05,4,0.8,0.8,10.0,1,1.911128968060477,209,False
252,walk_forward,GFC,True,145,4,145,0.05,4,0.8,0.8,10.0,5,1.911128968060477,209,False
252,walk_forward,GFC,True,145,4,145,0.05,4,0.8,1.0,1.0,1,1.8147668444765457,150,False
252,walk_forward,GFC,True,145,4,145,0.05,4,0.8,1.0,1.0,5,1.8147668444765457,150,False
252,walk_forward,GFC,True,145,4,145,0.05,4,0.8,1.0,5.0,1,1.7376242832165978,224,False
252,walk_forward,GFC,True,145,4,145,0.05,4,0.8,1.0,5.0,5,1.7376242832165978,224,False
252,walk_forward,GFC,True,145,4,145,0.05,4,0.8,1.0,10.0,1,1.6876688040773082,216,False
252,walk_forward,GFC,True,145,4,145,0.05,4,0.8,1.0,10.0,5,1.6876688040773082,216,False
252,walk_forward,GFC,True,145,4,145,0.05,4,1.0,0.8,1.0,1,1.8175329586941216,246,False
252,walk_forward,GFC,True,145,4,145,0.05,4,1.0,0.8,1.0,5,1.8175329586941216,246,False
252,walk_forward,GFC,True,145,4,145,0.05,4,1.0,0.8,5.0,1,1.8341172517905535,140,False
252,walk_forward,GFC,True,145,4,145,0.05,4,1.0,0.8,5.0,5,1.8341172517905535,140,False
252,walk_forward,GFC,True,145,4,145,0.05,4,1.0,0.8,10.0,1,1.7953246547448114,260,False
252,walk_forward,GFC,True,145,4,145,0.05,4,1.0,0.8,10.0,5,1.7953246547448114,260,False
252,walk_forward,GFC,True,145,4,145,0.05,4,1.0,1.0,1.0,1,1.889443534884365,206,False
252,walk_forward,GFC,True,145,4,145,0.05,4,1.0,1.0,1.0,5,1.889443534884365,206,False
252,walk_forward,GFC,True,145,4,145,0.05,4,1.0,1.0,5.0,1,1.845952223886943,250,False
252,walk_forward,GFC,True,145,4,145,0.05,4,1.0,1.0,5.0,5,1.845952223886943,250,False
252,walk_forward,GFC,True,145,4,145,0.05,4,1.0,1.0,10.0,1,1.808119899625345,263,False
252,walk_forward,GFC,True,145,4,145,0.05,4,1.0,1.0,10.0,5,1.808119899625345,263,False
252,walk_forward,GFC,True,145,4,145,0.05,6,0.8,0.8,1.0,1,1.8912607162832988,208,False
252,walk_forward,GFC,True,145,4,145,0.05,6,0.8,0.8,1.0,5,1.8912607162832988,208,False
252,walk_forward,GFC,True,145,4,145,0.05,6,0.8,0.8,5.0,1,1.875117257603436,219,False
252,walk_forward,GFC,True,145,4,145,0.05,6,0.8,0.8,5.0,5,1.875117257603436,219,False
252,walk_forward,GFC,True,145,4,145,0.05,6,0.8,0.8,10.0,1,1.9084675384469234,245,False
252,walk_forward,GFC,True,145,4,145,0.05,6,0.8,0.8,10.0,5,1.9084675384469234,245,False
252,walk_forward,GFC,True,145,4,145,0.05,6,0.8,1.0,1.0,1,1.7732052802096139,299,False
252,walk_forward,GFC,True,145,4,145,0.05,6,0.8,1.0,1.0,5,1.7732052802096139,299,False
252,walk_forward,GFC,True,145,4,145,0.05,6,0.8,1.0,5.0,1,1.7941346355168253,68,False
252,walk_forward,GFC,True,145,4,145,0.05,6,0.8,1.0,5.0,5,1.7941346355168253,68,False
252,walk_forward,GFC,True,145,4,145,0.05,6,0.8,1.0,10.0,1,1.8812888796327423,50,False
252,walk_forward,GFC,True,145,4,145,0.05,6,0.8,1.0,10.0,5,1.8812888796327423,50,False
252,walk_forward,GFC,True,145,4,145,0.05,6,1.0,0.8,1.0,1,1.8934025569431059,218,False
252,walk_forward,GFC,True,145,4,145,0.05,6,1.0,0.8,1.0,5,1.8934025569431059,218,False
252,walk_forward,GFC,True,145,4,145,0.05,6,1.0,0.8,5.0,1,1.806875511393231,192,False
252,walk_forward,GFC,True,145,4,145,0.05,6,1.0,0.8,5.0,5,1.806875511393231,192,False
252,walk_forward,GFC,True,145,4,145,0.05,6,1.0,0.8,10.0,1,1.8124134883173164,259,False
252,walk_forward,GFC,True,145,4,145,0.05,6,1.0,0.8,10.0,5,1.8124134883173164,259,False
252,walk_forward,GFC,True,145,4,145,0.05,6,1.0,1.0,1.0,1,1.9148909744012899,184,False
252,walk_forward,GFC,True,145,4,145,0.05,6,1.0,1.0,1.0,5,1.9148909744012899,184,False
252,walk_forward,GFC,True,145,4,145,0.05,6,1.0,1.0,5.0,1,1.9036265285998653,190,False
252,walk_forward,GFC,True,145,4,145,0.05,6,1.0,1.0,5.0,5,1.9036265285998653,190,False
252,walk_forward,GFC,True,145,4,145,0.05,6,1.0,1.0,10.0,1,1.9551457267828714,200,False
252,walk_forward,GFC,True,145,4,145,0.05,6,1.0,1.0,10.0,5,1.9551457267828714,200,False
252,walk_forward,GFC,True,145,4,145,0.1,4,0.8,0.8,1.0,1,1.8242712008388875,191,False
252,walk_forward,GFC,True,145,4,145,0.1,4,0.8,0.8,1.0,5,1.8242712008388875,191,False
252,walk_forward,GFC,True,145,4,145,0.1,4,0.8,0.8,5.0,1,2.1692145602888964,72,False
252,walk_forward,GFC,True,145,4,145,0.1,4,0.8,0.8,5.0,5,2.1692145602888964,72,False
252,walk_forward,GFC,True,145,4,145,0.1,4,0.8,0.8,10.0,1,2.0395151492767267,81,False
252,walk_forward,GFC,True,145,4,145,0.1,4,0.8,0.8,10.0,5,2.0395151492767267,81,False
252,walk_forward,GFC,True,145,4,145,0.1,4,0.8,1.0,1.0,1,1.6949480489752466,130,False
252,walk_forward,GFC,True,145,4,145,0.1,4,0.8,1.0,1.0,5,1.6949480489752466,130,False
252,walk_forward,GFC,True,145,4,145,0.1,4,0.8,1.0,5.0,1,1.7329896438456045,131,False
252,walk_forward,GFC,True,145,4,145,0.1,4,0.8,1.0,5.0,5,1.7329896438456045,131,False
252,walk_forward,GFC,True,145,4,145,0.1,4,0.8,1.0,10.0,1,1.6471694301794024,145,True
252,walk_forward,GFC,True,145,4,145,0.1,4,0.8,1.0,10.0,5,1.6471694301794024,145,False
252,walk_forward,GFC,True,145,4,145,0.1,4,1.0,0.8,1.0,1,1.885187236044189,105,False
252,walk_forward,GFC,True,145,4,145,0.1,4,1.0,0.8,1.0,5,1.885187236044189,105,False
252,walk_forward,GFC,True,145,4,145,0.1,4,1.0,0.8,5.0,1,1.9661176207080757,121,False
252,walk_forward,GFC,True,145,4,145,0.1,4,1.0,0.8,5.0,5,1.9661176207080757,121,False
252,walk_forward,GFC,True,145,4,145,0.1,4,1.0,0.8,10.0,1,1.9490276641786726,84,False
252,walk_forward,GFC,True,145,4,145,0.1,4,1.0,0.8,10.0,5,1.9490276641786726,84,False
252,walk_forward,GFC,True,145,4,145,0.1,4,1.0,1.0,1.0,1,1.9093745334446757,96,False
252,walk_forward,GFC,True,145,4,145,0.1,4,1.0,1.0,1.0,5,1.9093745334446757,96,False
252,walk_forward,GFC,True,145,4,145,0.1,4,1.0,1.0,5.0,1,1.8513640379824603,149,False
252,walk_forward,GFC,True,145,4,145,0.1,4,1.0,1.0,5.0,5,1.8513640379824603,149,False
252,walk_forward,GFC,True,145,4,145,0.1,4,1.0,1.0,10.0,1,1.881329987457227,135,False
252,walk_forward,GFC,True,145,4,145,0.1,4,1.0,1.0,10.0,5,1.881329987457227,135,False
252,walk_forward,GFC,True,145,4,145,0.1,6,0.8,0.8,1.0,1,1.9484504851506734,108,False
252,walk_forward,GFC,True,145,4,145,0.1,6,0.8,0.8,1.0,5,1.9484504851506734,108,False
252,walk_forward,GFC,True,145,4,145,0.1,6,0.8,0.8,5.0,1,2.094099347741947,75,False
252,walk_forward,GFC,True,145,4,145,0.1,6,0.8,0.8,5.0,5,2.094099347741947,75,False
252,walk_forward,GFC,True,145,4,145,0.1,6,0.8,0.8,10.0,1,1.8948442355146125,130,False
252,walk_forward,GFC,True,145,4,145,0.1,6,0.8,0.8,10.0,5,1.8948442355146125,130,False
252,walk_forward,GFC,True,145,4,145,0.1,6,0.8,1.0,1.0,1,1.9630093985110038,94,False
252,walk_forward,GFC,True,145,4,145,0.1,6,0.8,1.0,1.0,5,1.9630093985110038,94,False
252,walk_forward,GFC,True,145,4,145,0.1,6,0.8,1.0,5.0,1,1.8867383291991089,128,False
252,walk_forward,GFC,True,145,4,145,0.1,6,0.8,1.0,5.0,5,1.8867383291991089,128,False
252,walk_forward,GFC,True,145,4,145,0.1,6,0.8,1.0,10.0,1,1.9738135644644892,84,False
252,walk_forward,GFC,True,145,4,145,0.1,6,0.8,1.0,10.0,5,1.9738135644644892,84,False
252,walk_forward,GFC,True,145,4,145,0.1,6,1.0,0.8,1.0,1,1.8540941919032254,115,False
252,walk_forward,GFC,True,145,4,145,0.1,6,1.0,0.8,1.0,5,1.8540941919032254,115,False
252,walk_forward,GFC,True,145,4,145,0.1,6,1.0,0.8,5.0,1,1.8455698562007132,86,False
252,walk_forward,GFC,True,145,4,145,0.1,6,1.0,0.8,5.0,5,1.8455698562007132,86,False
252,walk_forward,GFC,True,145,4,145,0.1,6,1.0,0.8,10.0,1,1.9000110583482404,132,False
252,walk_forward,GFC,True,145,4,145,0.1,6,1.0,0.8,10.0,5,1.9000110583482404,132,False
252,walk_forward,GFC,True,145,4,145,0.1,6,1.0,1.0,1.0,1,1.838283124866638,148,False
252,walk_forward,GFC,True,145,4,145,0.1,6,1.0,1.0,1.0,5,1.838283124866638,148,False
252,walk_forward,GFC,True,145,4,145,0.1,6,1.0,1.0,5.0,1,1.854038250084913,136,False
252,walk_forward,GFC,True,145,4,145,0.1,6,1.0,1.0,5.0,5,1.854038250084913,136,False
252,walk_forward,GFC,True,145,4,145,0.1,6,1.0,1.0,10.0,1,1.8478906762031473,113,False
252,walk_forward,GFC,True,145,4,145,0.1,6,1.0,1.0,10.0,5,1.8478906762031473,113,False
252,walk_forward,ZIRP_early,True,1,4,1,0.01,4,0.8,0.8,1.0,1,0.7906026874021272,1,False
252,walk_forward,ZIRP_early,True,1,4,1,0.01,4,0.8,0.8,1.0,5,0.7906026874021272,1,False
252,walk_forward,ZIRP_early,True,1,4,1,0.01,4,0.8,0.8,5.0,1,0.7906011168717698,1,False
252,walk_forward,ZIRP_early,True,1,4,1,0.01,4,0.8,0.8,5.0,5,0.7906011168717698,1,False
252,walk_forward,ZIRP_early,True,1,4,1,0.01,4,0.8,0.8,10.0,1,0.7905991589071756,1,False
252,walk_forward,ZIRP_early,True,1,4,1,0.01,4,0.8,0.8,10.0,5,0.7905991589071756,1,False
252,walk_forward,ZIRP_early,True,1,4,1,0.01,4,0.8,1.0,1.0,1,0.7877058935683089,1,False
252,walk_forward,ZIRP_early,True,1,4,1,0.01,4,0.8,1.0,1.0,5,0.7877058935683089,1,False
252,walk_forward,ZIRP_early,True,1,4,1,0.01,4,0.8,1.0,5.0,1,0.7877123547256082,1,False
252,walk_forward,ZIRP_early,True,1,4,1,0.01,4,0.8,1.0,5.0,5,0.7877123547256082,1,False
252,walk_forward,ZIRP_early,True,1,4,1,0.01,4,0.8,1.0,10.0,1,0.7877203696924135,1,False
252,walk_forward,ZIRP_early,True,1,4,1,0.01,4,0.8,1.0,10.0,5,0.7877203696924135,1,False
252,walk_forward,ZIRP_early,True,1,4,1,0.01,4,1.0,0.8,1.0,1,0.7914512337458474,1,False
252,walk_forward,ZIRP_early,True,1,4,1,0.01,4,1.0,0.8,1.0,5,0.7914512337458474,1,False
252,walk_forward,ZIRP_early,True,1,4,1,0.01,4,1.0,0.8,5.0,1,0.7914507375689042,1,False
252,walk_forward,ZIRP_early,True,1,4,1,0.01,4,1.0,0.8,5.0,5,0.7914507375689042,1,False
252,walk_forward,ZIRP_early,True,1,4,1,0.01,4,1.0,0.8,10.0,1,0.7914501175689626,1,False
252,walk_forward,ZIRP_early,True,1,4,1,0.01,4,1.0,0.8,10.0,5,0.7914501175689626,1,False
252,walk_forward,ZIRP_early,True,1,4,1,0.01,4,1.0,1.0,1.0,1,0.7911234180580852,1,False
252,walk_forward,ZIRP_early,True,1,4,1,0.01,4,1.0,1.0,1.0,5,0.7911234180580852,1,False
252,walk_forward,ZIRP_early,True,1,4,1,0.01,4,1.0,1.0,5.0,1,0.7911226666935741,1,False
252,walk_forward,ZIRP_early,True,1,4,1,0.01,4,1.0,1.0,5.0,5,0.7911226666935741,1,False
252,walk_forward,ZIRP_early,True,1,4,1,0.01,4,1.0,1.0,10.0,1,0.7911217281963272,1,False
252,walk_forward,ZIRP_early,True,1,4,1,0.01,4,1.0,1.0,10.0,5,0.7911217281963272,1,False
252,walk_forward,ZIRP_early,True,1,4,1,0.01,6,0.8,0.8,1.0,1,0.7898972191695854,1,False
252,walk_forward,ZIRP_early,True,1,4,1,0.01,6,0.8,0.8,1.0,5,0.7898972191695854,1,False
252,walk_forward,ZIRP_early,True,1,4,1,0.01,6,0.8,0.8,5.0,1,0.7898952204512273,1,False
252,walk_forward,ZIRP_early,True,1,4,1,0.01,6,0.8,0.8,5.0,5,0.7898952204512273,1,False
252,walk_forward,ZIRP_early,True,1,4,1,0.01,6,0.8,0.8,10.0,1,0.789892738855759,1,False
252,walk_forward,ZIRP_early,True,1,4,1,0.01,6,0.8,0.8,10.0,5,0.789892738855759,1,False
252,walk_forward,ZIRP_early,True,1,4,1,0.01,6,0.8,1.0,1.0,1,0.7888095638540048,1,False
252,walk_forward,ZIRP_early,True,1,4,1,0.01,6,0.8,1.0,1.0,5,0.7888095638540048,1,False
252,walk_forward,ZIRP_early,True,1,4,1,0.01,6,0.8,1.0,5.0,1,0.7888139840523224,1,False
252,walk_forward,ZIRP_early,True,1,4,1,0.01,6,0.8,1.0,5.0,5,0.7888139840523224,1,False
252,walk_forward,ZIRP_early,True,1,4,1,0.01,6,0.8,1.0,10.0,1,0.7888194569484518,1,False
252,walk_forward,ZIRP_early,True,1,4,1,0.01,6,0.8,1.0,10.0,5,0.7888194569484518,1,False
252,walk_forward,ZIRP_early,True,1,4,1,0.01,6,1.0,0.8,1.0,1,0.792249711914582,1,False
252,walk_forward,ZIRP_early,True,1,4,1,0.01,6,1.0,0.8,1.0,5,0.792249711914582,1,False
252,walk_forward,ZIRP_early,True,1,4,1,0.01,6,1.0,0.8,5.0,1,0.7922448216364265,1,False
252,walk_forward,ZIRP_early,True,1,4,1,0.01,6,1.0,0.8,5.0,5,0.7922448216364265,1,False
252,walk_forward,ZIRP_early,True,1,4,1,0.01,6,1.0,0.8,10.0,1,0.7922387311875166,1,False
252,walk_forward,ZIRP_early,True,1,4,1,0.01,6,1.0,0.8,10.0,5,0.7922387311875166,1,False
252,walk_forward,ZIRP_early,True,1,4,1,0.01,6,1.0,1.0,1.0,1,0.7908823640602962,1,False
252,walk_forward,ZIRP_early,True,1,4,1,0.01,6,1.0,1.0,1.0,5,0.7908823640602962,1,False
252,walk_forward,ZIRP_early,True,1,4,1,0.01,6,1.0,1.0,5.0,1,0.7908793800434335,1,False
252,walk_forward,ZIRP_early,True,1,4,1,0.01,6,1.0,1.0,5.0,5,0.7908793800434335,1,False
252,walk_forward,ZIRP_early,True,1,4,1,0.01,6,1.0,1.0,10.0,1,0.7908756822450198,1,False
252,walk_forward,ZIRP_early,True,1,4,1,0.01,6,1.0,1.0,10.0,5,0.7908756822450198,1,False
252,walk_forward,ZIRP_early,True,1,4,1,0.05,4,0.8,0.8,1.0,1,0.7999357561874864,1,False
252,walk_forward,ZIRP_early,True,1,4,1,0.05,4,0.8,0.8,1.0,5,0.7999357561874864,1,False
252,walk_forward,ZIRP_early,True,1,4,1,0.05,4,0.8,0.8,5.0,1,0.7999277957773122,1,False
252,walk_forward,ZIRP_early,True,1,4,1,0.05,4,0.8,0.8,5.0,5,0.7999277957773122,1,False
252,walk_forward,ZIRP_early,True,1,4,1,0.05,4,0.8,0.8,10.0,1,0.799917871684107,1,False
252,walk_forward,ZIRP_early,True,1,4,1,0.05,4,0.8,0.8,10.0,5,0.799917871684107,1,False
252,walk_forward,ZIRP_early,True,1,4,1,0.05,4,0.8,1.0,1.0,1,0.7856188457471184,1,False
252,walk_forward,ZIRP_early,True,1,4,1,0.05,4,0.8,1.0,1.0,5,0.7856188457471184,1,False
252,walk_forward,ZIRP_early,True,1,4,1,0.05,4,0.8,1.0,5.0,1,0.7856499479683586,1,False
252,walk_forward,ZIRP_early,True,1,4,1,0.05,4,0.8,1.0,5.0,5,0.7856499479683586,1,False
252,walk_forward,ZIRP_early,True,1,4,1,0.05,4,0.8,1.0,10.0,1,0.785688532762816,1,False
252,walk_forward,ZIRP_early,True,1,4,1,0.05,4,0.8,1.0,10.0,5,0.785688532762816,1,False
252,walk_forward,ZIRP_early,True,1,4,1,0.05,4,1.0,0.8,1.0,1,0.8043319064857346,1,False
252,walk_forward,ZIRP_early,True,1,4,1,0.05,4,1.0,0.8,1.0,5,0.8043319064857346,1,False
252,walk_forward,ZIRP_early,True,1,4,1,0.05,4,1.0,0.8,5.0,1,0.804329310919669,1,False
252,walk_forward,ZIRP_early,True,1,4,1,0.05,4,1.0,0.8,5.0,5,0.804329310919669,1,False
252,walk_forward,ZIRP_early,True,1,4,1,0.05,4,1.0,0.8,10.0,1,0.8043260676443764,1,False
252,walk_forward,ZIRP_early,True,1,4,1,0.05,4,1.0,0.8,10.0,5,0.8043260676443764,1,False
252,walk_forward,ZIRP_early,True,1,4,1,0.05,4,1.0,1.0,1.0,1,0.8026048644978983,1,False
252,walk_forward,ZIRP_early,True,1,4,1,0.05,4,1.0,1.0,1.0,5,0.8026048644978983,1,False
252,walk_forward,ZIRP_early,True,1,4,1,0.05,4,1.0,1.0,5.0,1,0.8026009409547832,1,False
252,walk_forward,ZIRP_early,True,1,4,1,0.05,4,1.0,1.0,5.0,5,0.8026009409547832,1,False
252,walk_forward,ZIRP_early,True,1,4,1,0.05,4,1.0,1.0,10.0,1,0.802596040399362,1,False
252,walk_forward,ZIRP_early,True,1,4,1,0.05,4,1.0,1.0,10.0,5,0.802596040399362,1,False
252,walk_forward,ZIRP_early,True,1,4,1,0.05,6,0.8,0.8,1.0,1,0.7964662842448892,1,False
252,walk_forward,ZIRP_early,True,1,4,1,0.05,6,0.8,0.8,1.0,5,0.7964662842448892,1,False
252,walk_forward,ZIRP_early,True,1,4,1,0.05,6,0.8,0.8,5.0,1,0.7964557695473793,1,False
252,walk_forward,ZIRP_early,True,1,4,1,0.05,6,0.8,0.8,5.0,5,0.7964557695473793,1,False
252,walk_forward,ZIRP_early,True,1,4,1,0.05,6,0.8,0.8,10.0,1,0.7964427160878139,1,False
252,walk_forward,ZIRP_early,True,1,4,1,0.05,6,0.8,0.8,10.0,5,0.7964427160878139,1,False
252,walk_forward,ZIRP_early,True,1,4,1,0.05,6,0.8,1.0,1.0,1,0.7913288723168436,1,False
252,walk_forward,ZIRP_early,True,1,4,1,0.05,6,0.8,1.0,1.0,5,0.7913288723168436,1,False
252,walk_forward,ZIRP_early,True,1,4,1,0.05,6,0.8,1.0,5.0,1,0.7913491426027421,1,False
252,walk_forward,ZIRP_early,True,1,4,1,0.05,6,0.8,1.0,5.0,5,0.7913491426027421,1,False
252,walk_forward,ZIRP_early,True,1,4,1,0.05,6,0.8,1.0,10.0,1,0.7913742422600322,1,False
252,walk_forward,ZIRP_early,True,1,4,1,0.05,6,0.8,1.0,10.0,5,0.7913742422600322,1,False
252,walk_forward,ZIRP_early,True,1,4,1,0.05,6,1.0,0.8,1.0,1,0.8084188237422933,1,False
252,walk_forward,ZIRP_early,True,1,4,1,0.05,6,1.0,0.8,1.0,5,0.8084188237422933,1,False
252,walk_forward,ZIRP_early,True,1,4,1,0.05,6,1.0,0.8,5.0,1,0.8083933716503134,1,False
252,walk_forward,ZIRP_early,True,1,4,1,0.05,6,1.0,0.8,5.0,5,0.8083933716503134,1,False
252,walk_forward,ZIRP_early,True,1,4,1,0.05,6,1.0,0.8,10.0,1,0.808361678077237,1,False
252,walk_forward,ZIRP_early,True,1,4,1,0.05,6,1.0,0.8,10.0,5,0.808361678077237,1,False
252,walk_forward,ZIRP_early,True,1,4,1,0.05,6,1.0,1.0,1.0,1,0.8015184715296212,1,False
252,walk_forward,ZIRP_early,True,1,4,1,0.05,6,1.0,1.0,1.0,5,0.8015184715296212,1,False
252,walk_forward,ZIRP_early,True,1,4,1,0.05,6,1.0,1.0,5.0,1,0.8015028993681681,1,False
252,walk_forward,ZIRP_early,True,1,4,1,0.05,6,1.0,1.0,5.0,5,0.8015028993681681,1,False
252,walk_forward,ZIRP_early,True,1,4,1,0.05,6,1.0,1.0,10.0,1,0.801483603513072,1,False
252,walk_forward,ZIRP_early,True,1,4,1,0.05,6,1.0,1.0,10.0,5,0.801483603513072,1,False
252,walk_forward,ZIRP_early,True,1,4,1,0.1,4,0.8,0.8,1.0,1,0.8120770053064816,1,False
252,walk_forward,ZIRP_early,True,1,4,1,0.1,4,0.8,0.8,1.0,5,0.8120770053064816,1,False
252,walk_forward,ZIRP_early,True,1,4,1,0.1,4,0.8,0.8,5.0,1,0.8120608150908973,1,False
252,walk_forward,ZIRP_early,True,1,4,1,0.1,4,0.8,0.8,5.0,5,0.8120608150908973,1,False
252,walk_forward,ZIRP_early,True,1,4,1,0.1,4,0.8,0.8,10.0,1,0.8120406312298175,1,False
252,walk_forward,ZIRP_early,True,1,4,1,0.1,4,0.8,0.8,10.0,5,0.8120406312298175,1,False
252,walk_forward,ZIRP_early,True,1,4,1,0.1,4,0.8,1.0,1.0,1,0.7838608325925897,1,True
252,walk_forward,ZIRP_early,True,1,4,1,0.1,4,0.8,1.0,1.0,5,0.7838608325925897,1,False
252,walk_forward,ZIRP_early,True,1,4,1,0.1,4,0.8,1.0,5.0,1,0.7839200281189491,1,False
252,walk_forward,ZIRP_early,True,1,4,1,0.1,4,0.8,1.0,5.0,5,0.7839200281189491,1,False
252,walk_forward,ZIRP_early,True,1,4,1,0.1,4,0.8,1.0,10.0,1,0.7839934726052399,1,False
252,walk_forward,ZIRP_early,True,1,4,1,0.1,4,0.8,1.0,10.0,5,0.7839934726052399,1,False
252,walk_forward,ZIRP_early,True,1,4,1,0.1,4,1.0,0.8,1.0,1,0.8212528519533886,1,False
252,walk_forward,ZIRP_early,True,1,4,1,0.1,4,1.0,0.8,1.0,5,0.8212528519533886,1,False
252,walk_forward,ZIRP_early,True,1,4,1,0.1,4,1.0,0.8,5.0,1,0.8212473741181172,1,False
252,walk_forward,ZIRP_early,True,1,4,1,0.1,4,1.0,0.8,5.0,5,0.8212473741181172,1,False
252,walk_forward,ZIRP_early,True,1,4,1,0.1,4,1.0,0.8,10.0,1,0.8212405293788623,1,False
252,walk_forward,ZIRP_early,True,1,4,1,0.1,4,1.0,0.8,10.0,5,0.8212405293788623,1,False
252,walk_forward,ZIRP_early,True,1,4,1,0.1,4,1.0,1.0,1.0,1,0.8175788592598506,1,False
252,walk_forward,ZIRP_early,True,1,4,1,0.1,4,1.0,1.0,1.0,5,0.8175788592598506,1,False
252,walk_forward,ZIRP_early,True,1,4,1,0.1,4,1.0,1.0,5.0,1,0.8175705953725746,1,False
252,walk_forward,ZIRP_early,True,1,4,1,0.1,4,1.0,1.0,5.0,5,0.8175705953725746,1,False
252,walk_forward,ZIRP_early,True,1,4,1,0.1,4,1.0,1.0,10.0,1,0.8175602740892075,1,False
252,walk_forward,ZIRP_early,True,1,4,1,0.1,4,1.0,1.0,10.0,5,0.8175602740892075,1,False
252,walk_forward,ZIRP_early,True,1,4,1,0.1,6,0.8,0.8,1.0,1,0.8052827347987288,1,False
252,walk_forward,ZIRP_early,True,1,4,1,0.1,6,0.8,0.8,1.0,5,0.8052827347987288,1,False
252,walk_forward,ZIRP_early,True,1,4,1,0.1,6,0.8,0.8,5.0,1,0.8052604026403531,1,False
252,walk_forward,ZIRP_early,True,1,4,1,0.1,6,0.8,0.8,5.0,5,0.8052604026403531,1,False
252,walk_forward,ZIRP_early,True,1,4,1,0.1,6,0.8,0.8,10.0,1,0.8052326820168337,1,False
252,walk_forward,ZIRP_early,True,1,4,1,0.1,6,0.8,0.8,10.0,5,0.8052326820168337,1,False
252,walk_forward,ZIRP_early,True,1,4,1,0.1,6,0.8,1.0,1.0,1,0.7957600730667547,1,False
252,walk_forward,ZIRP_early,True,1,4,1,0.1,6,0.8,1.0,1.0,5,0.7957600730667547,1,False
252,walk_forward,ZIRP_early,True,1,4,1,0.1,6,0.8,1.0,5.0,1,0.7957960368723113,1,False
252,walk_forward,ZIRP_early,True,1,4,1,0.1,6,0.8,1.0,5.0,5,0.7957960368723113,1,False
252,walk_forward,ZIRP_early,True,1,4,1,0.1,6,0.8,1.0,10.0,1,0.7958405741260033,1,False
252,walk_forward,ZIRP_early,True,1,4,1,0.1,6,0.8,1.0,10.0,5,0.7958405741260033,1,False
252,walk_forward,ZIRP_early,True,1,4,1,0.1,6,1.0,0.8,1.0,1,0.8296630021246956,1,False
252,walk_forward,ZIRP_early,True,1,4,1,0.1,6,1.0,0.8,1.0,5,0.8296630021246956,1,False
252,walk_forward,ZIRP_early,True,1,4,1,0.1,6,1.0,0.8,5.0,1,0.8296095961900315,1,False
252,walk_forward,ZIRP_early,True,1,4,1,0.1,6,1.0,0.8,5.0,5,0.8296095961900315,1,False
252,walk_forward,ZIRP_early,True,1,4,1,0.1,6,1.0,0.8,10.0,1,0.829543105725427,1,False
252,walk_forward,ZIRP_early,True,1,4,1,0.1,6,1.0,0.8,10.0,5,0.829543105725427,1,False
252,walk_forward,ZIRP_early,True,1,4,1,0.1,6,1.0,1.0,1.0,1,0.8157032659844489,1,False
252,walk_forward,ZIRP_early,True,1,4,1,0.1,6,1.0,1.0,1.0,5,0.8157032659844489,1,False
252,walk_forward,ZIRP_early,True,1,4,1,0.1,6,1.0,1.0,5.0,1,0.8156704914700971,1,False
252,walk_forward,ZIRP_early,True,1,4,1,0.1,6,1.0,1.0,5.0,5,0.8156704914700971,1,False
252,walk_forward,ZIRP_early,True,1,4,1,0.1,6,1.0,1.0,10.0,1,0.815629882604078,1,False
252,walk_forward,ZIRP_early,True,1,4,1,0.1,6,1.0,1.0,10.0,5,0.815629882604078,1,False
252,walk_forward,ZIRP_late,True,1,4,1,0.01,4,0.8,0.8,1.0,1,0.3523883746622007,2,False
252,walk_forward,ZIRP_late,True,1,4,1,0.01,4,0.8,0.8,1.0,5,0.3523883746622007,2,False
252,walk_forward,ZIRP_late,True,1,4,1,0.01,4,0.8,0.8,5.0,1,0.35238830909046687,2,False
252,walk_forward,ZIRP_late,True,1,4,1,0.01,4,0.8,0.8,5.0,5,0.35238830909046687,2,False
252,walk_forward,ZIRP_late,True,1,4,1,0.01,4,0.8,0.8,10.0,1,0.35238823860026414,2,False
252,walk_forward,ZIRP_late,True,1,4,1,0.01,4,0.8,0.8,10.0,5,0.35238823860026414,2,False
252,walk_forward,ZIRP_late,True,1,4,1,0.01,4,0.8,1.0,1.0,1,0.35321512667205884,1,False
252,walk_forward,ZIRP_late,True,1,4,1,0.01,4,0.8,1.0,1.0,5,0.35321512667205884,1,False
252,walk_forward,ZIRP_late,True,1,4,1,0.01,4,0.8,1.0,5.0,1,0.35321460376963576,1,False
252,walk_forward,ZIRP_late,True,1,4,1,0.01,4,0.8,1.0,5.0,5,0.35321460376963576,1,False
252,walk_forward,ZIRP_late,True,1,4,1,0.01,4,0.8,1.0,10.0,1,0.3532139586241004,1,False
252,walk_forward,ZIRP_late,True,1,4,1,0.01,4,0.8,1.0,10.0,5,0.3532139586241004,1,False
252,walk_forward,ZIRP_late,True,1,4,1,0.01,4,1.0,0.8,1.0,1,0.3531841526662082,1,False
252,walk_forward,ZIRP_late,True,1,4,1,0.01,4,1.0,0.8,1.0,5,0.3531841526662082,1,False
252,walk_forward,ZIRP_late,True,1,4,1,0.01,4,1.0,0.8,5.0,1,0.3531836730405379,1,False
252,walk_forward,ZIRP_late,True,1,4,1,0.01,4,1.0,0.8,5.0,5,0.3531836730405379,1,False
252,walk_forward,ZIRP_late,True,1,4,1,0.01,4,1.0,0.8,10.0,1,0.3531830818753049,1,False
252,walk_forward,ZIRP_late,True,1,4,1,0.01,4,1.0,0.8,10.0,5,0.3531830818753049,1,False
252,walk_forward,ZIRP_late,True,1,4,1,0.01,4,1.0,1.0,1.0,1,0.3531323541488971,1,False
252,walk_forward,ZIRP_late,True,1,4,1,0.01,4,1.0,1.0,1.0,5,0.3531323541488971,1,False
252,walk_forward,ZIRP_late,True,1,4,1,0.01,4,1.0,1.0,5.0,1,0.353131959301605,1,False
252,walk_forward,ZIRP_late,True,1,4,1,0.01,4,1.0,1.0,5.0,5,0.353131959301605,1,False
252,walk_forward,ZIRP_late,True,1,4,1,0.01,4,1.0,1.0,10.0,1,0.3531314738631564,1,False
252,walk_forward,ZIRP_late,True,1,4,1,0.01,4,1.0,1.0,10.0,5,0.3531314738631564,1,False
252,walk_forward,ZIRP_late,True,1,4,1,0.01,6,0.8,0.8,1.0,1,0.3535551020908104,1,False
252,walk_forward,ZIRP_late,True,1,4,1,0.01,6,0.8,0.8,1.0,5,0.3535551020908104,1,False
252,walk_forward,ZIRP_late,True,1,4,1,0.01,6,0.8,0.8,5.0,1,0.35353724607957826,1,False
252,walk_forward,ZIRP_late,True,1,4,1,0.01,6,0.8,0.8,5.0,5,0.35353724607957826,1,False
252,walk_forward,ZIRP_late,True,1,4,1,0.01,6,0.8,0.8,10.0,1,0.35351789843886317,1,False
252,walk_forward,ZIRP_late,True,1,4,1,0.01,6,0.8,0.8,10.0,5,0.35351789843886317,1,False
252,walk_forward,ZIRP_late,True,1,4,1,0.01,6,0.8,1.0,1.0,1,0.3531332178400953,2,False
252,walk_forward,ZIRP_late,True,1,4,1,0.01,6,0.8,1.0,1.0,5,0.3531332178400953,2,False
252,walk_forward,ZIRP_late,True,1,4,1,0.01,6,0.8,1.0,5.0,1,0.3531347019306813,2,False
252,walk_forward,ZIRP_late,True,1,4,1,0.01,6,0.8,1.0,5.0,5,0.3531347019306813,2,False
252,walk_forward,ZIRP_late,True,1,4,1,0.01,6,0.8,1.0,10.0,1,0.35313654246371806,2,False
252,walk_forward,ZIRP_late,True,1,4,1,0.01,6,0.8,1.0,10.0,5,0.35313654246371806,2,False
252,walk_forward,ZIRP_late,True,1,4,1,0.01,6,1.0,0.8,1.0,1,0.35305372051869405,1,False
252,walk_forward,ZIRP_late,True,1,4,1,0.01,6,1.0,0.8,1.0,5,0.35305372051869405,1,False
252,walk_forward,ZIRP_late,True,1,4,1,0.01,6,1.0,0.8,5.0,1,0.3530536575434859,1,False
252,walk_forward,ZIRP_late,True,1,4,1,0.01,6,1.0,0.8,5.0,5,0.3530536575434859,1,False
252,walk_forward,ZIRP_late,True,1,4,1,0.01,6,1.0,0.8,10.0,1,0.3530535883096828,1,False
252,walk_forward,ZIRP_late,True,1,4,1,0.01,6,1.0,0.8,10.0,5,0.3530535883096828,1,False
252,walk_forward,ZIRP_late,True,1,4,1,0.01,6,1.0,1.0,1.0,1,0.35307382457974434,3,False
252,walk_forward,ZIRP_late,True,1,4,1,0.01,6,1.0,1.0,1.0,5,0.35307382457974434,3,False
252,walk_forward,ZIRP_late,True,1,4,1,0.01,6,1.0,1.0,5.0,1,0.35307652361126035,3,False
252,walk_forward,ZIRP_late,True,1,4,1,0.01,6,1.0,1.0,5.0,5,0.35307652361126035,3,False
252,walk_forward,ZIRP_late,True,1,4,1,0.01,6,1.0,1.0,10.0,1,0.35307987332257906,3,False
252,walk_forward,ZIRP_late,True,1,4,1,0.01,6,1.0,1.0,10.0,5,0.35307987332257906,3,False
252,walk_forward,ZIRP_late,True,1,4,1,0.05,4,0.8,0.8,1.0,1,0.350021378265193,1,False
252,walk_forward,ZIRP_late,True,1,4,1,0.05,4,0.8,0.8,1.0,5,0.350021378265193,1,False
252,walk_forward,ZIRP_late,True,1,4,1,0.05,4,0.8,0.8,5.0,1,0.35002221229565605,1,False
252,walk_forward,ZIRP_late,True,1,4,1,0.05,4,0.8,0.8,5.0,5,0.35002221229565605,1,False
252,walk_forward,ZIRP_late,True,1,4,1,0.05,4,0.8,0.8,10.0,1,0.3500232813702929,1,False
252,walk_forward,ZIRP_late,True,1,4,1,0.05,4,0.8,0.8,10.0,5,0.3500232813702929,1,False
252,walk_forward,ZIRP_late,True,1,4,1,0.05,4,0.8,1.0,1.0,1,0.35224225424922206,1,False
252,walk_forward,ZIRP_late,True,1,4,1,0.05,4,0.8,1.0,1.0,5,0.35224225424922206,1,False
252,walk_forward,ZIRP_late,True,1,4,1,0.05,4,0.8,1.0,5.0,1,0.35223842882143336,1,False
252,walk_forward,ZIRP_late,True,1,4,1,0.05,4,0.8,1.0,5.0,5,0.35223842882143336,1,False
252,walk_forward,ZIRP_late,True,1,4,1,0.05,4,0.8,1.0,10.0,1,0.35223370346865607,1,False
252,walk_forward,ZIRP_late,True,1,4,1,0.05,4,0.8,1.0,10.0,5,0.35223370346865607,1,False
252,walk_forward,ZIRP_late,True,1,4,1,0.05,4,1.0,0.8,1.0,1,0.35208963626249057,1,False
252,walk_forward,ZIRP_late,True,1,4,1,0.05,4,1.0,0.8,1.0,5,0.35208963626249057,1,False
252,walk_forward,ZIRP_late,True,1,4,1,0.05,4,1.0,0.8,5.0,1,0.3520860225444223,1,False
252,walk_forward,ZIRP_late,True,1,4,1,0.05,4,1.0,0.8,5.0,5,0.3520860225444223,1,False
252,walk_forward,ZIRP_late,True,1,4,1,0.05,4,1.0,0.8,10.0,1,0.35208156126810175,1,False
252,walk_forward,ZIRP_late,True,1,4,1,0.05,4,1.0,0.8,10.0,5,0.35208156126810175,1,False
252,walk_forward,ZIRP_late,True,1,4,1,0.05,4,1.0,1.0,1.0,1,0.35183588188767845,1,False
252,walk_forward,ZIRP_late,True,1,4,1,0.05,4,1.0,1.0,1.0,5,0.35183588188767845,1,False
252,walk_forward,ZIRP_late,True,1,4,1,0.05,4,1.0,1.0,5.0,1,0.3518326813247177,1,False
252,walk_forward,ZIRP_late,True,1,4,1,0.05,4,1.0,1.0,5.0,5,0.3518326813247177,1,False
252,walk_forward,ZIRP_late,True,1,4,1,0.05,4,1.0,1.0,10.0,1,0.35182873530312864,1,False
252,walk_forward,ZIRP_late,True,1,4,1,0.05,4,1.0,1.0,10.0,5,0.35182873530312864,1,False
252,walk_forward,ZIRP_late,True,1,4,1,0.05,6,0.8,0.8,1.0,1,0.35441437423830363,1,False
252,walk_forward,ZIRP_late,True,1,4,1,0.05,6,0.8,0.8,1.0,5,0.35441437423830363,1,False
252,walk_forward,ZIRP_late,True,1,4,1,0.05,6,0.8,0.8,5.0,1,0.35425277764093815,1,False
252,walk_forward,ZIRP_late,True,1,4,1,0.05,6,0.8,0.8,5.0,5,0.35425277764093815,1,False
252,walk_forward,ZIRP_late,True,1,4,1,0.05,6,0.8,0.8,10.0,1,0.354043832646083,2,False
252,walk_forward,ZIRP_late,True,1,4,1,0.05,6,0.8,0.8,10.0,5,0.354043832646083,2,False
252,walk_forward,ZIRP_late,True,1,4,1,0.05,6,0.8,1.0,1.0,1,0.35298663828509047,2,False
252,walk_forward,ZIRP_late,True,1,4,1,0.05,6,0.8,1.0,1.0,5,0.35298663828509047,2,False
252,walk_forward,ZIRP_late,True,1,4,1,0.05,6,0.8,1.0,5.0,1,0.35298823279088465,2,False
252,walk_forward,ZIRP_late,True,1,4,1,0.05,6,0.8,1.0,5.0,5,0.35298823279088465,2,False
252,walk_forward,ZIRP_late,True,1,4,1,0.05,6,0.8,1.0,10.0,1,0.35299022577838374,2,False
252,walk_forward,ZIRP_late,True,1,4,1,0.05,6,0.8,1.0,10.0,5,0.35299022577838374,2,False
252,walk_forward,ZIRP_late,True,1,4,1,0.05,6,1.0,0.8,1.0,1,0.3515233986669823,1,False
252,walk_forward,ZIRP_late,True,1,4,1,0.05,6,1.0,0.8,1.0,5,0.3515233986669823,1,False
252,walk_forward,ZIRP_late,True,1,4,1,0.05,6,1.0,0.8,5.0,1,0.35152137673846573,1,False
252,walk_forward,ZIRP_late,True,1,4,1,0.05,6,1.0,0.8,5.0,5,0.35152137673846573,1,False
252,walk_forward,ZIRP_late,True,1,4,1,0.05,6,1.0,0.8,10.0,1,0.35151891868977675,1,False
252,walk_forward,ZIRP_late,True,1,4,1,0.05,6,1.0,0.8,10.0,5,0.35151891868977675,1,False
252,walk_forward,ZIRP_late,True,1,4,1,0.05,6,1.0,1.0,1.0,1,0.35345344931818706,1,False
252,walk_forward,ZIRP_late,True,1,4,1,0.05,6,1.0,1.0,1.0,5,0.35345344931818706,1,False
252,walk_forward,ZIRP_late,True,1,4,1,0.05,6,1.0,1.0,5.0,1,0.3534593063550224,1,False
252,walk_forward,ZIRP_late,True,1,4,1,0.05,6,1.0,1.0,5.0,5,0.3534593063550224,1,False
252,walk_forward,ZIRP_late,True,1,4,1,0.05,6,1.0,1.0,10.0,1,0.35346657937336806,1,False
252,walk_forward,ZIRP_late,True,1,4,1,0.05,6,1.0,1.0,10.0,5,0.35346657937336806,1,False
252,walk_forward,ZIRP_late,True,1,4,1,0.1,4,0.8,0.8,1.0,1,0.3472890266315616,1,False
252,walk_forward,ZIRP_late,True,1,4,1,0.1,4,0.8,0.8,1.0,5,0.3472890266315616,1,False
252,walk_forward,ZIRP_late,True,1,4,1,0.1,4,0.8,0.8,5.0,1,0.3472877399993967,1,False
252,walk_forward,ZIRP_late,True,1,4,1,0.1,4,0.8,0.8,5.0,5,0.3472877399993967,1,False
252,walk_forward,ZIRP_late,True,1,4,1,0.1,4,0.8,0.8,10.0,1,0.3472862212204934,1,True
252,walk_forward,ZIRP_late,True,1,4,1,0.1,4,0.8,0.8,10.0,5,0.3472862212204934,1,False
252,walk_forward,ZIRP_late,True,1,4,1,0.1,4,0.8,1.0,1.0,1,0.35176111223639767,1,False
252,walk_forward,ZIRP_late,True,1,4,1,0.1,4,0.8,1.0,1.0,5,0.35176111223639767,1,False
252,walk_forward,ZIRP_late,True,1,4,1,0.1,4,0.8,1.0,5.0,1,0.35175043409190826,1,False
252,walk_forward,ZIRP_late,True,1,4,1,0.1,4,0.8,1.0,5.0,5,0.35175043409190826,1,False
252,walk_forward,ZIRP_late,True,1,4,1,0.1,4,0.8,1.0,10.0,1,0.3517372343239384,1,False
252,walk_forward,ZIRP_late,True,1,4,1,0.1,4,0.8,1.0,10.0,5,0.3517372343239384,1,False
252,walk_forward,ZIRP_late,True,1,4,1,0.1,4,1.0,0.8,1.0,1,0.35146150638361084,1,False
252,walk_forward,ZIRP_late,True,1,4,1,0.1,4,1.0,0.8,1.0,5,0.35146150638361084,1,False
252,walk_forward,ZIRP_late,True,1,4,1,0.1,4,1.0,0.8,5.0,1,0.35145123997343275,1,False
252,walk_forward,ZIRP_late,True,1,4,1,0.1,4,1.0,0.8,5.0,5,0.35145123997343275,1,False
252,walk_forward,ZIRP_late,True,1,4,1,0.1,4,1.0,0.8,10.0,1,0.3514385537957135,1,False
252,walk_forward,ZIRP_late,True,1,4,1,0.1,4,1.0,0.8,10.0,5,0.3514385537957135,1,False
252,walk_forward,ZIRP_late,True,1,4,1,0.1,4,1.0,1.0,1.0,1,0.3509670931873427,1,False
252,walk_forward,ZIRP_late,True,1,4,1,0.1,4,1.0,1.0,1.0,5,0.3509670931873427,1,False
252,walk_forward,ZIRP_late,True,1,4,1,0.1,4,1.0,1.0,5.0,1,0.35095762624538257,1,False
252,walk_forward,ZIRP_late,True,1,4,1,0.1,4,1.0,1.0,5.0,5,0.35095762624538257,1,False
252,walk_forward,ZIRP_late,True,1,4,1,0.1,4,1.0,1.0,10.0,1,0.3509459371291013,1,False
252,walk_forward,ZIRP_late,True,1,4,1,0.1,4,1.0,1.0,10.0,5,0.3509459371291013,1,False
252,walk_forward,ZIRP_late,True,1,4,1,0.1,6,0.8,0.8,1.0,1,0.3572859592835611,1,False
252,walk_forward,ZIRP_late,True,1,4,1,0.1,6,0.8,0.8,1.0,5,0.3572859592835611,1,False
252,walk_forward,ZIRP_late,True,1,4,1,0.1,6,0.8,0.8,5.0,1,0.3567819747458166,1,False
252,walk_forward,ZIRP_late,True,1,4,1,0.1,6,0.8,0.8,5.0,5,0.3567819747458166,1,False
252,walk_forward,ZIRP_late,True,1,4,1,0.1,6,0.8,0.8,10.0,1,0.3562527479410739,1,False
252,walk_forward,ZIRP_late,True,1,4,1,0.1,6,0.8,0.8,10.0,5,0.3562527479410739,1,False
252,walk_forward,ZIRP_late,True,1,4,1,0.1,6,0.8,1.0,1.0,1,0.35343879339584844,1,False
252,walk_forward,ZIRP_late,True,1,4,1,0.1,6,0.8,1.0,1.0,5,0.35343879339584844,1,False
252,walk_forward,ZIRP_late,True,1,4,1,0.1,6,0.8,1.0,5.0,1,0.35343959451693696,1,False
252,walk_forward,ZIRP_late,True,1,4,1,0.1,6,0.8,1.0,5.0,5,0.35343959451693696,1,False
252,walk_forward,ZIRP_late,True,1,4,1,0.1,6,0.8,1.0,10.0,1,0.3534406012577862,1,False
252,walk_forward,ZIRP_late,True,1,4,1,0.1,6,0.8,1.0,10.0,5,0.3534406012577862,1,False
252,walk_forward,ZIRP_late,True,1,4,1,0.1,6,1.0,0.8,1.0,1,0.3505438391064865,1,False
252,walk_forward,ZIRP_late,True,1,4,1,0.1,6,1.0,0.8,1.0,5,0.3505438391064865,1,False
252,walk_forward,ZIRP_late,True,1,4,1,0.1,6,1.0,0.8,5.0,1,0.350535527618333,1,False
252,walk_forward,ZIRP_late,True,1,4,1,0.1,6,1.0,0.8,5.0,5,0.350535527618333,1,False
252,walk_forward,ZIRP_late,True,1,4,1,0.1,6,1.0,0.8,10.0,1,0.3505253318218528,1,False
252,walk_forward,ZIRP_late,True,1,4,1,0.1,6,1.0,0.8,10.0,5,0.3505253318218528,1,False
252,walk_forward,ZIRP_late,True,1,4,1,0.1,6,1.0,1.0,1.0,1,0.35423061065864164,1,False
252,walk_forward,ZIRP_late,True,1,4,1,0.1,6,1.0,1.0,1.0,5,0.35423061065864164,1,False
252,walk_forward,ZIRP_late,True,1,4,1,0.1,6,1.0,1.0,5.0,1,0.3542388169059179,1,False
252,walk_forward,ZIRP_late,True,1,4,1,0.1,6,1.0,1.0,5.0,5,0.3542388169059179,1,False
252,walk_forward,ZIRP_late,True,1,4,1,0.1,6,1.0,1.0,10.0,1,0.35424902174540973,1,False
252,walk_forward,ZIRP_late,True,1,4,1,0.1,6,1.0,1.0,10.0,5,0.35424902174540973,1,False
252,walk_forward,COVID,True,91,6,91,0.01,4,0.8,0.8,1.0,1,0.373423755881053,198,False
252,walk_forward,COVID,True,91,6,91,0.01,4,0.8,0.8,1.0,5,0.373423755881053,198,False
252,walk_forward,COVID,True,91,6,91,0.01,4,0.8,0.8,5.0,1,0.38016105215222135,200,False
252,walk_forward,COVID,True,91,6,91,0.01,4,0.8,0.8,5.0,5,0.38016105215222135,200,False
252,walk_forward,COVID,True,91,6,91,0.01,4,0.8,0.8,10.0,1,0.3759890209479378,210,False
252,walk_forward,COVID,True,91,6,91,0.01,4,0.8,0.8,10.0,5,0.3759890209479378,210,False
252,walk_forward,COVID,True,91,6,91,0.01,4,0.8,1.0,1.0,1,0.36961759550133483,218,False
252,walk_forward,COVID,True,91,6,91,0.01,4,0.8,1.0,1.0,5,0.36961759550133483,218,False
252,walk_forward,COVID,True,91,6,91,0.01,4,0.8,1.0,5.0,1,0.3681337994381407,204,False
252,walk_forward,COVID,True,91,6,91,0.01,4,0.8,1.0,5.0,5,0.3681337994381407,204,False
252,walk_forward,COVID,True,91,6,91,0.01,4,0.8,1.0,10.0,1,0.3732641327835751,192,False
252,walk_forward,COVID,True,91,6,91,0.01,4,0.8,1.0,10.0,5,0.3732641327835751,192,False
252,walk_forward,COVID,True,91,6,91,0.01,4,1.0,0.8,1.0,1,0.38111549721121024,200,False
252,walk_forward,COVID,True,91,6,91,0.01,4,1.0,0.8,1.0,5,0.38111549721121024,200,False
252,walk_forward,COVID,True,91,6,91,0.01,4,1.0,0.8,5.0,1,0.3833301161993951,200,False
252,walk_forward,COVID,True,91,6,91,0.01,4,1.0,0.8,5.0,5,0.3833301161993951,200,False
252,walk_forward,COVID,True,91,6,91,0.01,4,1.0,0.8,10.0,1,0.38118159501763094,200,False
252,walk_forward,COVID,True,91,6,91,0.01,4,1.0,0.8,10.0,5,0.38118159501763094,200,False
252,walk_forward,COVID,True,91,6,91,0.01,4,1.0,1.0,1.0,1,0.37552882862680187,188,False
252,walk_forward,COVID,True,91,6,91,0.01,4,1.0,1.0,1.0,5,0.37552882862680187,188,False
252,walk_forward,COVID,True,91,6,91,0.01,4,1.0,1.0,5.0,1,0.3762492144691906,207,False
252,walk_forward,COVID,True,91,6,91,0.01,4,1.0,1.0,5.0,5,0.3762492144691906,207,False
252,walk_forward,COVID,True,91,6,91,0.01,4,1.0,1.0,10.0,1,0.3739406377791285,206,False
252,walk_forward,COVID,True,91,6,91,0.01,4,1.0,1.0,10.0,5,0.3739406377791285,206,False
252,walk_forward,COVID,True,91,6,91,0.01,6,0.8,0.8,1.0,1,0.3508788454733113,396,False
252,walk_forward,COVID,True,91,6,91,0.01,6,0.8,0.8,1.0,5,0.3508788454733113,396,False
252,walk_forward,COVID,True,91,6,91,0.01,6,0.8,0.8,5.0,1,0.36565353155909347,215,False
252,walk_forward,COVID,True,91,6,91,0.01,6,0.8,0.8,5.0,5,0.36565353155909347,215,False
252,walk_forward,COVID,True,91,6,91,0.01,6,0.8,0.8,10.0,1,0.3629978613976101,238,False
252,walk_forward,COVID,True,91,6,91,0.01,6,0.8,0.8,10.0,5,0.3629978613976101,238,False
252,walk_forward,COVID,True,91,6,91,0.01,6,0.8,1.0,1.0,1,0.36477774136796903,227,False
252,walk_forward,COVID,True,91,6,91,0.01,6,0.8,1.0,1.0,5,0.36477774136796903,227,False
252,walk_forward,COVID,True,91,6,91,0.01,6,0.8,1.0,5.0,1,0.3692089872154552,221,False
252,walk_forward,COVID,True,91,6,91,0.01,6,0.8,1.0,5.0,5,0.3692089872154552,221,False
252,walk_forward,COVID,True,91,6,91,0.01,6,0.8,1.0,10.0,1,0.3683751302036862,206,False
252,walk_forward,COVID,True,91,6,91,0.01,6,0.8,1.0,10.0,5,0.3683751302036862,206,False
252,walk_forward,COVID,True,91,6,91,0.01,6,1.0,0.8,1.0,1,0.3804462728032431,104,False
252,walk_forward,COVID,True,91,6,91,0.01,6,1.0,0.8,1.0,5,0.3804462728032431,104,False
252,walk_forward,COVID,True,91,6,91,0.01,6,1.0,0.8,5.0,1,0.3785703408865079,121,False
252,walk_forward,COVID,True,91,6,91,0.01,6,1.0,0.8,5.0,5,0.3785703408865079,121,False
252,walk_forward,COVID,True,91,6,91,0.01,6,1.0,0.8,10.0,1,0.36400493662204336,232,False
252,walk_forward,COVID,True,91,6,91,0.01,6,1.0,0.8,10.0,5,0.36400493662204336,232,False
252,walk_forward,COVID,True,91,6,91,0.01,6,1.0,1.0,1.0,1,0.36371277265167795,264,False
252,walk_forward,COVID,True,91,6,91,0.01,6,1.0,1.0,1.0,5,0.36371277265167795,264,False
252,walk_forward,COVID,True,91,6,91,0.01,6,1.0,1.0,5.0,1,0.36625599394516495,200,False
252,walk_forward,COVID,True,91,6,91,0.01,6,1.0,1.0,5.0,5,0.36625599394516495,200,False
252,walk_forward,COVID,True,91,6,91,0.01,6,1.0,1.0,10.0,1,0.36817979326356,218,False
252,walk_forward,COVID,True,91,6,91,0.01,6,1.0,1.0,10.0,5,0.36817979326356,218,False
252,walk_forward,COVID,True,91,6,91,0.05,4,0.8,0.8,1.0,1,0.3668197429396316,88,False
252,walk_forward,COVID,True,91,6,91,0.05,4,0.8,0.8,1.0,5,0.3668197429396316,88,False
252,walk_forward,COVID,True,91,6,91,0.05,4,0.8,0.8,5.0,1,0.3730298692458336,37,False
252,walk_forward,COVID,True,91,6,91,0.05,4,0.8,0.8,5.0,5,0.3730298692458336,37,False
252,walk_forward,COVID,True,91,6,91,0.05,4,0.8,0.8,10.0,1,0.3545292164080652,75,False
252,walk_forward,COVID,True,91,6,91,0.05,4,0.8,0.8,10.0,5,0.3545292164080652,75,False
252,walk_forward,COVID,True,91,6,91,0.05,4,0.8,1.0,1.0,1,0.36035857901194324,65,False
252,walk_forward,COVID,True,91,6,91,0.05,4,0.8,1.0,1.0,5,0.36035857901194324,65,False
252,walk_forward,COVID,True,91,6,91,0.05,4,0.8,1.0,5.0,1,0.3649696442626288,39,False
252,walk_forward,COVID,True,91,6,91,0.05,4,0.8,1.0,5.0,5,0.3649696442626288,39,False
252,walk_forward,COVID,True,91,6,91,0.05,4,0.8,1.0,10.0,1,0.3666205106915625,41,False
252,walk_forward,COVID,True,91,6,91,0.05,4,0.8,1.0,10.0,5,0.3666205106915625,41,False
252,walk_forward,COVID,True,91,6,91,0.05,4,1.0,0.8,1.0,1,0.39340061127969245,35,False
252,walk_forward,COVID,True,91,6,91,0.05,4,1.0,0.8,1.0,5,0.39340061127969245,35,False
252,walk_forward,COVID,True,91,6,91,0.05,4,1.0,0.8,5.0,1,0.3942576392559936,32,False
252,walk_forward,COVID,True,91,6,91,0.05,4,1.0,0.8,5.0,5,0.3942576392559936,32,False
252,walk_forward,COVID,True,91,6,91,0.05,4,1.0,0.8,10.0,1,0.3615406194862652,102,False
252,walk_forward,COVID,True,91,6,91,0.05,4,1.0,0.8,10.0,5,0.3615406194862652,102,False
252,walk_forward,COVID,True,91,6,91,0.05,4,1.0,1.0,1.0,1,0.3567435851133462,81,False
252,walk_forward,COVID,True,91,6,91,0.05,4,1.0,1.0,1.0,5,0.3567435851133462,81,False
252,walk_forward,COVID,True,91,6,91,0.05,4,1.0,1.0,5.0,1,0.3612969349733052,67,False
252,walk_forward,COVID,True,91,6,91,0.05,4,1.0,1.0,5.0,5,0.3612969349733052,67,False
252,walk_forward,COVID,True,91,6,91,0.05,4,1.0,1.0,10.0,1,0.3581549785105429,73,False
252,walk_forward,COVID,True,91,6,91,0.05,4,1.0,1.0,10.0,5,0.3581549785105429,73,False
252,walk_forward,COVID,True,91,6,91,0.05,6,0.8,0.8,1.0,1,0.35929704549679825,99,False
252,walk_forward,COVID,True,91,6,91,0.05,6,0.8,0.8,1.0,5,0.35929704549679825,99,False
252,walk_forward,COVID,True,91,6,91,0.05,6,0.8,0.8,5.0,1,0.3633262585104146,102,False
252,walk_forward,COVID,True,91,6,91,0.05,6,0.8,0.8,5.0,5,0.3633262585104146,102,False
252,walk_forward,COVID,True,91,6,91,0.05,6,0.8,0.8,10.0,1,0.3610557014661381,31,False
252,walk_forward,COVID,True,91,6,91,0.05,6,0.8,0.8,10.0,5,0.3610557014661381,31,False
252,walk_forward,COVID,True,91,6,91,0.05,6,0.8,1.0,1.0,1,0.38508787618802803,44,False
252,walk_forward,COVID,True,91,6,91,0.05,6,0.8,1.0,1.0,5,0.38508787618802803,44,False
252,walk_forward,COVID,True,91,6,91,0.05,6,0.8,1.0,5.0,1,0.3688272886821586,55,False
252,walk_forward,COVID,True,91,6,91,0.05,6,0.8,1.0,5.0,5,0.3688272886821586,55,False
252,walk_forward,COVID,True,91,6,91,0.05,6,0.8,1.0,10.0,1,0.37845191859504124,42,False
252,walk_forward,COVID,True,91,6,91,0.05,6,0.8,1.0,10.0,5,0.37845191859504124,42,False
252,walk_forward,COVID,True,91,6,91,0.05,6,1.0,0.8,1.0,1,0.358513378599331,42,False
252,walk_forward,COVID,True,91,6,91,0.05,6,1.0,0.8,1.0,5,0.358513378599331,42,False
252,walk_forward,COVID,True,91,6,91,0.05,6,1.0,0.8,5.0,1,0.34319650080490127,44,False
252,walk_forward,COVID,True,91,6,91,0.05,6,1.0,0.8,5.0,5,0.34319650080490127,44,False
252,walk_forward,COVID,True,91,6,91,0.05,6,1.0,0.8,10.0,1,0.35385655127867904,54,False
252,walk_forward,COVID,True,91,6,91,0.05,6,1.0,0.8,10.0,5,0.35385655127867904,54,False
252,walk_forward,COVID,True,91,6,91,0.05,6,1.0,1.0,1.0,1,0.3777501682251002,36,False
252,walk_forward,COVID,True,91,6,91,0.05,6,1.0,1.0,1.0,5,0.3777501682251002,36,False
252,walk_forward,COVID,True,91,6,91,0.05,6,1.0,1.0,5.0,1,0.38869191130176456,35,False
252,walk_forward,COVID,True,91,6,91,0.05,6,1.0,1.0,5.0,5,0.38869191130176456,35,False
252,walk_forward,COVID,True,91,6,91,0.05,6,1.0,1.0,10.0,1,0.36522773354623744,69,False
252,walk_forward,COVID,True,91,6,91,0.05,6,1.0,1.0,10.0,5,0.36522773354623744,69,False
252,walk_forward,COVID,True,91,6,91,0.1,4,0.8,0.8,1.0,1,0.3658496814529779,62,False
252,walk_forward,COVID,True,91,6,91,0.1,4,0.8,0.8,1.0,5,0.3658496814529779,62,False
252,walk_forward,COVID,True,91,6,91,0.1,4,0.8,0.8,5.0,1,0.37022546587883876,20,False
252,walk_forward,COVID,True,91,6,91,0.1,4,0.8,0.8,5.0,5,0.37022546587883876,20,False
252,walk_forward,COVID,True,91,6,91,0.1,4,0.8,0.8,10.0,1,0.38303915146812206,14,False
252,walk_forward,COVID,True,91,6,91,0.1,4,0.8,0.8,10.0,5,0.38303915146812206,14,False
252,walk_forward,COVID,True,91,6,91,0.1,4,0.8,1.0,1.0,1,0.36460857258240115,47,False
252,walk_forward,COVID,True,91,6,91,0.1,4,0.8,1.0,1.0,5,0.36460857258240115,47,False
252,walk_forward,COVID,True,91,6,91,0.1,4,0.8,1.0,5.0,1,0.3725750233573343,20,False
252,walk_forward,COVID,True,91,6,91,0.1,4,0.8,1.0,5.0,5,0.3725750233573343,20,False
252,walk_forward,COVID,True,91,6,91,0.1,4,0.8,1.0,10.0,1,0.3268969131406477,53,False
252,walk_forward,COVID,True,91,6,91,0.1,4,0.8,1.0,10.0,5,0.3268969131406477,53,False
252,walk_forward,COVID,True,91,6,91,0.1,4,1.0,0.8,1.0,1,0.34968927972501374,65,False
252,walk_forward,COVID,True,91,6,91,0.1,4,1.0,0.8,1.0,5,0.34968927972501374,65,False
252,walk_forward,COVID,True,91,6,91,0.1,4,1.0,0.8,5.0,1,0.33364353582066586,95,False
252,walk_forward,COVID,True,91,6,91,0.1,4,1.0,0.8,5.0,5,0.33364353582066586,95,False
252,walk_forward,COVID,True,91,6,91,0.1,4,1.0,0.8,10.0,1,0.3733848456459458,65,False
252,walk_forward,COVID,True,91,6,91,0.1,4,1.0,0.8,10.0,5,0.3733848456459458,65,False
252,walk_forward,COVID,True,91,6,91,0.1,4,1.0,1.0,1.0,1,0.372757772797325,18,False
252,walk_forward,COVID,True,91,6,91,0.1,4,1.0,1.0,1.0,5,0.372757772797325,18,False
252,walk_forward,COVID,True,91,6,91,0.1,4,1.0,1.0,5.0,1,0.35580844154346947,45,False
252,walk_forward,COVID,True,91,6,91,0.1,4,1.0,1.0,5.0,5,0.35580844154346947,45,False
252,walk_forward,COVID,True,91,6,91,0.1,4,1.0,1.0,10.0,1,0.3684305347361645,25,False
252,walk_forward,COVID,True,91,6,91,0.1,4,1.0,1.0,10.0,5,0.3684305347361645,25,False
252,walk_forward,COVID,True,91,6,91,0.1,6,0.8,0.8,1.0,1,0.3504602404836645,51,False
252,walk_forward,COVID,True,91,6,91,0.1,6,0.8,0.8,1.0,5,0.3504602404836645,51,False
252,walk_forward,COVID,True,91,6,91,0.1,6,0.8,0.8,5.0,1,0.37717593886614864,21,False
252,walk_forward,COVID,True,91,6,91,0.1,6,0.8,0.8,5.0,5,0.37717593886614864,21,False
252,walk_forward,COVID,True,91,6,91,0.1,6,0.8,0.8,10.0,1,0.37531953879237023,29,False
252,walk_forward,COVID,True,91,6,91,0.1,6,0.8,0.8,10.0,5,0.37531953879237023,29,False
252,walk_forward,COVID,True,91,6,91,0.1,6,0.8,1.0,1.0,1,0.3665796469299627,29,False
252,walk_forward,COVID,True,91,6,91,0.1,6,0.8,1.0,1.0,5,0.3665796469299627,29,False
252,walk_forward,COVID,True,91,6,91,0.1,6,0.8,1.0,5.0,1,0.3605088097913175,38,False
252,walk_forward,COVID,True,91,6,91,0.1,6,0.8,1.0,5.0,5,0.3605088097913175,38,False
252,walk_forward,COVID,True,91,6,91,0.1,6,0.8,1.0,10.0,1,0.3593021360775356,85,False
252,walk_forward,COVID,True,91,6,91,0.1,6,0.8,1.0,10.0,5,0.3593021360775356,85,False
252,walk_forward,COVID,True,91,6,91,0.1,6,1.0,0.8,1.0,1,0.32744663470549934,48,False
252,walk_forward,COVID,True,91,6,91,0.1,6,1.0,0.8,1.0,5,0.32744663470549934,48,False
252,walk_forward,COVID,True,91,6,91,0.1,6,1.0,0.8,5.0,1,0.36096565637636785,27,False
252,walk_forward,COVID,True,91,6,91,0.1,6,1.0,0.8,5.0,5,0.36096565637636785,27,False
252,walk_forward,COVID,True,91,6,91,0.1,6,1.0,0.8,10.0,1,0.3602364048998514,18,False
252,walk_forward,COVID,True,91,6,91,0.1,6,1.0,0.8,10.0,5,0.3602364048998514,18,False
252,walk_forward,COVID,True,91,6,91,0.1,6,1.0,1.0,1.0,1,0.3374923055038662,53,False
252,walk_forward,COVID,True,91,6,91,0.1,6,1.0,1.0,1.0,5,0.3374923055038662,53,False
252,walk_forward,COVID,True,91,6,91,0.1,6,1.0,1.0,5.0,1,0.31897819295981883,91,True
252,walk_forward,COVID,True,91,6,91,0.1,6,1.0,1.0,5.0,5,0.31897819295981883,91,False
252,walk_forward,COVID,True,91,6,91,0.1,6,1.0,1.0,10.0,1,0.3443105483532316,73,False
252,walk_forward,COVID,True,91,6,91,0.1,6,1.0,1.0,10.0,5,0.3443105483532316,73,False
252,walk_forward,Hiking,True,5,4,5,0.01,4,0.8,0.8,1.0,1,1.7044983671282752,14,False
252,walk_forward,Hiking,True,5,4,5,0.01,4,0.8,0.8,1.0,5,1.7044983671282752,14,False
252,walk_forward,Hiking,True,5,4,5,0.01,4,0.8,0.8,5.0,1,1.7044996870612912,14,False
252,walk_forward,Hiking,True,5,4,5,0.01,4,0.8,0.8,5.0,5,1.7044996870612912,14,False
252,walk_forward,Hiking,True,5,4,5,0.01,4,0.8,0.8,10.0,1,1.7045013288036792,14,False
252,walk_forward,Hiking,True,5,4,5,0.01,4,0.8,0.8,10.0,5,1.7045013288036792,14,False
252,walk_forward,Hiking,True,5,4,5,0.01,4,0.8,1.0,1.0,1,1.706335503824139,17,False
252,walk_forward,Hiking,True,5,4,5,0.01,4,0.8,1.0,1.0,5,1.706335503824139,17,False
252,walk_forward,Hiking,True,5,4,5,0.01,4,0.8,1.0,5.0,1,1.7063359625439571,17,False
252,walk_forward,Hiking,True,5,4,5,0.01,4,0.8,1.0,5.0,5,1.7063359625439571,17,False
252,walk_forward,Hiking,True,5,4,5,0.01,4,0.8,1.0,10.0,1,1.7089350601941142,17,False
252,walk_forward,Hiking,True,5,4,5,0.01,4,0.8,1.0,10.0,5,1.7089350601941142,17,False
252,walk_forward,Hiking,True,5,4,5,0.01,4,1.0,0.8,1.0,1,1.7045026773352023,37,False
252,walk_forward,Hiking,True,5,4,5,0.01,4,1.0,0.8,1.0,5,1.7045026773352023,37,False
252,walk_forward,Hiking,True,5,4,5,0.01,4,1.0,0.8,5.0,1,1.7045010082041157,37,False
252,walk_forward,Hiking,True,5,4,5,0.01,4,1.0,0.8,5.0,5,1.7045010082041157,37,False
252,walk_forward,Hiking,True,5,4,5,0.01,4,1.0,0.8,10.0,1,1.7038248048354263,37,False
252,walk_forward,Hiking,True,5,4,5,0.01,4,1.0,0.8,10.0,5,1.7038248048354263,37,False
252,walk_forward,Hiking,True,5,4,5,0.01,4,1.0,1.0,1.0,1,1.708119239055116,10,False
252,walk_forward,Hiking,True,5,4,5,0.01,4,1.0,1.0,1.0,5,1.708119239055116,10,False
252,walk_forward,Hiking,True,5,4,5,0.01,4,1.0,1.0,5.0,1,1.7081197784489284,10,False
252,walk_forward,Hiking,True,5,4,5,0.01,4,1.0,1.0,5.0,5,1.7081197784489284,10,False
252,walk_forward,Hiking,True,5,4,5,0.01,4,1.0,1.0,10.0,1,1.708120450845126,10,False
252,walk_forward,Hiking,True,5,4,5,0.01,4,1.0,1.0,10.0,5,1.708120450845126,10,False
252,walk_forward,Hiking,True,5,4,5,0.01,6,0.8,0.8,1.0,1,1.7122060362104343,1,False
252,walk_forward,Hiking,True,5,4,5,0.01,6,0.8,0.8,1.0,5,1.7122060362104343,1,False
252,walk_forward,Hiking,True,5,4,5,0.01,6,0.8,0.8,5.0,1,1.7122062883607803,1,False
252,walk_forward,Hiking,True,5,4,5,0.01,6,0.8,0.8,5.0,5,1.7122062883607803,1,False
252,walk_forward,Hiking,True,5,4,5,0.01,6,0.8,0.8,10.0,1,1.7122066029169145,1,False
252,walk_forward,Hiking,True,5,4,5,0.01,6,0.8,0.8,10.0,5,1.7122066029169145,1,False
252,walk_forward,Hiking,True,5,4,5,0.01,6,0.8,1.0,1.0,1,1.7110393348786934,2,False
252,walk_forward,Hiking,True,5,4,5,0.01,6,0.8,1.0,1.0,5,1.7110393348786934,2,False
252,walk_forward,Hiking,True,5,4,5,0.01,6,0.8,1.0,5.0,1,1.7110408142082854,2,False
252,walk_forward,Hiking,True,5,4,5,0.01,6,0.8,1.0,5.0,5,1.7110408142082854,2,False
252,walk_forward,Hiking,True,5,4,5,0.01,6,0.8,1.0,10.0,1,1.7110426574223037,2,False
252,walk_forward,Hiking,True,5,4,5,0.01,6,0.8,1.0,10.0,5,1.7110426574223037,2,False
252,walk_forward,Hiking,True,5,4,5,0.01,6,1.0,0.8,1.0,1,1.7103094199166233,2,False
252,walk_forward,Hiking,True,5,4,5,0.01,6,1.0,0.8,1.0,5,1.7103094199166233,2,False
252,walk_forward,Hiking,True,5,4,5,0.01,6,1.0,0.8,5.0,1,1.7103112357367474,2,False
252,walk_forward,Hiking,True,5,4,5,0.01,6,1.0,0.8,5.0,5,1.7103112357367474,2,False
252,walk_forward,Hiking,True,5,4,5,0.01,6,1.0,0.8,10.0,1,1.710313495283595,2,False
252,walk_forward,Hiking,True,5,4,5,0.01,6,1.0,0.8,10.0,5,1.710313495283595,2,False
252,walk_forward,Hiking,True,5,4,5,0.01,6,1.0,1.0,1.0,1,1.7117891257026125,2,False
252,walk_forward,Hiking,True,5,4,5,0.01,6,1.0,1.0,1.0,5,1.7117891257026125,2,False
252,walk_forward,Hiking,True,5,4,5,0.01,6,1.0,1.0,5.0,1,1.7117889780872144,2,False
252,walk_forward,Hiking,True,5,4,5,0.01,6,1.0,1.0,5.0,5,1.7117889780872144,2,False
252,walk_forward,Hiking,True,5,4,5,0.01,6,1.0,1.0,10.0,1,1.7117887953379545,2,False
252,walk_forward,Hiking,True,5,4,5,0.01,6,1.0,1.0,10.0,5,1.7117887953379545,2,False
252,walk_forward,Hiking,True,5,4,5,0.05,4,0.8,0.8,1.0,1,1.6978406405100959,7,False
252,walk_forward,Hiking,True,5,4,5,0.05,4,0.8,0.8,1.0,5,1.6978406405100959,7,False
252,walk_forward,Hiking,True,5,4,5,0.05,4,0.8,0.8,5.0,1,1.6978413296534782,7,False
252,walk_forward,Hiking,True,5,4,5,0.05,4,0.8,0.8,5.0,5,1.6978413296534782,7,False
252,walk_forward,Hiking,True,5,4,5,0.05,4,0.8,0.8,10.0,1,1.6976760776014868,7,False
252,walk_forward,Hiking,True,5,4,5,0.05,4,0.8,0.8,10.0,5,1.6976760776014868,7,False
252,walk_forward,Hiking,True,5,4,5,0.05,4,0.8,1.0,1.0,1,1.7082272914174104,2,False
252,walk_forward,Hiking,True,5,4,5,0.05,4,0.8,1.0,1.0,5,1.7082272914174104,2,False
252,walk_forward,Hiking,True,5,4,5,0.05,4,0.8,1.0,5.0,1,1.7082274198211214,2,False
252,walk_forward,Hiking,True,5,4,5,0.05,4,0.8,1.0,5.0,5,1.7082274198211214,2,False
252,walk_forward,Hiking,True,5,4,5,0.05,4,0.8,1.0,10.0,1,1.708227580316171,2,False
252,walk_forward,Hiking,True,5,4,5,0.05,4,0.8,1.0,10.0,5,1.708227580316171,2,False
252,walk_forward,Hiking,True,5,4,5,0.05,4,1.0,0.8,1.0,1,1.7040253478260277,6,False
252,walk_forward,Hiking,True,5,4,5,0.05,4,1.0,0.8,1.0,5,1.7040253478260277,6,False
252,walk_forward,Hiking,True,5,4,5,0.05,4,1.0,0.8,5.0,1,1.7040257624387745,6,False
252,walk_forward,Hiking,True,5,4,5,0.05,4,1.0,0.8,5.0,5,1.7040257624387745,6,False
252,walk_forward,Hiking,True,5,4,5,0.05,4,1.0,0.8,10.0,1,1.704026280177726,6,False
252,walk_forward,Hiking,True,5,4,5,0.05,4,1.0,0.8,10.0,5,1.704026280177726,6,False
252,walk_forward,Hiking,True,5,4,5,0.05,4,1.0,1.0,1.0,1,1.703707095211671,7,False
252,walk_forward,Hiking,True,5,4,5,0.05,4,1.0,1.0,1.0,5,1.703707095211671,7,False
252,walk_forward,Hiking,True,5,4,5,0.05,4,1.0,1.0,5.0,1,1.7037067500023968,7,False
252,walk_forward,Hiking,True,5,4,5,0.05,4,1.0,1.0,5.0,5,1.7037067500023968,7,False
252,walk_forward,Hiking,True,5,4,5,0.05,4,1.0,1.0,10.0,1,1.7037063165922988,7,False
252,walk_forward,Hiking,True,5,4,5,0.05,4,1.0,1.0,10.0,5,1.7037063165922988,7,False
252,walk_forward,Hiking,True,5,4,5,0.05,6,0.8,0.8,1.0,1,1.7118937297414751,1,False
252,walk_forward,Hiking,True,5,4,5,0.05,6,0.8,0.8,1.0,5,1.7118937297414751,1,False
252,walk_forward,Hiking,True,5,4,5,0.05,6,0.8,0.8,5.0,1,1.7118948859672365,1,False
252,walk_forward,Hiking,True,5,4,5,0.05,6,0.8,0.8,5.0,5,1.7118948859672365,1,False
252,walk_forward,Hiking,True,5,4,5,0.05,6,0.8,0.8,10.0,1,1.7118963282038562,1,False
252,walk_forward,Hiking,True,5,4,5,0.05,6,0.8,0.8,10.0,5,1.7118963282038562,1,False
252,walk_forward,Hiking,True,5,4,5,0.05,6,0.8,1.0,1.0,1,1.707566563698448,2,False
252,walk_forward,Hiking,True,5,4,5,0.05,6,0.8,1.0,1.0,5,1.707566563698448,2,False
252,walk_forward,Hiking,True,5,4,5,0.05,6,0.8,1.0,5.0,1,1.7075728843781042,2,False
252,walk_forward,Hiking,True,5,4,5,0.05,6,0.8,1.0,5.0,5,1.7075728843781042,2,False
252,walk_forward,Hiking,True,5,4,5,0.05,6,0.8,1.0,10.0,1,1.707580760094051,2,False
252,walk_forward,Hiking,True,5,4,5,0.05,6,0.8,1.0,10.0,5,1.707580760094051,2,False
252,walk_forward,Hiking,True,5,4,5,0.05,6,1.0,0.8,1.0,1,1.7031609012986422,2,False
252,walk_forward,Hiking,True,5,4,5,0.05,6,1.0,0.8,1.0,5,1.7031609012986422,2,False
252,walk_forward,Hiking,True,5,4,5,0.05,6,1.0,0.8,5.0,1,1.7031680154004731,2,False
252,walk_forward,Hiking,True,5,4,5,0.05,6,1.0,0.8,5.0,5,1.7031680154004731,2,False
252,walk_forward,Hiking,True,5,4,5,0.05,6,1.0,0.8,10.0,1,1.7031770072355321,2,False
252,walk_forward,Hiking,True,5,4,5,0.05,6,1.0,0.8,10.0,5,1.7031770072355321,2,False
252,walk_forward,Hiking,True,5,4,5,0.05,6,1.0,1.0,1.0,1,1.7099936330381378,2,False
252,walk_forward,Hiking,True,5,4,5,0.05,6,1.0,1.0,1.0,5,1.7099936330381378,2,False
252,walk_forward,Hiking,True,5,4,5,0.05,6,1.0,1.0,5.0,1,1.7099928315362167,2,False
252,walk_forward,Hiking,True,5,4,5,0.05,6,1.0,1.0,5.0,5,1.7099928315362167,2,False
252,walk_forward,Hiking,True,5,4,5,0.05,6,1.0,1.0,10.0,1,1.7099918393820994,2,False
252,walk_forward,Hiking,True,5,4,5,0.05,6,1.0,1.0,10.0,5,1.7099918393820994,2,False
252,walk_forward,Hiking,True,5,4,5,0.1,4,0.8,0.8,1.0,1,1.6929178572500991,5,True
252,walk_forward,Hiking,True,5,4,5,0.1,4,0.8,0.8,1.0,5,1.6929178572500991,5,False
252,walk_forward,Hiking,True,5,4,5,0.1,4,0.8,0.8,5.0,1,1.6929205582390325,5,False
252,walk_forward,Hiking,True,5,4,5,0.1,4,0.8,0.8,5.0,5,1.6929205582390325,5,False
252,walk_forward,Hiking,True,5,4,5,0.1,4,0.8,0.8,10.0,1,1.6929242255122143,5,False
252,walk_forward,Hiking,True,5,4,5,0.1,4,0.8,0.8,10.0,5,1.6929242255122143,5,False
252,walk_forward,Hiking,True,5,4,5,0.1,4,0.8,1.0,1.0,1,1.693129042718548,6,False
252,walk_forward,Hiking,True,5,4,5,0.1,4,0.8,1.0,1.0,5,1.693129042718548,6,False
252,walk_forward,Hiking,True,5,4,5,0.1,4,0.8,1.0,5.0,1,1.6931305927789475,6,False
252,walk_forward,Hiking,True,5,4,5,0.1,4,0.8,1.0,5.0,5,1.6931305927789475,6,False
252,walk_forward,Hiking,True,5,4,5,0.1,4,0.8,1.0,10.0,1,1.6949222292979145,5,False
252,walk_forward,Hiking,True,5,4,5,0.1,4,0.8,1.0,10.0,5,1.6949222292979145,5,False
252,walk_forward,Hiking,True,5,4,5,0.1,4,1.0,0.8,1.0,1,1.7018835480137873,6,False
252,walk_forward,Hiking,True,5,4,5,0.1,4,1.0,0.8,1.0,5,1.7018835480137873,6,False
252,walk_forward,Hiking,True,5,4,5,0.1,4,1.0,0.8,5.0,1,1.7018853287450388,6,False
252,walk_forward,Hiking,True,5,4,5,0.1,4,1.0,0.8,5.0,5,1.7018853287450388,6,False
252,walk_forward,Hiking,True,5,4,5,0.1,4,1.0,0.8,10.0,1,1.701888204302982,6,False
252,walk_forward,Hiking,True,5,4,5,0.1,4,1.0,0.8,10.0,5,1.701888204302982,6,False
252,walk_forward,Hiking,True,5,4,5,0.1,4,1.0,1.0,1.0,1,1.7001282195851828,5,False
252,walk_forward,Hiking,True,5,4,5,0.1,4,1.0,1.0,1.0,5,1.7001282195851828,5,False
252,walk_forward,Hiking,True,5,4,5,0.1,4,1.0,1.0,5.0,1,1.7001382600453705,5,False
252,walk_forward,Hiking,True,5,4,5,0.1,4,1.0,1.0,5.0,5,1.7001382600453705,5,False
252,walk_forward,Hiking,True,5,4,5,0.1,4,1.0,1.0,10.0,1,1.7001507044633222,5,False
252,walk_forward,Hiking,True,5,4,5,0.1,4,1.0,1.0,10.0,5,1.7001507044633222,5,False
252,walk_forward,Hiking,True,5,4,5,0.1,6,0.8,0.8,1.0,1,1.7120036055369667,1,False
252,walk_forward,Hiking,True,5,4,5,0.1,6,0.8,0.8,1.0,5,1.7120036055369667,1,False
252,walk_forward,Hiking,True,5,4,5,0.1,6,0.8,0.8,5.0,1,1.7120056566734578,1,False
252,walk_forward,Hiking,True,5,4,5,0.1,6,0.8,0.8,5.0,5,1.7120056566734578,1,False
252,walk_forward,Hiking,True,5,4,5,0.1,6,0.8,0.8,10.0,1,1.7120082147864208,1,False
252,walk_forward,Hiking,True,5,4,5,0.1,6,0.8,0.8,10.0,5,1.7120082147864208,1,False
252,walk_forward,Hiking,True,5,4,5,0.1,6,0.8,1.0,1.0,1,1.7091822183580399,3,False
252,walk_forward,Hiking,True,5,4,5,0.1,6,0.8,1.0,1.0,5,1.7091822183580399,3,False
252,walk_forward,Hiking,True,5,4,5,0.1,6,0.8,1.0,5.0,1,1.7101773988549982,1,False
252,walk_forward,Hiking,True,5,4,5,0.1,6,0.8,1.0,5.0,5,1.7101773988549982,1,False
252,walk_forward,Hiking,True,5,4,5,0.1,6,0.8,1.0,10.0,1,1.7101805443066633,1,False
252,walk_forward,Hiking,True,5,4,5,0.1,6,0.8,1.0,10.0,5,1.7101805443066633,1,False
252,walk_forward,Hiking,True,5,4,5,0.1,6,1.0,0.8,1.0,1,1.6962590924921384,2,False
252,walk_forward,Hiking,True,5,4,5,0.1,6,1.0,0.8,1.0,5,1.6962590924921384,2,False
252,walk_forward,Hiking,True,5,4,5,0.1,6,1.0,0.8,5.0,1,1.6962686150262272,2,False
252,walk_forward,Hiking,True,5,4,5,0.1,6,1.0,0.8,5.0,5,1.6962686150262272,2,False
252,walk_forward,Hiking,True,5,4,5,0.1,6,1.0,0.8,10.0,1,1.6962810806988673,2,False
252,walk_forward,Hiking,True,5,4,5,0.1,6,1.0,0.8,10.0,5,1.6962810806988673,2,False
252,walk_forward,Hiking,True,5,4,5,0.1,6,1.0,1.0,1.0,1,1.6993758228120028,3,False
252,walk_forward,Hiking,True,5,4,5,0.1,6,1.0,1.0,1.0,5,1.6993758228120028,3,False
252,walk_forward,Hiking,True,5,4,5,0.1,6,1.0,1.0,5.0,1,1.6993918407287856,3,False
252,walk_forward,Hiking,True,5,4,5,0.1,6,1.0,1.0,5.0,5,1.6993918407287856,3,False
252,walk_forward,Hiking,True,5,4,5,0.1,6,1.0,1.0,10.0,1,1.6994117019657924,3,False
252,walk_forward,Hiking,True,5,4,5,0.1,6,1.0,1.0,10.0,5,1.6994117019657924,3,False
