model,tenor,horizon,regime,binom_pval,reject_bonferroni,reject_bh,mtc_N
htboost_t,10Y,126,GFC,1.7788016065982848e-10,True,True,145
htboost_t,10Y,126,ZIRP_early,6.434539611748782e-38,True,True,145
htboost_t,10Y,126,ZIRP_late,1.3866166071797968e-05,True,True,145
htboost_t,10Y,126,COVID,1.0,False,False,145
htboost_t,10Y,126,Hiking,1.0,False,False,145
htboost_t,15Y,126,GFC,0.012390285195656,False,True,145
htboost_t,15Y,126,ZIRP_early,1.0,False,False,145
htboost_t,15Y,126,ZIRP_late,9.981930040222113e-08,True,True,145
htboost_t,15Y,126,COVID,1.0,False,False,145
htboost_t,15Y,126,Hiking,1.0,False,False,145
htboost_t,1Y,126,GFC,0.995403940016838,False,False,145
htboost_t,1Y,126,ZIRP_early,3.5459845824181254e-14,True,True,145
htboost_t,1Y,126,ZIRP_late,4.953409594878059e-22,True,True,145
htboost_t,1Y,126,COVID,1.0,False,False,145
htboost_t,1Y,126,Hiking,0.99999999612337,False,False,145
htboost_t,30Y,126,GFC,4.9979132545168024e-14,True,True,145
htboost_t,30Y,126,ZIRP_early,1.0,False,False,145
htboost_t,30Y,126,ZIRP_late,5.813739518218265e-09,True,True,145
htboost_t,30Y,126,COVID,0.999999999934394,False,False,145
htboost_t,30Y,126,Hiking,1.0,False,False,145
htboost_t,5Y,126,GFC,0.9832397386127898,False,False,145
htboost_t,5Y,126,ZIRP_early,7.466936513986906e-19,True,True,145
htboost_t,5Y,126,ZIRP_late,0.1685728845333956,False,False,145
htboost_t,5Y,126,COVID,1.0,False,False,145
htboost_t,5Y,126,Hiking,0.9999999999974856,False,False,145
htboost_t,10Y,1,GFC,0.898288495374472,False,False,145
htboost_t,10Y,1,ZIRP_early,0.5419702016926164,False,False,145
htboost_t,10Y,1,ZIRP_late,0.6404532393088862,False,False,145
htboost_t,10Y,1,COVID,0.075588805521678,False,False,145
htboost_t,10Y,1,Hiking,0.2130151739288131,False,False,145
htboost_t,15Y,1,GFC,0.9890115084569876,False,False,145
htboost_t,15Y,1,ZIRP_early,0.9959465995643356,False,False,145
htboost_t,15Y,1,ZIRP_late,0.930436657967174,False,False,145
htboost_t,15Y,1,COVID,0.2953054391629938,False,False,145
htboost_t,15Y,1,Hiking,0.0952939806643546,False,False,145
htboost_t,1Y,1,GFC,0.943008351775506,False,False,145
htboost_t,1Y,1,ZIRP_early,0.4723133631889247,False,False,145
htboost_t,1Y,1,ZIRP_late,0.9999651722234046,False,False,145
htboost_t,1Y,1,COVID,0.1710025802924621,False,False,145
htboost_t,1Y,1,Hiking,0.0029245607982489,False,True,145
htboost_t,30Y,1,GFC,0.9622144195293888,False,False,145
htboost_t,30Y,1,ZIRP_early,0.7477907571811098,False,False,145
htboost_t,30Y,1,ZIRP_late,0.6698869679616366,False,False,145
htboost_t,30Y,1,COVID,0.2315944695142664,False,False,145
htboost_t,30Y,1,Hiking,0.8995300560906127,False,False,145
htboost_t,5Y,1,GFC,0.9228247595211844,False,False,145
htboost_t,5Y,1,ZIRP_early,0.9632854335236176,False,False,145
htboost_t,5Y,1,ZIRP_late,0.9960152275287916,False,False,145
htboost_t,5Y,1,COVID,0.1177343081579216,False,False,145
htboost_t,5Y,1,Hiking,0.5000000000000008,False,False,145
htboost_t,10Y,21,GFC,0.191701282965254,False,False,145
htboost_t,10Y,21,ZIRP_early,6.797426806955292e-05,True,True,145
htboost_t,10Y,21,ZIRP_late,0.5988201705965803,False,False,145
htboost_t,10Y,21,COVID,0.9823909990698269,False,False,145
htboost_t,10Y,21,Hiking,0.9999981479637527,False,False,145
htboost_t,15Y,21,GFC,0.391838689759306,False,False,145
htboost_t,15Y,21,ZIRP_early,1.157588247760564e-09,True,True,145
htboost_t,15Y,21,ZIRP_late,0.2263493713982911,False,False,145
htboost_t,15Y,21,COVID,0.853017524827341,False,False,145
htboost_t,15Y,21,Hiking,0.9999999222246824,False,False,145
htboost_t,1Y,21,GFC,0.0455842042039856,False,False,145
htboost_t,1Y,21,ZIRP_early,4.3027830096703616e-06,True,True,145
htboost_t,1Y,21,ZIRP_late,0.1041727726357736,False,False,145
htboost_t,1Y,21,COVID,5.111888320921383e-06,True,True,145
htboost_t,1Y,21,Hiking,0.6406956632828857,False,False,145
htboost_t,30Y,21,GFC,0.0065755785297983,False,True,145
htboost_t,30Y,21,ZIRP_early,5.666428387843105e-07,True,True,145
htboost_t,30Y,21,ZIRP_late,0.2263493713982911,False,False,145
htboost_t,30Y,21,COVID,0.7297694928892393,False,False,145
htboost_t,30Y,21,Hiking,0.9999999703230228,False,False,145
htboost_t,5Y,21,GFC,0.6957413124105429,False,False,145
htboost_t,5Y,21,ZIRP_early,0.000376212727529,False,True,145
htboost_t,5Y,21,ZIRP_late,0.8138838424896191,False,False,145
htboost_t,5Y,21,COVID,0.9999968113134464,False,False,145
htboost_t,5Y,21,Hiking,0.594832938256598,False,False,145
htboost_t,10Y,252,ZIRP_early,2.0715629475279462e-20,True,True,145
htboost_t,10Y,252,ZIRP_late,3.092225517581408e-26,True,True,145
htboost_t,10Y,252,COVID,1.0,False,False,145
htboost_t,10Y,252,Hiking,1.0,False,False,145
htboost_t,15Y,252,ZIRP_early,4.6836361980373574e-24,True,True,145
htboost_t,15Y,252,ZIRP_late,1.479316152875273e-25,True,True,145
htboost_t,15Y,252,COVID,0.9821371275530064,False,False,145
htboost_t,15Y,252,Hiking,1.0,False,False,145
htboost_t,1Y,252,ZIRP_early,1.757402661462915e-53,True,True,145
htboost_t,1Y,252,ZIRP_late,1.0,False,False,145
htboost_t,1Y,252,COVID,1.0,False,False,145
htboost_t,1Y,252,Hiking,0.1064811690993855,False,False,145
htboost_t,30Y,252,ZIRP_early,6.614201659741648e-31,True,True,145
htboost_t,30Y,252,ZIRP_late,3.2072445149255486e-25,True,True,145
htboost_t,30Y,252,COVID,1.0,False,False,145
htboost_t,30Y,252,Hiking,1.0,False,False,145
htboost_t,5Y,252,ZIRP_early,1.1545321719470199e-28,True,True,145
htboost_t,5Y,252,ZIRP_late,3.413505342404686e-05,True,True,145
htboost_t,5Y,252,COVID,1.0,False,False,145
htboost_t,5Y,252,Hiking,1.0,False,False,145
htboost_t,10Y,5,GFC,0.99601859339739,False,False,145
htboost_t,10Y,5,ZIRP_early,0.1968200933442872,False,False,145
htboost_t,10Y,5,ZIRP_late,0.5551369333231975,False,False,145
htboost_t,10Y,5,COVID,0.7551721483364444,False,False,145
htboost_t,10Y,5,Hiking,0.999993375195538,False,False,145
htboost_t,15Y,5,GFC,0.0360418190133164,False,False,145
htboost_t,15Y,5,ZIRP_early,0.0745781710996326,False,False,145
htboost_t,15Y,5,ZIRP_late,0.2739677790313593,False,False,145
htboost_t,15Y,5,COVID,0.4108661036104376,False,False,145
htboost_t,15Y,5,Hiking,0.999801428148628,False,False,145
htboost_t,1Y,5,GFC,0.6862175480705943,False,False,145
htboost_t,1Y,5,ZIRP_early,0.9254218289003672,False,False,145
htboost_t,1Y,5,ZIRP_late,0.9998245567020492,False,False,145
htboost_t,1Y,5,COVID,4.188734207890653e-05,True,True,145
htboost_t,1Y,5,Hiking,0.0004303660508922,False,True,145
htboost_t,30Y,5,GFC,0.047499925244341,False,False,145
htboost_t,30Y,5,ZIRP_early,0.1460356246235326,False,False,145
htboost_t,30Y,5,ZIRP_late,0.7839992673269822,False,False,145
htboost_t,30Y,5,COVID,0.4108661036104376,False,False,145
htboost_t,30Y,5,Hiking,0.9988415177872316,False,False,145
htboost_t,5Y,5,GFC,0.4253133096266072,False,False,145
htboost_t,5Y,5,ZIRP_early,0.2084713678683393,False,False,145
htboost_t,5Y,5,ZIRP_late,0.7667406967323049,False,False,145
htboost_t,5Y,5,COVID,0.967948914092967,False,False,145
htboost_t,5Y,5,Hiking,0.996379321625145,False,False,145
htboost_t,10Y,63,GFC,0.0273854775692165,False,False,145
htboost_t,10Y,63,ZIRP_early,1.0,False,False,145
htboost_t,10Y,63,ZIRP_late,0.0001129070919185,True,True,145
htboost_t,10Y,63,COVID,0.999991876316326,False,False,145
htboost_t,10Y,63,Hiking,1.0,False,False,145
htboost_t,15Y,63,GFC,0.2477495016199701,False,False,145
htboost_t,15Y,63,ZIRP_early,0.0113757797620313,False,True,145
htboost_t,15Y,63,ZIRP_late,9.342777984682026e-07,True,True,145
htboost_t,15Y,63,COVID,0.9998835854333452,False,False,145
htboost_t,15Y,63,Hiking,1.0,False,False,145
htboost_t,1Y,63,GFC,3.0847050564075373e-07,True,True,145
htboost_t,1Y,63,ZIRP_early,7.637288426171305e-06,True,True,145
htboost_t,1Y,63,ZIRP_late,0.9999999999485272,False,False,145
htboost_t,1Y,63,COVID,2.96062219282538e-10,True,True,145
htboost_t,1Y,63,Hiking,6.719590681326364e-05,True,True,145
htboost_t,30Y,63,GFC,0.048296629595344,False,False,145
htboost_t,30Y,63,ZIRP_early,0.9999999999999998,False,False,145
htboost_t,30Y,63,ZIRP_late,0.3737988738332619,False,False,145
htboost_t,30Y,63,COVID,0.9974574037722616,False,False,145
htboost_t,30Y,63,Hiking,1.0,False,False,145
htboost_t,5Y,63,GFC,0.000919399102633,False,True,145
htboost_t,5Y,63,ZIRP_early,0.0020844076640295,False,True,145
htboost_t,5Y,63,ZIRP_late,0.8044075535688144,False,False,145
htboost_t,5Y,63,COVID,0.999999999987792,False,False,145
htboost_t,5Y,63,Hiking,1.0,False,False,145
htboost_l2,10Y,126,GFC,1.361893556427072e-09,True,True,145
htboost_l2,10Y,126,ZIRP_early,6.434539611748782e-38,True,True,145
htboost_l2,10Y,126,ZIRP_late,1.386616607179794e-05,True,True,145
htboost_l2,10Y,126,COVID,1.0,False,False,145
htboost_l2,10Y,126,Hiking,1.0,False,False,145
htboost_l2,15Y,126,GFC,1.0,False,False,145
htboost_l2,15Y,126,ZIRP_early,1.0,False,False,145
htboost_l2,15Y,126,ZIRP_late,9.98193004022197e-08,True,True,145
htboost_l2,15Y,126,COVID,1.0,False,False,145
htboost_l2,15Y,126,Hiking,1.0,False,False,145
htboost_l2,1Y,126,GFC,1.0,False,False,145
htboost_l2,1Y,126,ZIRP_early,0.9319817733753798,False,False,145
htboost_l2,1Y,126,ZIRP_late,1.0,False,False,145
htboost_l2,1Y,126,COVID,0.2469702568283967,False,False,145
htboost_l2,1Y,126,Hiking,0.9999605948137544,False,False,145
htboost_l2,30Y,126,GFC,0.9999999999999956,False,False,145
htboost_l2,30Y,126,ZIRP_early,1.0,False,False,145
htboost_l2,30Y,126,ZIRP_late,5.813739518218265e-09,True,True,145
htboost_l2,30Y,126,COVID,0.999999999934394,False,False,145
htboost_l2,30Y,126,Hiking,1.0,False,False,145
htboost_l2,5Y,126,GFC,1.0,False,False,145
htboost_l2,5Y,126,ZIRP_early,4.798696860342095e-05,True,True,145
htboost_l2,5Y,126,ZIRP_late,0.1685728845333956,False,False,145
htboost_l2,5Y,126,COVID,0.822563192539348,False,False,145
htboost_l2,5Y,126,Hiking,0.9999999999974856,False,False,145
htboost_l2,10Y,1,GFC,0.6205500030580184,False,False,145
htboost_l2,10Y,1,ZIRP_early,0.2751604025389652,False,False,145
htboost_l2,10Y,1,ZIRP_late,0.6404532393088862,False,False,145
htboost_l2,10Y,1,COVID,0.4241410982056885,False,False,145
htboost_l2,10Y,1,Hiking,0.7869848260711869,False,False,145
htboost_l2,15Y,1,GFC,0.5172236466970141,False,False,145
htboost_l2,15Y,1,ZIRP_early,0.9999647994501896,False,False,145
htboost_l2,15Y,1,ZIRP_late,0.8210164514072572,False,False,145
htboost_l2,15Y,1,COVID,0.1521739259795749,False,False,145
htboost_l2,15Y,1,Hiking,0.0573475095473892,False,False,145
htboost_l2,1Y,1,GFC,0.7114473074641208,False,False,145
htboost_l2,1Y,1,ZIRP_early,0.9999727057335442,False,False,145
htboost_l2,1Y,1,ZIRP_late,0.9999063138481084,False,False,145
htboost_l2,1Y,1,COVID,0.9083252432360502,False,False,145
htboost_l2,1Y,1,Hiking,0.0593852686494573,False,False,145
htboost_l2,30Y,1,GFC,0.6638169821418001,False,False,145
htboost_l2,30Y,1,ZIRP_early,0.0568952598510864,False,False,145
htboost_l2,30Y,1,ZIRP_late,0.4522857980333106,False,False,145
htboost_l2,30Y,1,COVID,0.0176613816851292,False,False,145
htboost_l2,30Y,1,Hiking,0.7903504059886913,False,False,145
htboost_l2,5Y,1,GFC,0.9228247595211844,False,False,145
htboost_l2,5Y,1,ZIRP_early,0.997233671413782,False,False,145
htboost_l2,5Y,1,ZIRP_late,0.9923582428107828,False,False,145
htboost_l2,5Y,1,COVID,0.8219089829683744,False,False,145
htboost_l2,5Y,1,Hiking,0.767201762940382,False,False,145
htboost_l2,10Y,21,GFC,0.191701282965254,False,False,145
htboost_l2,10Y,21,ZIRP_early,6.797426806955292e-05,True,True,145
htboost_l2,10Y,21,ZIRP_late,0.7283657366636643,False,False,145
htboost_l2,10Y,21,COVID,0.9823909990698269,False,False,145
htboost_l2,10Y,21,Hiking,0.9999999391780784,False,False,145
htboost_l2,15Y,21,GFC,0.391838689759306,False,False,145
htboost_l2,15Y,21,ZIRP_early,0.7822173526670392,False,False,145
htboost_l2,15Y,21,ZIRP_late,0.0014863161965408,False,True,145
htboost_l2,15Y,21,COVID,0.9191648038869183,False,False,145
htboost_l2,15Y,21,Hiking,0.999999026825389,False,False,145
htboost_l2,1Y,21,GFC,0.9993436359346444,False,False,145
htboost_l2,1Y,21,ZIRP_early,0.0006813405033831,False,True,145
htboost_l2,1Y,21,ZIRP_late,0.9999966405230032,False,False,145
htboost_l2,1Y,21,COVID,3.9568251690722433e-17,True,True,145
htboost_l2,1Y,21,Hiking,0.3819875721049945,False,False,145
htboost_l2,30Y,21,GFC,0.0033750112170013,False,True,145
htboost_l2,30Y,21,ZIRP_early,0.9999963778630978,False,False,145
htboost_l2,30Y,21,ZIRP_late,0.2263493713982911,False,False,145
htboost_l2,30Y,21,COVID,0.7297694928892393,False,False,145
htboost_l2,30Y,21,Hiking,0.9999998430652896,False,False,145
htboost_l2,5Y,21,GFC,0.2791507107022454,False,False,145
htboost_l2,5Y,21,ZIRP_early,0.1098701745736141,False,False,145
htboost_l2,5Y,21,ZIRP_late,0.9987468049060187,False,False,145
htboost_l2,5Y,21,COVID,0.0014531951022746,False,True,145
htboost_l2,5Y,21,Hiking,0.9999900373253404,False,False,145
htboost_l2,10Y,252,ZIRP_early,2.0715629475279468e-20,True,True,145
htboost_l2,10Y,252,ZIRP_late,3.092225517581407e-26,True,True,145
htboost_l2,10Y,252,COVID,1.0,False,False,145
htboost_l2,10Y,252,Hiking,1.0,False,False,145
htboost_l2,15Y,252,ZIRP_early,4.683636198037353e-24,True,True,145
htboost_l2,15Y,252,ZIRP_late,1.4793161528752724e-25,True,True,145
htboost_l2,15Y,252,COVID,1.0,False,False,145
htboost_l2,15Y,252,Hiking,1.0,False,False,145
htboost_l2,1Y,252,ZIRP_early,1.757402661462916e-53,True,True,145
htboost_l2,1Y,252,ZIRP_late,1.0,False,False,145
htboost_l2,1Y,252,COVID,2.0601091562963e-30,True,True,145
htboost_l2,1Y,252,Hiking,0.1064811690993855,False,False,145
htboost_l2,30Y,252,ZIRP_early,6.614201659741651e-31,True,True,145
htboost_l2,30Y,252,ZIRP_late,3.2072445149255486e-25,True,True,145
htboost_l2,30Y,252,COVID,1.0,False,False,145
htboost_l2,30Y,252,Hiking,1.0,False,False,145
htboost_l2,5Y,252,ZIRP_early,1.154532171947019e-28,True,True,145
htboost_l2,5Y,252,ZIRP_late,3.413505342404681e-05,True,True,145
htboost_l2,5Y,252,COVID,1.0,False,False,145
htboost_l2,5Y,252,Hiking,1.0,False,False,145
htboost_l2,10Y,5,GFC,0.9905289720400862,False,False,145
htboost_l2,10Y,5,ZIRP_early,0.7798773576076088,False,False,145
htboost_l2,10Y,5,ZIRP_late,0.5551369333231975,False,False,145
htboost_l2,10Y,5,COVID,0.7551721483364444,False,False,145
htboost_l2,10Y,5,Hiking,0.9999984227925194,False,False,145
htboost_l2,15Y,5,GFC,0.9711952387687516,False,False,145
htboost_l2,15Y,5,ZIRP_early,0.7125489275089889,False,False,145
htboost_l2,15Y,5,ZIRP_late,0.4086239958827802,False,False,145
htboost_l2,15Y,5,COVID,0.4108661036104376,False,False,145
htboost_l2,15Y,5,Hiking,0.999801428148628,False,False,145
htboost_l2,1Y,5,GFC,0.7582941731746019,False,False,145
htboost_l2,1Y,5,ZIRP_early,0.9134542123097892,False,False,145
htboost_l2,1Y,5,ZIRP_late,0.9997504612163084,False,False,145
htboost_l2,1Y,5,COVID,0.9985813097638624,False,False,145
htboost_l2,1Y,5,Hiking,0.0094799995899201,False,False,145
htboost_l2,30Y,5,GFC,0.915389463105967,False,False,145
htboost_l2,30Y,5,ZIRP_early,0.0258393743067157,False,False,145
htboost_l2,30Y,5,ZIRP_late,0.8100930086053836,False,False,145
htboost_l2,30Y,5,COVID,0.4108661036104376,False,False,145
htboost_l2,30Y,5,Hiking,0.9988415177872316,False,False,145
htboost_l2,5Y,5,GFC,0.4999999999999995,False,False,145
htboost_l2,5Y,5,ZIRP_early,0.8721326222006558,False,False,145
htboost_l2,5Y,5,ZIRP_late,0.7667406967323049,False,False,145
htboost_l2,5Y,5,COVID,0.967948914092967,False,False,145
htboost_l2,5Y,5,Hiking,0.9812201706228274,False,False,145
htboost_l2,10Y,63,GFC,0.0273854775692165,False,False,145
htboost_l2,10Y,63,ZIRP_early,0.3884152743772322,False,False,145
htboost_l2,10Y,63,ZIRP_late,0.0001129070919185,True,True,145
htboost_l2,10Y,63,COVID,0.999991876316326,False,False,145
htboost_l2,10Y,63,Hiking,1.0,False,False,145
htboost_l2,15Y,63,GFC,0.2477495016199701,False,False,145
htboost_l2,15Y,63,ZIRP_early,0.1004801142273424,False,False,145
htboost_l2,15Y,63,ZIRP_late,9.342777984682026e-07,True,True,145
htboost_l2,15Y,63,COVID,0.9998835854333452,False,False,145
htboost_l2,15Y,63,Hiking,1.0,False,False,145
htboost_l2,1Y,63,GFC,0.9999805227924417,False,False,145
htboost_l2,1Y,63,ZIRP_early,0.2186716303454826,False,False,145
htboost_l2,1Y,63,ZIRP_late,0.9999999999485272,False,False,145
htboost_l2,1Y,63,COVID,0.9999992263298952,False,False,145
htboost_l2,1Y,63,Hiking,0.0002792601337901,True,True,145
htboost_l2,30Y,63,GFC,0.1484481691717302,False,False,145
htboost_l2,30Y,63,ZIRP_early,0.999999999999998,False,False,145
htboost_l2,30Y,63,ZIRP_late,0.9976517350811028,False,False,145
htboost_l2,30Y,63,COVID,0.9974574037722616,False,False,145
htboost_l2,30Y,63,Hiking,1.0,False,False,145
htboost_l2,5Y,63,GFC,0.0153465164248593,False,False,145
htboost_l2,5Y,63,ZIRP_early,0.2346293359777419,False,False,145
htboost_l2,5Y,63,ZIRP_late,0.8044075535688144,False,False,145
htboost_l2,5Y,63,COVID,0.9999920001400906,False,False,145
htboost_l2,5Y,63,Hiking,1.0,False,False,145
xgboost,10Y,126,GFC,3.4261223735863856e-36,True,True,150
xgboost,10Y,126,ZIRP_early,6.434539611748782e-38,True,True,150
xgboost,10Y,126,ZIRP_late,1.386616607179794e-05,True,True,150
xgboost,10Y,126,COVID,1.0,False,False,150
xgboost,10Y,126,Hiking,1.0,False,False,150
xgboost,15Y,126,GFC,0.9999999645583648,False,False,150
xgboost,15Y,126,ZIRP_early,1.546059244909849e-36,True,True,150
xgboost,15Y,126,ZIRP_late,9.98193004022197e-08,True,True,150
xgboost,15Y,126,COVID,1.0,False,False,150
xgboost,15Y,126,Hiking,1.0,False,False,150
xgboost,1Y,126,GFC,1.6774089246595262e-42,True,True,150
xgboost,1Y,126,ZIRP_early,3.5459845824181254e-14,True,True,150
xgboost,1Y,126,ZIRP_late,1.0,False,False,150
xgboost,1Y,126,COVID,1.5810596842989623e-14,True,True,150
xgboost,1Y,126,Hiking,0.9999999999505472,False,False,150
xgboost,30Y,126,GFC,0.9999999999915788,False,False,150
xgboost,30Y,126,ZIRP_early,2.0969789786237155e-39,True,True,150
xgboost,30Y,126,ZIRP_late,5.813739518218265e-09,True,True,150
xgboost,30Y,126,COVID,0.999999999934394,False,False,150
xgboost,30Y,126,Hiking,1.0,False,False,150
xgboost,5Y,126,GFC,5.450681715109127e-44,True,True,150
xgboost,5Y,126,ZIRP_early,7.466936513986906e-19,True,True,150
xgboost,5Y,126,ZIRP_late,0.9998950633523536,False,False,150
xgboost,5Y,126,COVID,1.0,False,False,150
xgboost,5Y,126,Hiking,0.9999999999974856,False,False,150
xgboost,10Y,1,GFC,0.6205500030580184,False,False,150
xgboost,10Y,1,ZIRP_early,0.9733848179267292,False,False,150
xgboost,10Y,1,ZIRP_late,0.9064279659500492,False,False,150
xgboost,10Y,1,COVID,0.1946152250565669,False,False,150
xgboost,10Y,1,Hiking,0.5788646725497779,False,False,150
xgboost,15Y,1,GFC,0.8397537450169277,False,False,150
xgboost,15Y,1,ZIRP_early,0.9999647994501896,False,False,150
xgboost,15Y,1,ZIRP_late,0.6698869679616366,False,False,150
xgboost,15Y,1,COVID,0.2315944695142664,False,False,150
xgboost,15Y,1,Hiking,0.7594954429024674,False,False,150
xgboost,1Y,1,GFC,0.8467123613238885,False,False,150
xgboost,1Y,1,ZIRP_early,0.4447598352086719,False,False,150
xgboost,1Y,1,ZIRP_late,0.5794379748618714,False,False,150
xgboost,1Y,1,COVID,0.0641624305300594,False,False,150
xgboost,1Y,1,Hiking,0.998068555106278,False,False,150
xgboost,30Y,1,GFC,0.9622144195293888,False,False,150
xgboost,30Y,1,ZIRP_early,0.0190511243892125,False,False,150
xgboost,30Y,1,ZIRP_late,0.6101622175885792,False,False,150
xgboost,30Y,1,COVID,0.2315944695142664,False,False,150
xgboost,30Y,1,Hiking,0.3938887259704443,False,False,150
xgboost,5Y,1,GFC,0.5485709387682112,False,False,150
xgboost,5Y,1,ZIRP_early,0.8903371626383344,False,False,150
xgboost,5Y,1,ZIRP_late,0.9968265663762284,False,False,150
xgboost,5Y,1,COVID,0.482479940187378,False,False,150
xgboost,5Y,1,Hiking,0.7247419706980072,False,False,150
xgboost,10Y,21,GFC,0.9994291210122688,False,False,150
xgboost,10Y,21,ZIRP_early,0.020287428667025,False,False,150
xgboost,10Y,21,ZIRP_late,0.2484423838125095,False,False,150
xgboost,10Y,21,COVID,0.988637112985719,False,False,150
xgboost,10Y,21,Hiking,0.9999999842242956,False,False,150
xgboost,15Y,21,GFC,0.7719241717974896,False,False,150
xgboost,15Y,21,ZIRP_early,0.99983479849311,False,False,150
xgboost,15Y,21,ZIRP_late,0.9999999995850004,False,False,150
xgboost,15Y,21,COVID,0.9599108466465758,False,False,150
xgboost,15Y,21,Hiking,0.9999999716038244,False,False,150
xgboost,1Y,21,GFC,0.9116853461835764,False,False,150
xgboost,1Y,21,ZIRP_early,0.7813283696545174,False,False,150
xgboost,1Y,21,ZIRP_late,0.8958272273642264,False,False,150
xgboost,1Y,21,COVID,6.603271605691591e-08,True,True,150
xgboost,1Y,21,Hiking,0.999755066013976,False,False,150
xgboost,30Y,21,GFC,0.6342327530840826,False,False,150
xgboost,30Y,21,ZIRP_early,0.4748502805326918,False,False,150
xgboost,30Y,21,ZIRP_late,0.1498572000077944,False,False,150
xgboost,30Y,21,COVID,0.5694133101045074,False,False,150
xgboost,30Y,21,Hiking,0.999999958286458,False,False,150
xgboost,5Y,21,GFC,0.0003758347583974,False,True,150
xgboost,5Y,21,ZIRP_early,0.9908829377079034,False,False,150
xgboost,5Y,21,ZIRP_late,0.8484018564489648,False,False,150
xgboost,5Y,21,COVID,0.9999968113134464,False,False,150
xgboost,5Y,21,Hiking,0.9999998831185992,False,False,150
xgboost,10Y,252,GFC,1.0,False,False,150
xgboost,10Y,252,ZIRP_early,2.0715629475279468e-20,True,True,150
xgboost,10Y,252,ZIRP_late,3.092225517581407e-26,True,True,150
xgboost,10Y,252,COVID,1.0,False,False,150
xgboost,10Y,252,Hiking,1.0,False,False,150
xgboost,15Y,252,GFC,1.0,False,False,150
xgboost,15Y,252,ZIRP_early,4.683636198037353e-24,True,True,150
xgboost,15Y,252,ZIRP_late,1.4793161528752724e-25,True,True,150
xgboost,15Y,252,COVID,1.0,False,False,150
xgboost,15Y,252,Hiking,1.0,False,False,150
xgboost,1Y,252,GFC,1.0,False,False,150
xgboost,1Y,252,ZIRP_early,1.757402661462916e-53,True,True,150
xgboost,1Y,252,ZIRP_late,1.0,False,False,150
xgboost,1Y,252,COVID,2.326401946128658e-22,True,True,150
xgboost,1Y,252,Hiking,0.1970808008684296,False,False,150
xgboost,30Y,252,GFC,0.9999999999999998,False,False,150
xgboost,30Y,252,ZIRP_early,6.614201659741651e-31,True,True,150
xgboost,30Y,252,ZIRP_late,3.2072445149255486e-25,True,True,150
xgboost,30Y,252,COVID,0.3468399884076543,False,False,150
xgboost,30Y,252,Hiking,1.0,False,False,150
xgboost,5Y,252,GFC,1.0,False,False,150
xgboost,5Y,252,ZIRP_early,1.154532171947019e-28,True,True,150
xgboost,5Y,252,ZIRP_late,3.413505342404681e-05,True,True,150
xgboost,5Y,252,COVID,0.4674941549296965,False,False,150
xgboost,5Y,252,Hiking,1.0,False,False,150
xgboost,10Y,5,GFC,0.9585012543111112,False,False,150
xgboost,10Y,5,ZIRP_early,0.8806230260298931,False,False,150
xgboost,10Y,5,ZIRP_late,0.0356549409350718,False,False,150
xgboost,10Y,5,COVID,0.7551721483364444,False,False,150
xgboost,10Y,5,Hiking,0.9812201706228274,False,False,150
xgboost,15Y,5,GFC,0.3087847693101826,False,False,150
xgboost,15Y,5,ZIRP_early,0.1681429453816154,False,False,150
xgboost,15Y,5,ZIRP_late,0.3731494624472816,False,False,150
xgboost,15Y,5,COVID,0.1836739802665139,False,False,150
xgboost,15Y,5,Hiking,0.9977425850219124,False,False,150
xgboost,1Y,5,GFC,0.9111990699763516,False,False,150
xgboost,1Y,5,ZIRP_early,0.563652288521159,False,False,150
xgboost,1Y,5,ZIRP_late,0.9997504612163084,False,False,150
xgboost,1Y,5,COVID,0.6030688425511701,False,False,150
xgboost,1Y,5,Hiking,0.8179932842540044,False,False,150
xgboost,30Y,5,GFC,0.3472935882415303,False,False,150
xgboost,30Y,5,ZIRP_early,0.1653955678953344,False,False,150
xgboost,30Y,5,ZIRP_late,0.7839992673269822,False,False,150
xgboost,30Y,5,COVID,0.1298814519140821,False,False,150
xgboost,30Y,5,Hiking,0.9950133032753012,False,False,150
xgboost,5Y,5,GFC,0.9211580855021588,False,False,150
xgboost,5Y,5,ZIRP_early,0.5644782789543759,False,False,150
xgboost,5Y,5,ZIRP_late,0.5958821750344983,False,False,150
xgboost,5Y,5,COVID,0.7015005994925011,False,False,150
xgboost,5Y,5,Hiking,0.4548662373960254,False,False,150
xgboost,10Y,63,GFC,0.0642221234226397,False,False,150
xgboost,10Y,63,ZIRP_early,0.7655909314081297,False,False,150
xgboost,10Y,63,ZIRP_late,0.1671444945315351,False,False,150
xgboost,10Y,63,COVID,0.999991876316326,False,False,150
xgboost,10Y,63,Hiking,1.0,False,False,150
xgboost,15Y,63,GFC,0.9410983064445512,False,False,150
xgboost,15Y,63,ZIRP_early,2.0126971581452172e-23,True,True,150
xgboost,15Y,63,ZIRP_late,0.0537568735788192,False,False,150
xgboost,15Y,63,COVID,0.5348391232013078,False,False,150
xgboost,15Y,63,Hiking,1.0,False,False,150
xgboost,1Y,63,GFC,4.6646712233259586e-11,True,True,150
xgboost,1Y,63,ZIRP_early,7.637288426171305e-06,True,True,150
xgboost,1Y,63,ZIRP_late,0.9999999999485272,False,False,150
xgboost,1Y,63,COVID,3.1454813022756527e-29,True,True,150
xgboost,1Y,63,Hiking,0.9995636171010808,False,False,150
xgboost,30Y,63,GFC,0.9999999999982586,False,False,150
xgboost,30Y,63,ZIRP_early,0.9999999185662428,False,False,150
xgboost,30Y,63,ZIRP_late,0.2263493713982911,False,False,150
xgboost,30Y,63,COVID,0.9974574037722616,False,False,150
xgboost,30Y,63,Hiking,1.0,False,False,150
xgboost,5Y,63,GFC,0.9953547035804418,False,False,150
xgboost,5Y,63,ZIRP_early,1.6950919219839753e-08,True,True,150
xgboost,5Y,63,ZIRP_late,0.3529883027262789,False,False,150
xgboost,5Y,63,COVID,0.8427077141680066,False,False,150
xgboost,5Y,63,Hiking,0.9999999999999952,False,False,150
OLS,10Y,126,GFC,3.4261223735863856e-36,True,True,150
OLS,10Y,126,ZIRP_early,0.9999838791190128,False,False,150
OLS,10Y,126,ZIRP_late,0.9184585269615052,False,False,150
OLS,10Y,126,COVID,1.0,False,False,150
OLS,10Y,126,Hiking,1.0,False,False,150
OLS,15Y,126,GFC,5.535787734617583e-09,True,True,150
OLS,15Y,126,ZIRP_early,0.0013738591867937,False,True,150
OLS,15Y,126,ZIRP_late,0.9878973812507852,False,False,150
OLS,15Y,126,COVID,1.0,False,False,150
OLS,15Y,126,Hiking,1.0,False,False,150
OLS,1Y,126,GFC,1.6774089246595262e-42,True,True,150
OLS,1Y,126,ZIRP_early,6.910956975760994e-11,True,True,150
OLS,1Y,126,ZIRP_late,4.953409594878059e-22,True,True,150
OLS,1Y,126,COVID,5.745294224330967e-32,True,True,150
OLS,1Y,126,Hiking,0.9999923766902692,False,False,150
OLS,30Y,126,GFC,4.9979132545168024e-14,True,True,150
OLS,30Y,126,ZIRP_early,6.1412967278498965e-24,True,True,150
OLS,30Y,126,ZIRP_late,0.9854537500814012,False,False,150
OLS,30Y,126,COVID,0.9999998897942366,False,False,150
OLS,30Y,126,Hiking,1.0,False,False,150
OLS,5Y,126,GFC,4.594114999197741e-38,True,True,150
OLS,5Y,126,ZIRP_early,7.465660960595916e-12,True,True,150
OLS,5Y,126,ZIRP_late,0.0067677147329894,False,True,150
OLS,5Y,126,COVID,1.0,False,False,150
OLS,5Y,126,Hiking,0.9999999941826148,False,False,150
OLS,10Y,1,GFC,0.4825136326100942,False,False,150
OLS,10Y,1,ZIRP_early,0.9948625039697908,False,False,150
OLS,10Y,1,ZIRP_late,0.9792863459456238,False,False,150
OLS,10Y,1,COVID,0.125454401287688,False,False,150
OLS,10Y,1,Hiking,0.9767383926254168,False,False,150
OLS,15Y,1,GFC,0.8178062495022166,False,False,150
OLS,15Y,1,ZIRP_early,0.2654472904593739,False,False,150
OLS,15Y,1,ZIRP_late,0.9792863459456238,False,False,150
OLS,15Y,1,COVID,0.4416820124711652,False,False,150
OLS,15Y,1,Hiking,0.997843612324053,False,False,150
OLS,1Y,1,GFC,0.2885526925358792,False,False,150
OLS,1Y,1,ZIRP_early,0.9999348028660509,False,False,150
OLS,1Y,1,ZIRP_late,0.3591151518110292,False,False,150
OLS,1Y,1,COVID,0.0641624305300594,False,False,150
OLS,1Y,1,Hiking,0.8482076467656512,False,False,150
OLS,30Y,1,GFC,0.3361830178581999,False,False,150
OLS,30Y,1,ZIRP_early,0.0653858996796568,False,False,150
OLS,30Y,1,ZIRP_late,0.9992145771565634,False,False,150
OLS,30Y,1,COVID,0.2315944695142664,False,False,150
OLS,30Y,1,Hiking,0.9654404043488668,False,False,150
OLS,5Y,1,GFC,0.8253223176142566,False,False,150
OLS,5Y,1,ZIRP_early,0.8455906900083122,False,False,150
OLS,5Y,1,ZIRP_late,0.9522401379049632,False,False,150
OLS,5Y,1,COVID,0.1177343081579216,False,False,150
OLS,5Y,1,Hiking,0.9277915917878172,False,False,150
OLS,10Y,21,GFC,2.565595878946567e-05,True,True,150
OLS,10Y,21,ZIRP_early,0.9979342646711564,False,False,150
OLS,10Y,21,ZIRP_late,0.8143334041930279,False,False,150
OLS,10Y,21,COVID,0.9858073818194032,False,False,150
OLS,10Y,21,Hiking,0.9999999995801888,False,False,150
OLS,15Y,21,GFC,0.0126473261112423,False,False,150
OLS,15Y,21,ZIRP_early,0.9508606962083904,False,False,150
OLS,15Y,21,ZIRP_late,0.8501427999922055,False,False,150
OLS,15Y,21,COVID,0.9991915517305302,False,False,150
OLS,15Y,21,Hiking,0.9999999442085976,False,False,150
OLS,1Y,21,GFC,0.0542759014938849,False,False,150
OLS,1Y,21,ZIRP_early,0.9748709646536162,False,False,150
OLS,1Y,21,ZIRP_late,3.217428073223523e-05,True,True,150
OLS,1Y,21,COVID,6.370627503339701e-07,True,True,150
OLS,1Y,21,Hiking,0.999999999812396,False,False,150
OLS,30Y,21,GFC,0.0065755785297983,False,True,150
OLS,30Y,21,ZIRP_early,0.3525291350566386,False,False,150
OLS,30Y,21,ZIRP_late,0.928721691118294,False,False,150
OLS,30Y,21,COVID,0.9779120487454388,False,False,150
OLS,30Y,21,Hiking,0.9999994432318554,False,False,150
OLS,5Y,21,GFC,0.0140380130229811,False,False,150
OLS,5Y,21,ZIRP_early,0.9523356486975773,False,False,150
OLS,5Y,21,ZIRP_late,0.1083072654122394,False,False,150
OLS,5Y,21,COVID,0.9999968113134464,False,False,150
OLS,5Y,21,Hiking,0.9999998831185992,False,False,150
OLS,10Y,252,GFC,1.0,False,False,150
OLS,10Y,252,ZIRP_early,2.6928273280447285e-63,True,True,150
OLS,10Y,252,ZIRP_late,5.345544426926515e-22,True,True,150
OLS,10Y,252,COVID,1.0,False,False,150
OLS,10Y,252,Hiking,1.0,False,False,150
OLS,15Y,252,GFC,0.9744941262909164,False,False,150
OLS,15Y,252,ZIRP_early,2.6438003140630923e-11,True,True,150
OLS,15Y,252,ZIRP_late,2.4519200332893096e-11,True,True,150
OLS,15Y,252,COVID,0.0576812264154804,False,False,150
OLS,15Y,252,Hiking,1.0,False,False,150
OLS,1Y,252,GFC,1.1625080475196006e-67,True,True,150
OLS,1Y,252,ZIRP_early,0.7223045605214562,False,False,150
OLS,1Y,252,ZIRP_late,4.064155281720158e-46,True,True,150
OLS,1Y,252,COVID,1.295269452303066e-52,True,True,150
OLS,1Y,252,Hiking,0.0843172692156064,False,False,150
OLS,30Y,252,GFC,0.5300607289763621,False,False,150
OLS,30Y,252,ZIRP_early,6.21505886692069e-05,True,True,150
OLS,30Y,252,ZIRP_late,3.1558720172715083e-24,True,True,150
OLS,30Y,252,COVID,0.5522253778008133,False,False,150
OLS,30Y,252,Hiking,1.0,False,False,150
OLS,5Y,252,GFC,1.0,False,False,150
OLS,5Y,252,ZIRP_early,6.254043392137521e-17,True,True,150
OLS,5Y,252,ZIRP_late,1.843618560933494e-17,True,True,150
OLS,5Y,252,COVID,0.9955088587475374,False,False,150
OLS,5Y,252,Hiking,1.0,False,False,150
OLS,10Y,5,GFC,0.987597022195713,False,False,150
OLS,10Y,5,ZIRP_early,0.976776107568992,False,False,150
OLS,10Y,5,ZIRP_late,0.8940208944856324,False,False,150
OLS,10Y,5,COVID,0.4788114259716266,False,False,150
OLS,10Y,5,Hiking,0.9996214755452758,False,False,150
OLS,15Y,5,GFC,0.9997707288861688,False,False,150
OLS,15Y,5,ZIRP_early,0.9996242514895076,False,False,150
OLS,15Y,5,ZIRP_late,0.9364684086301022,False,False,150
OLS,15Y,5,COVID,0.8447543495906253,False,False,150
OLS,15Y,5,Hiking,0.9993804596497722,False,False,150
OLS,1Y,5,GFC,0.0294963768928477,False,False,150
OLS,1Y,5,ZIRP_early,0.8853174301799316,False,False,150
OLS,1Y,5,ZIRP_late,0.0184967699732073,False,False,150
OLS,1Y,5,COVID,0.1361594584783729,False,False,150
OLS,1Y,5,Hiking,0.0651180608315041,False,False,150
OLS,30Y,5,GFC,0.9994149026480922,False,False,150
OLS,30Y,5,ZIRP_early,0.9970921523155474,False,False,150
OLS,30Y,5,ZIRP_late,0.8760968193860678,False,False,150
OLS,30Y,5,COVID,0.9427450974786644,False,False,150
OLS,30Y,5,Hiking,0.8254443037523895,False,False,150
OLS,5Y,5,GFC,0.6811130788097034,False,False,150
OLS,5Y,5,ZIRP_early,0.9971324419370412,False,False,150
OLS,5Y,5,ZIRP_late,0.8132668493443413,False,False,150
OLS,5Y,5,COVID,0.978721109593459,False,False,150
OLS,5Y,5,Hiking,0.9999967307417597,False,False,150
OLS,10Y,63,GFC,6.86934446389358e-12,True,True,150
OLS,10Y,63,ZIRP_early,0.9999993103590844,False,False,150
OLS,10Y,63,ZIRP_late,0.9710067691708288,False,False,150
OLS,10Y,63,COVID,0.9999999735522804,False,False,150
OLS,10Y,63,Hiking,1.0,False,False,150
OLS,15Y,63,GFC,0.0004303193384205,False,True,150
OLS,15Y,63,ZIRP_early,1.4513788928223634e-12,True,True,150
OLS,15Y,63,ZIRP_late,0.9999899264971857,False,False,150
OLS,15Y,63,COVID,0.9999811274858867,False,False,150
OLS,15Y,63,Hiking,1.0,False,False,150
OLS,1Y,63,GFC,8.330223441421322e-11,True,True,150
OLS,1Y,63,ZIRP_early,0.8322557019568667,False,False,150
OLS,1Y,63,ZIRP_late,3.38767937985648e-10,True,True,150
OLS,1Y,63,COVID,1.1665318775151297e-13,True,True,150
OLS,1Y,63,Hiking,0.999999999964978,False,False,150
OLS,30Y,63,GFC,2.933160576000879e-06,True,True,150
OLS,30Y,63,ZIRP_early,2.240950454188861e-07,True,True,150
OLS,30Y,63,ZIRP_late,0.9999999001806996,False,False,150
OLS,30Y,63,COVID,0.9779120487454388,False,False,150
OLS,30Y,63,Hiking,1.0,False,False,150
OLS,5Y,63,GFC,4.1959205093686395e-21,True,True,150
OLS,5Y,63,ZIRP_early,0.9974610106335204,False,False,150
OLS,5Y,63,ZIRP_late,0.3529883027262789,False,False,150
OLS,5Y,63,COVID,0.9995861295701486,False,False,150
OLS,5Y,63,Hiking,1.0,False,False,150
ElasticNet,10Y,126,GFC,3.4261223735863856e-36,True,True,150
ElasticNet,10Y,126,ZIRP_early,6.914397775510974e-06,True,True,150
ElasticNet,10Y,126,ZIRP_late,1.386616607179794e-05,True,True,150
ElasticNet,10Y,126,COVID,0.9999999987775766,False,False,150
ElasticNet,10Y,126,Hiking,1.0,False,False,150
ElasticNet,15Y,126,GFC,0.9999999997197706,False,False,150
ElasticNet,15Y,126,ZIRP_early,0.9327384759303492,False,False,150
ElasticNet,15Y,126,ZIRP_late,9.98193004022197e-08,True,True,150
ElasticNet,15Y,126,COVID,0.9999811274858867,False,False,150
ElasticNet,15Y,126,Hiking,1.0,False,False,150
ElasticNet,1Y,126,GFC,1.0,False,False,150
ElasticNet,1Y,126,ZIRP_early,1.2889764874096964e-11,True,True,150
ElasticNet,1Y,126,ZIRP_late,1.0,False,False,150
ElasticNet,1Y,126,COVID,0.3661720038066224,False,False,150
ElasticNet,1Y,126,Hiking,0.9999999981821552,False,False,150
ElasticNet,30Y,126,GFC,4.9979132545168024e-14,True,True,150
ElasticNet,30Y,126,ZIRP_early,0.9997888631780402,False,False,150
ElasticNet,30Y,126,ZIRP_late,5.813739518218265e-09,True,True,150
ElasticNet,30Y,126,COVID,0.7297694928892393,False,False,150
ElasticNet,30Y,126,Hiking,1.0,False,False,150
ElasticNet,5Y,126,GFC,5.450681715109127e-44,True,True,150
ElasticNet,5Y,126,ZIRP_early,0.9999999999994986,False,False,150
ElasticNet,5Y,126,ZIRP_late,0.1685728845333956,False,False,150
ElasticNet,5Y,126,COVID,1.0,False,False,150
ElasticNet,5Y,126,Hiking,0.9999999999974856,False,False,150
ElasticNet,10Y,1,GFC,0.5523251070173036,False,False,150
ElasticNet,10Y,1,ZIRP_early,0.2522092428188903,False,False,150
ElasticNet,10Y,1,ZIRP_late,0.7515602293389997,False,False,150
ElasticNet,10Y,1,COVID,0.8536974076402732,False,False,150
ElasticNet,10Y,1,Hiking,0.9364837870618792,False,False,150
ElasticNet,15Y,1,GFC,0.8782508460399275,False,False,150
ElasticNet,15Y,1,ZIRP_early,0.9999647994501896,False,False,150
ElasticNet,15Y,1,ZIRP_late,0.8411512057692504,False,False,150
ElasticNet,15Y,1,COVID,0.6700797282467248,False,False,150
ElasticNet,15Y,1,Hiking,0.9973406459995208,False,False,150
ElasticNet,1Y,1,GFC,0.943008351775506,False,False,150
ElasticNet,1Y,1,ZIRP_early,0.4447598352086719,False,False,150
ElasticNet,1Y,1,ZIRP_late,0.9999063138481084,False,False,150
ElasticNet,1Y,1,COVID,0.9999686372031203,False,False,150
ElasticNet,1Y,1,Hiking,0.9607286490537246,False,False,150
ElasticNet,30Y,1,GFC,0.9622144195293888,False,False,150
ElasticNet,30Y,1,ZIRP_early,0.3759259505573057,False,False,150
ElasticNet,30Y,1,ZIRP_late,0.799348255487893,False,False,150
ElasticNet,30Y,1,COVID,0.7046945608370062,False,False,150
ElasticNet,30Y,1,Hiking,0.99475047594657,False,False,150
ElasticNet,5Y,1,GFC,0.987427218689098,False,False,150
ElasticNet,5Y,1,ZIRP_early,0.8903371626383344,False,False,150
ElasticNet,5Y,1,ZIRP_late,0.9995770020345937,False,False,150
ElasticNet,5Y,1,COVID,0.913440331142218,False,False,150
ElasticNet,5Y,1,Hiking,0.5000000000000008,False,False,150
ElasticNet,10Y,21,GFC,4.952280103969267e-08,True,True,150
ElasticNet,10Y,21,ZIRP_early,5.251953885244645e-05,True,True,150
ElasticNet,10Y,21,ZIRP_late,0.1189748955225075,False,False,150
ElasticNet,10Y,21,COVID,0.3183085795937596,False,False,150
ElasticNet,10Y,21,Hiking,0.9999999998682336,False,False,150
ElasticNet,15Y,21,GFC,0.0004214260609053,False,True,150
ElasticNet,15Y,21,ZIRP_early,0.9886242202379688,False,False,150
ElasticNet,15Y,21,ZIRP_late,0.2263493713982911,False,False,150
ElasticNet,15Y,21,COVID,0.853017524827341,False,False,150
ElasticNet,15Y,21,Hiking,0.9999999716038244,False,False,150
ElasticNet,1Y,21,GFC,0.0002624312242468,True,True,150
ElasticNet,1Y,21,ZIRP_early,0.0019195886891541,False,True,150
ElasticNet,1Y,21,ZIRP_late,0.9999966405230032,False,False,150
ElasticNet,1Y,21,COVID,0.9999999746867,False,False,150
ElasticNet,1Y,21,Hiking,0.995899761039386,False,False,150
ElasticNet,30Y,21,GFC,2.1836805570925405e-05,True,True,150
ElasticNet,30Y,21,ZIRP_early,0.2640697185828667,False,False,150
ElasticNet,30Y,21,ZIRP_late,0.4857384132370147,False,False,150
ElasticNet,30Y,21,COVID,0.7297694928892393,False,False,150
ElasticNet,30Y,21,Hiking,0.9999999895474018,False,False,150
ElasticNet,5Y,21,GFC,2.099081116576884e-09,True,True,150
ElasticNet,5Y,21,ZIRP_early,0.000376212727529,False,True,150
ElasticNet,5Y,21,ZIRP_late,0.9802935850632164,False,False,150
ElasticNet,5Y,21,COVID,0.9999999495915192,False,False,150
ElasticNet,5Y,21,Hiking,0.999690245035932,False,False,150
ElasticNet,10Y,252,GFC,1.0,False,False,150
ElasticNet,10Y,252,ZIRP_early,2.7147764133931943e-32,True,True,150
ElasticNet,10Y,252,ZIRP_late,0.000257516571901,True,True,150
ElasticNet,10Y,252,COVID,1.0,False,False,150
ElasticNet,10Y,252,Hiking,1.0,False,False,150
ElasticNet,15Y,252,GFC,0.9882123594457082,False,False,150
ElasticNet,15Y,252,ZIRP_early,2.4131586990287868e-33,True,True,150
ElasticNet,15Y,252,ZIRP_late,0.5709452287145894,False,False,150
ElasticNet,15Y,252,COVID,0.9999999845203018,False,False,150
ElasticNet,15Y,252,Hiking,1.0,False,False,150
ElasticNet,1Y,252,GFC,1.0,False,False,150
ElasticNet,1Y,252,ZIRP_early,1.757402661462916e-53,True,True,150
ElasticNet,1Y,252,ZIRP_late,1.0,False,False,150
ElasticNet,1Y,252,COVID,1.0,False,False,150
ElasticNet,1Y,252,Hiking,0.1064811690993855,False,False,150
ElasticNet,30Y,252,GFC,0.5599511422078159,False,False,150
ElasticNet,30Y,252,ZIRP_early,1.154532171947019e-28,True,True,150
ElasticNet,30Y,252,ZIRP_late,0.5142615867629853,False,False,150
ElasticNet,30Y,252,COVID,1.0,False,False,150
ElasticNet,30Y,252,Hiking,1.0,False,False,150
ElasticNet,5Y,252,GFC,1.0,False,False,150
ElasticNet,5Y,252,ZIRP_early,1.4473242652147804e-32,True,True,150
ElasticNet,5Y,252,ZIRP_late,1.3213122584395052e-21,True,True,150
ElasticNet,5Y,252,COVID,0.596660716004416,False,False,150
ElasticNet,5Y,252,Hiking,1.0,False,False,150
ElasticNet,10Y,5,GFC,0.99601859339739,False,False,150
ElasticNet,10Y,5,ZIRP_early,0.1968200933442872,False,False,150
ElasticNet,10Y,5,ZIRP_late,0.5551369333231975,False,False,150
ElasticNet,10Y,5,COVID,0.7551721483364444,False,False,150
ElasticNet,10Y,5,Hiking,0.999997722800051,False,False,150
ElasticNet,15Y,5,GFC,0.0107473377803,False,True,150
ElasticNet,15Y,5,ZIRP_early,0.0745781710996326,False,False,150
ElasticNet,15Y,5,ZIRP_late,0.2739677790313593,False,False,150
ElasticNet,15Y,5,COVID,0.4108661036104376,False,False,150
ElasticNet,15Y,5,Hiking,0.999801428148628,False,False,150
ElasticNet,1Y,5,GFC,0.8471821647089208,False,False,150
ElasticNet,1Y,5,ZIRP_early,0.7125489275089889,False,False,150
ElasticNet,1Y,5,ZIRP_late,0.9997504612163084,False,False,150
ElasticNet,1Y,5,COVID,0.9972364827498243,False,False,150
ElasticNet,1Y,5,Hiking,0.7017648079099619,False,False,150
ElasticNet,30Y,5,GFC,0.9998018880441826,False,False,150
ElasticNet,30Y,5,ZIRP_early,0.1460356246235326,False,False,150
ElasticNet,30Y,5,ZIRP_late,0.7839992673269822,False,False,150
ElasticNet,30Y,5,COVID,0.4108661036104376,False,False,150
ElasticNet,30Y,5,Hiking,0.9988415177872316,False,False,150
ElasticNet,5Y,5,GFC,0.0031247824249323,False,True,150
ElasticNet,5Y,5,ZIRP_early,0.2084713678683393,False,False,150
ElasticNet,5Y,5,ZIRP_late,0.7667406967323049,False,False,150
ElasticNet,5Y,5,COVID,0.967948914092967,False,False,150
ElasticNet,5Y,5,Hiking,0.9999989138066536,False,False,150
ElasticNet,10Y,63,GFC,0.0025349008960991,False,True,150
ElasticNet,10Y,63,ZIRP_early,5.807025858060459e-06,True,True,150
ElasticNet,10Y,63,ZIRP_late,0.000196597873592,True,True,150
ElasticNet,10Y,63,COVID,0.999991876316326,False,False,150
ElasticNet,10Y,63,Hiking,1.0,False,False,150
ElasticNet,15Y,63,GFC,8.525240929475528e-07,True,True,150
ElasticNet,15Y,63,ZIRP_early,5.307477667898992e-06,True,True,150
ElasticNet,15Y,63,ZIRP_late,3.7476262950591535e-06,True,True,150
ElasticNet,15Y,63,COVID,0.9998835854333452,False,False,150
ElasticNet,15Y,63,Hiking,1.0,False,False,150
ElasticNet,1Y,63,GFC,4.758344044828501e-08,True,True,150
ElasticNet,1Y,63,ZIRP_early,7.637288426171305e-06,True,True,150
ElasticNet,1Y,63,ZIRP_late,0.9999999999485272,False,False,150
ElasticNet,1Y,63,COVID,0.0001602459487264,True,True,150
ElasticNet,1Y,63,Hiking,0.9999999999988424,False,False,150
ElasticNet,30Y,63,GFC,3.0340538651004484e-12,True,True,150
ElasticNet,30Y,63,ZIRP_early,7.780751357368021e-05,True,True,150
ElasticNet,30Y,63,ZIRP_late,0.000257516571901,True,True,150
ElasticNet,30Y,63,COVID,0.9974574037722616,False,False,150
ElasticNet,30Y,63,Hiking,1.0,False,False,150
ElasticNet,5Y,63,GFC,1.3827734311251657e-19,True,True,150
ElasticNet,5Y,63,ZIRP_early,3.715235532548898e-07,True,True,150
ElasticNet,5Y,63,ZIRP_late,0.0400903041008553,False,False,150
ElasticNet,5Y,63,COVID,0.999999999987792,False,False,150
ElasticNet,5Y,63,Hiking,1.0,False,False,150
momentum,1Y,1,GFC,0.4345529111841986,False,False,150
momentum,1Y,1,ZIRP_early,0.7987639412631353,False,False,150
momentum,1Y,1,ZIRP_late,0.9241153996500936,False,False,150
momentum,1Y,1,COVID,0.0058276136206088,False,True,150
momentum,1Y,1,Hiking,0.0508827891597069,False,False,150
momentum,5Y,1,GFC,0.5144285030137978,False,False,150
momentum,5Y,1,ZIRP_early,0.5496619505826987,False,False,150
momentum,5Y,1,ZIRP_late,0.9999651834445414,False,False,150
momentum,5Y,1,COVID,0.9985005569209414,False,False,150
momentum,5Y,1,Hiking,0.2197350462566707,False,False,150
momentum,10Y,1,GFC,0.991718561613736,False,False,150
momentum,10Y,1,ZIRP_early,0.2765438255627033,False,False,150
momentum,10Y,1,ZIRP_late,0.9287216911182938,False,False,150
momentum,10Y,1,COVID,0.8769370091508295,False,False,150
momentum,10Y,1,Hiking,0.7802649537433293,False,False,150
momentum,15Y,1,GFC,0.998019328931608,False,False,150
momentum,15Y,1,ZIRP_early,0.8613411433028975,False,False,150
momentum,15Y,1,ZIRP_late,0.8143334041930275,False,False,150
momentum,15Y,1,COVID,0.831970428747763,False,False,150
momentum,15Y,1,Hiking,0.9962363591411724,False,False,150
momentum,30Y,1,GFC,0.96856058987702,False,False,150
momentum,30Y,1,ZIRP_early,0.8256292546565215,False,False,150
momentum,30Y,1,ZIRP_late,0.9071193859173108,False,False,150
momentum,30Y,1,COVID,0.9517526906273398,False,False,150
momentum,30Y,1,Hiking,0.998931150031439,False,False,150
momentum,1Y,5,GFC,0.0289738552005178,False,False,150
momentum,1Y,5,ZIRP_early,0.1530852989295755,False,False,150
momentum,1Y,5,ZIRP_late,0.9996263970436962,False,False,150
momentum,1Y,5,COVID,4.042469692197551e-10,True,True,150
momentum,1Y,5,Hiking,0.135088629029231,False,False,150
momentum,5Y,5,GFC,0.6809237374320676,False,False,150
momentum,5Y,5,ZIRP_early,0.1443545569124391,False,False,150
momentum,5Y,5,ZIRP_late,0.7532495691173463,False,False,150
momentum,5Y,5,COVID,0.1890547854710616,False,False,150
momentum,5Y,5,Hiking,0.1417765685241285,False,False,150
momentum,10Y,5,GFC,0.6620687000548,False,False,150
momentum,10Y,5,ZIRP_early,0.3197982059601919,False,False,150
momentum,10Y,5,ZIRP_late,0.6262011261667381,False,False,150
momentum,10Y,5,COVID,0.9609375046816216,False,False,150
momentum,10Y,5,Hiking,0.8297561902114149,False,False,150
momentum,15Y,5,GFC,0.3247383884625691,False,False,150
momentum,15Y,5,ZIRP_early,0.0291294759871247,False,False,150
momentum,15Y,5,ZIRP_late,0.2054104715728738,False,False,150
momentum,15Y,5,COVID,0.9517526906273398,False,False,150
momentum,15Y,5,Hiking,0.9969059245350748,False,False,150
momentum,30Y,5,GFC,0.5,False,False,150
momentum,30Y,5,ZIRP_early,0.353908030857713,False,False,150
momentum,30Y,5,ZIRP_late,0.5427119970911847,False,False,150
momentum,30Y,5,COVID,0.569413310104507,False,False,150
momentum,30Y,5,Hiking,0.9999796632506828,False,False,150
momentum,1Y,21,GFC,0.0001015484230874,True,True,150
momentum,1Y,21,ZIRP_early,1.36454361449535e-06,True,True,150
momentum,1Y,21,ZIRP_late,0.0002194684017408,True,True,150
momentum,1Y,21,COVID,8.56199127937345e-19,True,True,150
momentum,1Y,21,Hiking,0.2842519488343829,False,False,150
momentum,5Y,21,GFC,0.1470442991248015,False,False,150
momentum,5Y,21,ZIRP_early,3.39016923800297e-06,True,True,150
momentum,5Y,21,ZIRP_late,0.9917545910144508,False,False,150
momentum,5Y,21,COVID,0.0008779411291623,False,True,150
momentum,5Y,21,Hiking,0.0358993272796855,False,False,150
momentum,10Y,21,GFC,2.9519693513339085e-07,True,True,150
momentum,10Y,21,ZIRP_early,3.43851417351654e-10,True,True,150
momentum,10Y,21,ZIRP_late,0.295855547434327,False,False,150
momentum,10Y,21,COVID,0.5512584657843719,False,False,150
momentum,10Y,21,Hiking,0.9999999921372634,False,False,150
momentum,15Y,21,GFC,0.7277416996736761,False,False,150
momentum,15Y,21,ZIRP_early,4.4730090048395466e-12,True,True,150
momentum,15Y,21,ZIRP_late,0.2054104715728738,False,False,150
momentum,15Y,21,COVID,0.5000000000000004,False,False,150
momentum,15Y,21,Hiking,1.0,False,False,150
momentum,30Y,21,GFC,0.0591138389684474,False,False,150
momentum,30Y,21,ZIRP_early,6.813277479955061e-05,True,True,150
momentum,30Y,21,ZIRP_late,0.5988201705965797,False,False,150
momentum,30Y,21,COVID,0.7297694928892389,False,False,150
momentum,30Y,21,Hiking,0.9999999999999192,False,False,150
momentum,1Y,63,GFC,8.699576830943633e-06,True,True,150
momentum,1Y,63,ZIRP_early,7.932690185342666e-06,True,True,150
momentum,1Y,63,ZIRP_late,1.0,False,False,150
momentum,1Y,63,COVID,1.1499662128794613e-12,True,True,150
momentum,1Y,63,Hiking,2.910085144357604e-07,True,True,150
momentum,5Y,63,GFC,3.896514136786992e-09,True,True,150
momentum,5Y,63,ZIRP_early,6.340851866950616e-10,True,True,150
momentum,5Y,63,ZIRP_late,0.0751882901702119,False,False,150
momentum,5Y,63,COVID,0.9999999911069836,False,False,150
momentum,5Y,63,Hiking,0.7090129297716381,False,False,150
momentum,10Y,63,GFC,0.9309324179499786,False,False,150
momentum,10Y,63,ZIRP_early,2.4251497318935244e-26,True,True,150
momentum,10Y,63,ZIRP_late,9.342777984682026e-07,True,True,150
momentum,10Y,63,COVID,0.99999914095158,False,False,150
momentum,10Y,63,Hiking,0.9999881228972812,False,False,150
momentum,15Y,63,GFC,0.9999258383029728,False,False,150
momentum,15Y,63,ZIRP_early,4.8243429282889305e-19,True,True,150
momentum,15Y,63,ZIRP_late,4.14999609338693e-10,True,True,150
momentum,15Y,63,COVID,0.9999997194514968,False,False,150
momentum,15Y,63,Hiking,1.0,False,False,150
momentum,30Y,63,GFC,0.9999021790846124,False,False,150
momentum,30Y,63,ZIRP_early,1.0238415607653945e-21,True,True,150
momentum,30Y,63,ZIRP_late,2.147117787241832e-07,True,True,150
momentum,30Y,63,COVID,0.9999811274858867,False,False,150
momentum,30Y,63,Hiking,1.0,False,False,150
momentum,1Y,126,GFC,3.5805154574402767e-51,True,True,150
momentum,1Y,126,ZIRP_early,2.112369462278287e-28,True,True,150
momentum,1Y,126,ZIRP_late,1.0,False,False,150
momentum,1Y,126,COVID,0.9521878492574009,False,False,150
momentum,1Y,126,Hiking,0.0004091943670197,False,True,150
momentum,5Y,126,GFC,1.40497609233542e-18,True,True,150
momentum,5Y,126,ZIRP_early,2.6356976528072485e-23,True,True,150
momentum,5Y,126,ZIRP_late,0.942399225084032,False,False,150
momentum,5Y,126,COVID,1.0,False,False,150
momentum,5Y,126,Hiking,0.9999999963809504,False,False,150
momentum,10Y,126,GFC,0.5151600320816843,False,False,150
momentum,10Y,126,ZIRP_early,8.677506036213044e-18,True,True,150
momentum,10Y,126,ZIRP_late,6.35756029548912e-05,True,True,150
momentum,10Y,126,COVID,1.0,False,False,150
momentum,10Y,126,Hiking,1.0,False,False,150
momentum,15Y,126,GFC,0.5602066106151297,False,False,150
momentum,15Y,126,ZIRP_early,8.276606483830735e-21,True,True,150
momentum,15Y,126,ZIRP_late,0.0003356630070496,False,True,150
momentum,15Y,126,COVID,0.9999999999999998,False,False,150
momentum,15Y,126,Hiking,1.0,False,False,150
momentum,30Y,126,GFC,0.6450040540126356,False,False,150
momentum,30Y,126,ZIRP_early,2.386552322870829e-23,True,True,150
momentum,30Y,126,ZIRP_late,2.0282195775176226e-08,True,True,150
momentum,30Y,126,COVID,0.9999999996323672,False,False,150
momentum,30Y,126,Hiking,1.0,False,False,150
momentum,1Y,252,GFC,4.794214616603929e-95,True,True,150
momentum,1Y,252,ZIRP_early,4.6669797420831865e-56,True,True,150
momentum,1Y,252,ZIRP_late,1.0,False,False,150
momentum,1Y,252,COVID,1.0,False,False,150
momentum,1Y,252,Hiking,0.2718960929242364,False,False,150
momentum,5Y,252,GFC,2.3096564357179017e-29,True,True,150
momentum,5Y,252,ZIRP_early,3.580828737816363e-30,True,True,150
momentum,5Y,252,ZIRP_late,0.0751882901702119,False,False,150
momentum,5Y,252,COVID,1.0,False,False,150
momentum,5Y,252,Hiking,1.0,False,False,150
momentum,10Y,252,GFC,8.727961027885442e-66,True,True,150
momentum,10Y,252,ZIRP_early,3.498719108436851e-37,True,True,150
momentum,10Y,252,ZIRP_late,1.3371492357768536e-19,True,True,150
momentum,10Y,252,COVID,1.0,False,False,150
momentum,10Y,252,Hiking,1.0,False,False,150
momentum,15Y,252,GFC,2.77424438980114e-27,True,True,150
momentum,15Y,252,ZIRP_early,1.2757137571104264e-32,True,True,150
momentum,15Y,252,ZIRP_late,2.5995266005715493e-19,True,True,150
momentum,15Y,252,COVID,1.0,False,False,150
momentum,15Y,252,Hiking,1.0,False,False,150
momentum,30Y,252,GFC,3.808592078757102e-28,True,True,150
momentum,30Y,252,ZIRP_early,1.1504939233882073e-42,True,True,150
momentum,30Y,252,ZIRP_late,1.0874615487082065e-21,True,True,150
momentum,30Y,252,COVID,1.0,False,False,150
momentum,30Y,252,Hiking,1.0,False,False,150
mean_reversion,1Y,1,GFC,0.989524204633308,False,False,150
mean_reversion,1Y,1,ZIRP_early,1.0,False,False,150
mean_reversion,1Y,1,ZIRP_late,0.9999984803787404,False,False,150
mean_reversion,1Y,1,COVID,0.9941723863793912,False,False,150
mean_reversion,1Y,1,Hiking,0.9951898121643292,False,False,150
mean_reversion,5Y,1,GFC,0.9997102753186308,False,False,150
mean_reversion,5Y,1,ZIRP_early,1.0,False,False,150
mean_reversion,5Y,1,ZIRP_late,0.9999984647610982,False,False,150
mean_reversion,5Y,1,COVID,0.9899664885862348,False,False,150
mean_reversion,5Y,1,Hiking,0.995575251383538,False,False,150
mean_reversion,10Y,1,GFC,0.995665644572399,False,False,150
mean_reversion,10Y,1,ZIRP_early,0.9994821680409705,False,False,150
mean_reversion,10Y,1,ZIRP_late,0.8661952877642517,False,False,150
mean_reversion,10Y,1,COVID,0.7927721365480653,False,False,150
mean_reversion,10Y,1,Hiking,0.9996536163910658,False,False,150
mean_reversion,15Y,1,GFC,0.9960152275287916,False,False,150
mean_reversion,15Y,1,ZIRP_early,0.999994143311742,False,False,150
mean_reversion,15Y,1,ZIRP_late,0.8143334041930275,False,False,150
mean_reversion,15Y,1,COVID,0.4651608767986923,False,False,150
mean_reversion,15Y,1,Hiking,0.999572276843956,False,False,150
mean_reversion,30Y,1,GFC,0.9991174894044252,False,False,150
mean_reversion,30Y,1,ZIRP_early,0.99999947414285,False,False,150
mean_reversion,30Y,1,ZIRP_late,0.8661952877642517,False,False,150
mean_reversion,30Y,1,COVID,0.569413310104507,False,False,150
mean_reversion,30Y,1,Hiking,0.998931150031439,False,False,150
mean_reversion,1Y,5,GFC,0.9651284673775528,False,False,150
mean_reversion,1Y,5,ZIRP_early,1.0,False,False,150
mean_reversion,1Y,5,ZIRP_late,0.9996263970436962,False,False,150
mean_reversion,1Y,5,COVID,0.5170341967686753,False,False,150
mean_reversion,1Y,5,Hiking,0.999997517668801,False,False,150
mean_reversion,5Y,5,GFC,0.9999608896058192,False,False,150
mean_reversion,5Y,5,ZIRP_early,0.1443545569124391,False,False,150
mean_reversion,5Y,5,ZIRP_late,0.847833512024945,False,False,150
mean_reversion,5Y,5,COVID,0.9610767520845372,False,False,150
mean_reversion,5Y,5,Hiking,0.9999933409067364,False,False,150
mean_reversion,10Y,5,GFC,0.9998507687993632,False,False,150
mean_reversion,10Y,5,ZIRP_early,0.936982147046048,False,False,150
mean_reversion,10Y,5,ZIRP_late,0.2484423838125089,False,False,150
mean_reversion,10Y,5,COVID,0.6181530361381725,False,False,150
mean_reversion,10Y,5,Hiking,0.99999837235933,False,False,150
mean_reversion,15Y,5,GFC,0.9999258383029728,False,False,150
mean_reversion,15Y,5,ZIRP_early,0.9998234157414316,False,False,150
mean_reversion,15Y,5,ZIRP_late,0.1856665958069726,False,False,150
mean_reversion,15Y,5,COVID,0.0114434622443983,False,False,150
mean_reversion,15Y,5,Hiking,0.9999758916546084,False,False,150
mean_reversion,30Y,5,GFC,0.9996934635017766,False,False,150
mean_reversion,30Y,5,ZIRP_early,0.9999472413230208,False,False,150
mean_reversion,30Y,5,ZIRP_late,0.0011739910642066,False,True,150
mean_reversion,30Y,5,COVID,0.3632569697169365,False,False,150
mean_reversion,30Y,5,Hiking,0.9999796632506828,False,False,150
mean_reversion,1Y,21,GFC,0.0041538142986778,False,True,150
mean_reversion,1Y,21,ZIRP_early,1.36454361449535e-06,True,True,150
mean_reversion,1Y,21,ZIRP_late,0.9999999648801776,False,False,150
mean_reversion,1Y,21,COVID,0.0006674124686717,False,True,150
mean_reversion,1Y,21,Hiking,0.9999999999679386,False,False,150
mean_reversion,5Y,21,GFC,0.9999999999999996,False,False,150
mean_reversion,5Y,21,ZIRP_early,3.39016923800297e-06,True,True,150
mean_reversion,5Y,21,ZIRP_late,0.9625293823472884,False,False,150
mean_reversion,5Y,21,COVID,0.8512198695160211,False,False,150
mean_reversion,5Y,21,Hiking,0.9999999995801888,False,False,150
mean_reversion,10Y,21,GFC,0.99999999585941,False,False,150
mean_reversion,10Y,21,ZIRP_early,0.9570420000587014,False,False,150
mean_reversion,10Y,21,ZIRP_late,0.4011798294034204,False,False,150
mean_reversion,10Y,21,COVID,0.0043637538252976,False,True,150
mean_reversion,10Y,21,Hiking,0.9999999999999998,False,False,150
mean_reversion,15Y,21,GFC,0.999864530633748,False,False,150
mean_reversion,15Y,21,ZIRP_early,0.9999999998697892,False,False,150
mean_reversion,15Y,21,ZIRP_late,0.2484423838125089,False,False,150
mean_reversion,15Y,21,COVID,0.0220879512545613,False,False,150
mean_reversion,15Y,21,Hiking,1.0,False,False,150
mean_reversion,30Y,21,GFC,0.9999607347909396,False,False,150
mean_reversion,30Y,21,ZIRP_early,0.9999999958521576,False,False,150
mean_reversion,30Y,21,ZIRP_late,7.100619604079434e-13,True,True,150
mean_reversion,30Y,21,COVID,0.0330881825851434,False,False,150
mean_reversion,30Y,21,Hiking,0.9999999999999192,False,False,150
mean_reversion,1Y,63,GFC,2.016784747861628e-14,True,True,150
mean_reversion,1Y,63,ZIRP_early,1.0,False,False,150
mean_reversion,1Y,63,ZIRP_late,1.0,False,False,150
mean_reversion,1Y,63,COVID,0.8923122524525696,False,False,150
mean_reversion,1Y,63,Hiking,0.9999999999998354,False,False,150
mean_reversion,5Y,63,GFC,1.0,False,False,150
mean_reversion,5Y,63,ZIRP_early,1.0,False,False,150
mean_reversion,5Y,63,ZIRP_late,0.0751882901702119,False,False,150
mean_reversion,5Y,63,COVID,0.9999999999999996,False,False,150
mean_reversion,5Y,63,Hiking,1.0,False,False,150
mean_reversion,10Y,63,GFC,1.0,False,False,150
mean_reversion,10Y,63,ZIRP_early,0.657564872730069,False,False,150
mean_reversion,10Y,63,ZIRP_late,1.0,False,False,150
mean_reversion,10Y,63,COVID,0.99999914095158,False,False,150
mean_reversion,10Y,63,Hiking,1.0,False,False,150
mean_reversion,15Y,63,GFC,0.9999999999897152,False,False,150
mean_reversion,15Y,63,ZIRP_early,1.0,False,False,150
mean_reversion,15Y,63,ZIRP_late,4.14999609338693e-10,True,True,150
mean_reversion,15Y,63,COVID,0.9999997194514968,False,False,150
mean_reversion,15Y,63,Hiking,1.0,False,False,150
mean_reversion,30Y,63,GFC,0.9999999999989774,False,False,150
mean_reversion,30Y,63,ZIRP_early,1.0,False,False,150
mean_reversion,30Y,63,ZIRP_late,2.147117787241832e-07,True,True,150
mean_reversion,30Y,63,COVID,1.0881597495363328e-11,True,True,150
mean_reversion,30Y,63,Hiking,1.0,False,False,150
mean_reversion,1Y,126,GFC,1.0,False,False,150
mean_reversion,1Y,126,ZIRP_early,2.112369462278287e-28,True,True,150
mean_reversion,1Y,126,ZIRP_late,1.0,False,False,150
mean_reversion,1Y,126,COVID,1.0,False,False,150
mean_reversion,1Y,126,Hiking,0.9999963778630978,False,False,150
mean_reversion,5Y,126,GFC,1.0,False,False,150
mean_reversion,5Y,126,ZIRP_early,2.6356976528072485e-23,True,True,150
mean_reversion,5Y,126,ZIRP_late,1.0,False,False,150
mean_reversion,5Y,126,COVID,1.0,False,False,150
mean_reversion,5Y,126,Hiking,0.9999999999949214,False,False,150
mean_reversion,10Y,126,GFC,1.0,False,False,150
mean_reversion,10Y,126,ZIRP_early,1.0,False,False,150
mean_reversion,10Y,126,ZIRP_late,1.0,False,False,150
mean_reversion,10Y,126,COVID,1.0,False,False,150
mean_reversion,10Y,126,Hiking,1.0,False,False,150
mean_reversion,15Y,126,GFC,1.0,False,False,150
mean_reversion,15Y,126,ZIRP_early,1.0,False,False,150
mean_reversion,15Y,126,ZIRP_late,1.0,False,False,150
mean_reversion,15Y,126,COVID,0.7000910993570342,False,False,150
mean_reversion,15Y,126,Hiking,1.0,False,False,150
mean_reversion,30Y,126,GFC,1.0,False,False,150
mean_reversion,30Y,126,ZIRP_early,1.0,False,False,150
mean_reversion,30Y,126,ZIRP_late,1.0,False,False,150
mean_reversion,30Y,126,COVID,3.910760339604184e-15,True,True,150
mean_reversion,30Y,126,Hiking,1.0,False,False,150
mean_reversion,1Y,252,GFC,1.0,False,False,150
mean_reversion,1Y,252,ZIRP_early,4.6669797420831865e-56,True,True,150
mean_reversion,1Y,252,ZIRP_late,1.0,False,False,150
mean_reversion,1Y,252,COVID,1.0,False,False,150
mean_reversion,1Y,252,Hiking,0.2718960929242364,False,False,150
mean_reversion,5Y,252,GFC,1.0,False,False,150
mean_reversion,5Y,252,ZIRP_early,3.580828737816363e-30,True,True,150
mean_reversion,5Y,252,ZIRP_late,1.0,False,False,150
mean_reversion,5Y,252,COVID,1.0,False,False,150
mean_reversion,5Y,252,Hiking,1.0,False,False,150
mean_reversion,10Y,252,GFC,1.0,False,False,150
mean_reversion,10Y,252,ZIRP_early,1.0,False,False,150
mean_reversion,10Y,252,ZIRP_late,1.0,False,False,150
mean_reversion,10Y,252,COVID,0.9999999652843182,False,False,150
mean_reversion,10Y,252,Hiking,1.0,False,False,150
mean_reversion,15Y,252,GFC,1.0,False,False,150
mean_reversion,15Y,252,ZIRP_early,1.0,False,False,150
mean_reversion,15Y,252,ZIRP_late,1.0,False,False,150
mean_reversion,15Y,252,COVID,9.268292678024089e-16,True,True,150
mean_reversion,15Y,252,Hiking,1.0,False,False,150
mean_reversion,30Y,252,GFC,1.0,False,False,150
mean_reversion,30Y,252,ZIRP_early,1.0,False,False,150
mean_reversion,30Y,252,ZIRP_late,1.0874615487082065e-21,True,True,150
mean_reversion,30Y,252,COVID,1.0842340791982092e-89,True,True,150
mean_reversion,30Y,252,Hiking,1.0,False,False,150
