security,horizon,scheme,fold,use_categoricals,learning_rate,max_depth,subsample,colsample_bytree,reg_lambda,min_child_weight,val_mse,best_n_estimators,selected
__POOL__,5,walk_forward,GFC,True,0.01,3,0.8,0.8,1.0,1,0.11027870425102161,1,False
__POOL__,5,walk_forward,GFC,True,0.01,3,0.8,0.8,1.0,5,0.11027870425102161,1,False
__POOL__,5,walk_forward,GFC,True,0.01,3,0.8,0.8,5.0,1,0.11027892506520871,1,False
__POOL__,5,walk_forward,GFC,True,0.01,3,0.8,0.8,5.0,5,0.11027892506520871,1,False
__POOL__,5,walk_forward,GFC,True,0.01,3,0.8,0.8,10.0,1,0.11027889846236094,1,False
__POOL__,5,walk_forward,GFC,True,0.01,3,0.8,0.8,10.0,5,0.11027889846236094,1,False
__POOL__,5,walk_forward,GFC,True,0.01,3,0.8,1.0,1.0,1,0.11027870425102161,1,False
__POOL__,5,walk_forward,GFC,True,0.01,3,0.8,1.0,1.0,5,0.11027870425102161,1,False
__POOL__,5,walk_forward,GFC,True,0.01,3,0.8,1.0,5.0,1,0.11027892506520871,1,False
__POOL__,5,walk_forward,GFC,True,0.01,3,0.8,1.0,5.0,5,0.11027892506520871,1,False
__POOL__,5,walk_forward,GFC,True,0.01,3,0.8,1.0,10.0,1,0.11027889846236094,1,False
__POOL__,5,walk_forward,GFC,True,0.01,3,0.8,1.0,10.0,5,0.11027889846236094,1,False
__POOL__,5,walk_forward,GFC,True,0.01,3,1.0,0.8,1.0,1,0.11028039393900145,1,False
__POOL__,5,walk_forward,GFC,True,0.01,3,1.0,0.8,1.0,5,0.11028039393900145,1,False
__POOL__,5,walk_forward,GFC,True,0.01,3,1.0,0.8,5.0,1,0.1102803162554073,1,False
__POOL__,5,walk_forward,GFC,True,0.01,3,1.0,0.8,5.0,5,0.1102803162554073,1,False
__POOL__,5,walk_forward,GFC,True,0.01,3,1.0,0.8,10.0,1,0.11028022221614184,1,False
__POOL__,5,walk_forward,GFC,True,0.01,3,1.0,0.8,10.0,5,0.11028022221614184,1,False
__POOL__,5,walk_forward,GFC,True,0.01,3,1.0,1.0,1.0,1,0.11028039393900145,1,False
__POOL__,5,walk_forward,GFC,True,0.01,3,1.0,1.0,1.0,5,0.11028039393900145,1,False
__POOL__,5,walk_forward,GFC,True,0.01,3,1.0,1.0,5.0,1,0.1102803162554073,1,False
__POOL__,5,walk_forward,GFC,True,0.01,3,1.0,1.0,5.0,5,0.1102803162554073,1,False
__POOL__,5,walk_forward,GFC,True,0.01,3,1.0,1.0,10.0,1,0.11028022221614184,1,False
__POOL__,5,walk_forward,GFC,True,0.01,3,1.0,1.0,10.0,5,0.11028022221614184,1,False
__POOL__,5,walk_forward,GFC,True,0.01,5,0.8,0.8,1.0,1,0.11027097612544921,5,False
__POOL__,5,walk_forward,GFC,True,0.01,5,0.8,0.8,1.0,5,0.11026937114810052,4,False
__POOL__,5,walk_forward,GFC,True,0.01,5,0.8,0.8,5.0,1,0.1102570158986505,4,False
__POOL__,5,walk_forward,GFC,True,0.01,5,0.8,0.8,5.0,5,0.11026521209235515,2,False
__POOL__,5,walk_forward,GFC,True,0.01,5,0.8,0.8,10.0,1,0.11025136290783426,7,False
__POOL__,5,walk_forward,GFC,True,0.01,5,0.8,0.8,10.0,5,0.11026036793974905,4,False
__POOL__,5,walk_forward,GFC,True,0.01,5,0.8,1.0,1.0,1,0.11026752014434353,12,False
__POOL__,5,walk_forward,GFC,True,0.01,5,0.8,1.0,1.0,5,0.11027583183664329,1,False
__POOL__,5,walk_forward,GFC,True,0.01,5,0.8,1.0,5.0,1,0.1102673879009745,1,False
__POOL__,5,walk_forward,GFC,True,0.01,5,0.8,1.0,5.0,5,0.11026859972872607,2,False
__POOL__,5,walk_forward,GFC,True,0.01,5,0.8,1.0,10.0,1,0.11026701582390551,8,False
__POOL__,5,walk_forward,GFC,True,0.01,5,0.8,1.0,10.0,5,0.11026843138278089,2,False
__POOL__,5,walk_forward,GFC,True,0.01,5,1.0,0.8,1.0,1,0.11025443044417021,4,False
__POOL__,5,walk_forward,GFC,True,0.01,5,1.0,0.8,1.0,5,0.11024982735677877,13,False
__POOL__,5,walk_forward,GFC,True,0.01,5,1.0,0.8,5.0,1,0.11025632945561295,4,False
__POOL__,5,walk_forward,GFC,True,0.01,5,1.0,0.8,5.0,5,0.11026990899165594,1,False
__POOL__,5,walk_forward,GFC,True,0.01,5,1.0,0.8,10.0,1,0.11025368405659652,4,False
__POOL__,5,walk_forward,GFC,True,0.01,5,1.0,0.8,10.0,5,0.11026083191350328,4,False
__POOL__,5,walk_forward,GFC,True,0.01,5,1.0,1.0,1.0,1,0.1102679668098143,2,False
__POOL__,5,walk_forward,GFC,True,0.01,5,1.0,1.0,1.0,5,0.11027024503619005,1,False
__POOL__,5,walk_forward,GFC,True,0.01,5,1.0,1.0,5.0,1,0.11026923984953857,2,False
__POOL__,5,walk_forward,GFC,True,0.01,5,1.0,1.0,5.0,5,0.11027167065330627,1,False
__POOL__,5,walk_forward,GFC,True,0.01,5,1.0,1.0,10.0,1,0.11027005215686184,3,False
__POOL__,5,walk_forward,GFC,True,0.01,5,1.0,1.0,10.0,5,0.11027160175556618,1,False
__POOL__,5,walk_forward,GFC,True,0.05,3,0.8,0.8,1.0,1,0.11032498078177408,1,False
__POOL__,5,walk_forward,GFC,True,0.05,3,0.8,0.8,1.0,5,0.11032498078177408,1,False
__POOL__,5,walk_forward,GFC,True,0.05,3,0.8,0.8,5.0,1,0.11032551168244206,1,False
__POOL__,5,walk_forward,GFC,True,0.05,3,0.8,0.8,5.0,5,0.11032551168244206,1,False
__POOL__,5,walk_forward,GFC,True,0.05,3,0.8,0.8,10.0,1,0.11032468918854173,1,False
__POOL__,5,walk_forward,GFC,True,0.05,3,0.8,0.8,10.0,5,0.11032468918854173,1,False
__POOL__,5,walk_forward,GFC,True,0.05,3,0.8,1.0,1.0,1,0.11032498078177408,1,False
__POOL__,5,walk_forward,GFC,True,0.05,3,0.8,1.0,1.0,5,0.11032498078177408,1,False
__POOL__,5,walk_forward,GFC,True,0.05,3,0.8,1.0,5.0,1,0.11032551168244206,1,False
__POOL__,5,walk_forward,GFC,True,0.05,3,0.8,1.0,5.0,5,0.11032551168244206,1,False
__POOL__,5,walk_forward,GFC,True,0.05,3,0.8,1.0,10.0,1,0.11032468918854173,1,False
__POOL__,5,walk_forward,GFC,True,0.05,3,0.8,1.0,10.0,5,0.11032468918854173,1,False
__POOL__,5,walk_forward,GFC,True,0.05,3,1.0,0.8,1.0,1,0.11033244114674944,1,False
__POOL__,5,walk_forward,GFC,True,0.05,3,1.0,0.8,1.0,5,0.11033244114674944,1,False
__POOL__,5,walk_forward,GFC,True,0.05,3,1.0,0.8,5.0,1,0.11033159793343529,1,False
__POOL__,5,walk_forward,GFC,True,0.05,3,1.0,0.8,5.0,5,0.11033159793343529,1,False
__POOL__,5,walk_forward,GFC,True,0.05,3,1.0,0.8,10.0,1,0.11033058950979055,1,False
__POOL__,5,walk_forward,GFC,True,0.05,3,1.0,0.8,10.0,5,0.11033058950979055,1,False
__POOL__,5,walk_forward,GFC,True,0.05,3,1.0,1.0,1.0,1,0.11033244114674944,1,False
__POOL__,5,walk_forward,GFC,True,0.05,3,1.0,1.0,1.0,5,0.11033244114674944,1,False
__POOL__,5,walk_forward,GFC,True,0.05,3,1.0,1.0,5.0,1,0.11033159793343529,1,False
__POOL__,5,walk_forward,GFC,True,0.05,3,1.0,1.0,5.0,5,0.11033159793343529,1,False
__POOL__,5,walk_forward,GFC,True,0.05,3,1.0,1.0,10.0,1,0.11033058950979055,1,False
__POOL__,5,walk_forward,GFC,True,0.05,3,1.0,1.0,10.0,5,0.11033058950979055,1,False
__POOL__,5,walk_forward,GFC,True,0.05,5,0.8,0.8,1.0,1,0.11030590176551644,1,False
__POOL__,5,walk_forward,GFC,True,0.05,5,0.8,0.8,1.0,5,0.11031737273127674,1,False
__POOL__,5,walk_forward,GFC,True,0.05,5,0.8,0.8,5.0,1,0.11027226665274384,1,False
__POOL__,5,walk_forward,GFC,True,0.05,5,0.8,0.8,5.0,5,0.11027921877778812,1,False
__POOL__,5,walk_forward,GFC,True,0.05,5,0.8,0.8,10.0,1,0.11026783954925169,1,False
__POOL__,5,walk_forward,GFC,True,0.05,5,0.8,0.8,10.0,5,0.11027405500882703,1,False
__POOL__,5,walk_forward,GFC,True,0.05,5,0.8,1.0,1.0,1,0.11030590176551644,1,False
__POOL__,5,walk_forward,GFC,True,0.05,5,0.8,1.0,1.0,5,0.1103164056050173,1,False
__POOL__,5,walk_forward,GFC,True,0.05,5,0.8,1.0,5.0,1,0.11027194209560566,1,False
__POOL__,5,walk_forward,GFC,True,0.05,5,0.8,1.0,5.0,5,0.11028730315531118,1,False
__POOL__,5,walk_forward,GFC,True,0.05,5,0.8,1.0,10.0,1,0.11026968343873195,1,False
__POOL__,5,walk_forward,GFC,True,0.05,5,0.8,1.0,10.0,5,0.11028383204729962,1,False
__POOL__,5,walk_forward,GFC,True,0.05,5,1.0,0.8,1.0,1,0.11028555160728229,1,False
__POOL__,5,walk_forward,GFC,True,0.05,5,1.0,0.8,1.0,5,0.11028473618853771,1,False
__POOL__,5,walk_forward,GFC,True,0.05,5,1.0,0.8,5.0,1,0.1102819948615093,1,False
__POOL__,5,walk_forward,GFC,True,0.05,5,1.0,0.8,5.0,5,0.11028253080282419,1,False
__POOL__,5,walk_forward,GFC,True,0.05,5,1.0,0.8,10.0,1,0.1102786195601773,1,False
__POOL__,5,walk_forward,GFC,True,0.05,5,1.0,0.8,10.0,5,0.1102864928565775,1,False
__POOL__,5,walk_forward,GFC,True,0.05,5,1.0,1.0,1.0,1,0.11028555160728229,1,False
__POOL__,5,walk_forward,GFC,True,0.05,5,1.0,1.0,1.0,5,0.11028521994582345,1,False
__POOL__,5,walk_forward,GFC,True,0.05,5,1.0,1.0,5.0,1,0.11028669372394125,1,False
__POOL__,5,walk_forward,GFC,True,0.05,5,1.0,1.0,5.0,5,0.11029230890151595,1,False
__POOL__,5,walk_forward,GFC,True,0.05,5,1.0,1.0,10.0,1,0.11027824908643934,1,False
__POOL__,5,walk_forward,GFC,True,0.05,5,1.0,1.0,10.0,5,0.1102903174119427,1,False
__POOL__,5,walk_forward,GFC,True,0.1,3,0.8,0.8,1.0,1,0.11041904318868297,1,False
__POOL__,5,walk_forward,GFC,True,0.1,3,0.8,0.8,1.0,5,0.11041904318868297,1,False
__POOL__,5,walk_forward,GFC,True,0.1,3,0.8,0.8,5.0,1,0.11041867187369012,1,False
__POOL__,5,walk_forward,GFC,True,0.1,3,0.8,0.8,5.0,5,0.11041867187369012,1,False
__POOL__,5,walk_forward,GFC,True,0.1,3,0.8,0.8,10.0,1,0.11041530323395528,1,False
__POOL__,5,walk_forward,GFC,True,0.1,3,0.8,0.8,10.0,5,0.11041530323395528,1,False
__POOL__,5,walk_forward,GFC,True,0.1,3,0.8,1.0,1.0,1,0.11041904318868297,1,False
__POOL__,5,walk_forward,GFC,True,0.1,3,0.8,1.0,1.0,5,0.11041904318868297,1,False
__POOL__,5,walk_forward,GFC,True,0.1,3,0.8,1.0,5.0,1,0.11041867187369012,1,False
__POOL__,5,walk_forward,GFC,True,0.1,3,0.8,1.0,5.0,5,0.11041867187369012,1,False
__POOL__,5,walk_forward,GFC,True,0.1,3,0.8,1.0,10.0,1,0.11041530323395528,1,False
__POOL__,5,walk_forward,GFC,True,0.1,3,0.8,1.0,10.0,5,0.11041530323395528,1,False
__POOL__,5,walk_forward,GFC,True,0.1,3,1.0,0.8,1.0,1,0.11043149350259895,1,False
__POOL__,5,walk_forward,GFC,True,0.1,3,1.0,0.8,1.0,5,0.11043149350259895,1,False
__POOL__,5,walk_forward,GFC,True,0.1,3,1.0,0.8,5.0,1,0.11042867000684252,1,False
__POOL__,5,walk_forward,GFC,True,0.1,3,1.0,0.8,5.0,5,0.11042867000684252,1,False
__POOL__,5,walk_forward,GFC,True,0.1,3,1.0,0.8,10.0,1,0.11042530769440762,1,False
__POOL__,5,walk_forward,GFC,True,0.1,3,1.0,0.8,10.0,5,0.11042530769440762,1,False
__POOL__,5,walk_forward,GFC,True,0.1,3,1.0,1.0,1.0,1,0.109580433256247,18,True
__POOL__,5,walk_forward,GFC,True,0.1,3,1.0,1.0,1.0,5,0.11043149350259895,1,False
__POOL__,5,walk_forward,GFC,True,0.1,3,1.0,1.0,5.0,1,0.11042867000684252,1,False
__POOL__,5,walk_forward,GFC,True,0.1,3,1.0,1.0,5.0,5,0.11042867000684252,1,False
__POOL__,5,walk_forward,GFC,True,0.1,3,1.0,1.0,10.0,1,0.11042530769440762,1,False
__POOL__,5,walk_forward,GFC,True,0.1,3,1.0,1.0,10.0,5,0.11042530769440762,1,False
__POOL__,5,walk_forward,GFC,True,0.1,5,0.8,0.8,1.0,1,0.11041341218080812,1,False
__POOL__,5,walk_forward,GFC,True,0.1,5,0.8,0.8,1.0,5,0.11041831168425352,1,False
__POOL__,5,walk_forward,GFC,True,0.1,5,0.8,0.8,5.0,1,0.11025067881998626,15,False
__POOL__,5,walk_forward,GFC,True,0.1,5,0.8,0.8,5.0,5,0.11001375102401303,13,False
__POOL__,5,walk_forward,GFC,True,0.1,5,0.8,0.8,10.0,1,0.11030856515341524,1,False
__POOL__,5,walk_forward,GFC,True,0.1,5,0.8,0.8,10.0,5,0.1103182796188865,1,False
__POOL__,5,walk_forward,GFC,True,0.1,5,0.8,1.0,1.0,1,0.10975659957210113,22,False
__POOL__,5,walk_forward,GFC,True,0.1,5,0.8,1.0,1.0,5,0.11041635976646429,1,False
__POOL__,5,walk_forward,GFC,True,0.1,5,0.8,1.0,5.0,1,0.1103218231907397,1,False
__POOL__,5,walk_forward,GFC,True,0.1,5,0.8,1.0,5.0,5,0.11035240506141139,1,False
__POOL__,5,walk_forward,GFC,True,0.1,5,0.8,1.0,10.0,1,0.11031158718574699,1,False
__POOL__,5,walk_forward,GFC,True,0.1,5,0.8,1.0,10.0,5,0.11033903902146977,1,False
__POOL__,5,walk_forward,GFC,True,0.1,5,1.0,0.8,1.0,1,0.11037567399067183,1,False
__POOL__,5,walk_forward,GFC,True,0.1,5,1.0,0.8,1.0,5,0.11034729961665142,1,False
__POOL__,5,walk_forward,GFC,True,0.1,5,1.0,0.8,5.0,1,0.11032623298923407,1,False
__POOL__,5,walk_forward,GFC,True,0.1,5,1.0,0.8,5.0,5,0.11033795887063813,1,False
__POOL__,5,walk_forward,GFC,True,0.1,5,1.0,0.8,10.0,1,0.11031263468266495,1,False
__POOL__,5,walk_forward,GFC,True,0.1,5,1.0,0.8,10.0,5,0.11034471357831768,1,False
__POOL__,5,walk_forward,GFC,True,0.1,5,1.0,1.0,1.0,1,0.11037567399067183,1,False
__POOL__,5,walk_forward,GFC,True,0.1,5,1.0,1.0,1.0,5,0.11034585930803995,1,False
__POOL__,5,walk_forward,GFC,True,0.1,5,1.0,1.0,5.0,1,0.1103525728135766,1,False
__POOL__,5,walk_forward,GFC,True,0.1,5,1.0,1.0,5.0,5,0.11035993953941517,1,False
__POOL__,5,walk_forward,GFC,True,0.1,5,1.0,1.0,10.0,1,0.11031201907938593,1,False
__POOL__,5,walk_forward,GFC,True,0.1,5,1.0,1.0,10.0,5,0.11035183898177546,1,False
__POOL__,5,walk_forward,ZIRP_early,True,0.01,3,0.8,0.8,1.0,1,0.07493305805579992,163,False
__POOL__,5,walk_forward,ZIRP_early,True,0.01,3,0.8,0.8,1.0,5,0.07372169085944416,164,False
__POOL__,5,walk_forward,ZIRP_early,True,0.01,3,0.8,0.8,5.0,1,0.07388473014765223,229,False
__POOL__,5,walk_forward,ZIRP_early,True,0.01,3,0.8,0.8,5.0,5,0.07295915232713618,229,False
__POOL__,5,walk_forward,ZIRP_early,True,0.01,3,0.8,0.8,10.0,1,0.07309767307927789,273,False
__POOL__,5,walk_forward,ZIRP_early,True,0.01,3,0.8,0.8,10.0,5,0.07183643851056123,273,False
__POOL__,5,walk_forward,ZIRP_early,True,0.01,3,0.8,1.0,1.0,1,0.07604186503549322,176,False
__POOL__,5,walk_forward,ZIRP_early,True,0.01,3,0.8,1.0,1.0,5,0.07435485528811309,170,False
__POOL__,5,walk_forward,ZIRP_early,True,0.01,3,0.8,1.0,5.0,1,0.07449166356259682,229,False
__POOL__,5,walk_forward,ZIRP_early,True,0.01,3,0.8,1.0,5.0,5,0.072910677046439,229,False
__POOL__,5,walk_forward,ZIRP_early,True,0.01,3,0.8,1.0,10.0,1,0.07399165823766041,241,False
__POOL__,5,walk_forward,ZIRP_early,True,0.01,3,0.8,1.0,10.0,5,0.07213664131155936,267,False
__POOL__,5,walk_forward,ZIRP_early,True,0.01,3,1.0,0.8,1.0,1,0.07582754311672214,173,False
__POOL__,5,walk_forward,ZIRP_early,True,0.01,3,1.0,0.8,1.0,5,0.07426740232282233,172,False
__POOL__,5,walk_forward,ZIRP_early,True,0.01,3,1.0,0.8,5.0,1,0.0749284872400147,203,False
__POOL__,5,walk_forward,ZIRP_early,True,0.01,3,1.0,0.8,5.0,5,0.074448589267779,209,False
__POOL__,5,walk_forward,ZIRP_early,True,0.01,3,1.0,0.8,10.0,1,0.07449264898205851,222,False
__POOL__,5,walk_forward,ZIRP_early,True,0.01,3,1.0,0.8,10.0,5,0.07387231389279565,274,False
__POOL__,5,walk_forward,ZIRP_early,True,0.01,3,1.0,1.0,1.0,1,0.07716179504416294,179,False
__POOL__,5,walk_forward,ZIRP_early,True,0.01,3,1.0,1.0,1.0,5,0.07537808769186581,172,False
__POOL__,5,walk_forward,ZIRP_early,True,0.01,3,1.0,1.0,5.0,1,0.07595129540529637,187,False
__POOL__,5,walk_forward,ZIRP_early,True,0.01,3,1.0,1.0,5.0,5,0.0753970214029179,240,False
__POOL__,5,walk_forward,ZIRP_early,True,0.01,3,1.0,1.0,10.0,1,0.07551499070223597,246,False
__POOL__,5,walk_forward,ZIRP_early,True,0.01,3,1.0,1.0,10.0,5,0.07457699854635415,255,False
__POOL__,5,walk_forward,ZIRP_early,True,0.01,5,0.8,0.8,1.0,1,0.07766410694400279,132,False
__POOL__,5,walk_forward,ZIRP_early,True,0.01,5,0.8,0.8,1.0,5,0.0745394881846528,181,False
__POOL__,5,walk_forward,ZIRP_early,True,0.01,5,0.8,0.8,5.0,1,0.0740455282742667,203,False
__POOL__,5,walk_forward,ZIRP_early,True,0.01,5,0.8,0.8,5.0,5,0.07317003171809444,209,False
__POOL__,5,walk_forward,ZIRP_early,True,0.01,5,0.8,0.8,10.0,1,0.07298945708648807,260,False
__POOL__,5,walk_forward,ZIRP_early,True,0.01,5,0.8,0.8,10.0,5,0.0722201554333797,265,False
__POOL__,5,walk_forward,ZIRP_early,True,0.01,5,0.8,1.0,1.0,1,0.08105777768080953,123,False
__POOL__,5,walk_forward,ZIRP_early,True,0.01,5,0.8,1.0,1.0,5,0.07643238726350711,142,False
__POOL__,5,walk_forward,ZIRP_early,True,0.01,5,0.8,1.0,5.0,1,0.07633584591764658,166,False
__POOL__,5,walk_forward,ZIRP_early,True,0.01,5,0.8,1.0,5.0,5,0.07502819126256152,207,False
__POOL__,5,walk_forward,ZIRP_early,True,0.01,5,0.8,1.0,10.0,1,0.0754200882761304,231,False
__POOL__,5,walk_forward,ZIRP_early,True,0.01,5,0.8,1.0,10.0,5,0.07376460847639088,241,False
__POOL__,5,walk_forward,ZIRP_early,True,0.01,5,1.0,0.8,1.0,1,0.07764672337453837,129,False
__POOL__,5,walk_forward,ZIRP_early,True,0.01,5,1.0,0.8,1.0,5,0.07795199835144058,154,False
__POOL__,5,walk_forward,ZIRP_early,True,0.01,5,1.0,0.8,5.0,1,0.0766941741975677,171,False
__POOL__,5,walk_forward,ZIRP_early,True,0.01,5,1.0,0.8,5.0,5,0.0769228199157328,183,False
__POOL__,5,walk_forward,ZIRP_early,True,0.01,5,1.0,0.8,10.0,1,0.07627145793468167,213,False
__POOL__,5,walk_forward,ZIRP_early,True,0.01,5,1.0,0.8,10.0,5,0.0766069307479075,255,False
__POOL__,5,walk_forward,ZIRP_early,True,0.01,5,1.0,1.0,1.0,1,0.08295873844402252,122,False
__POOL__,5,walk_forward,ZIRP_early,True,0.01,5,1.0,1.0,1.0,5,0.08279403807292736,132,False
__POOL__,5,walk_forward,ZIRP_early,True,0.01,5,1.0,1.0,5.0,1,0.08117568858345307,156,False
__POOL__,5,walk_forward,ZIRP_early,True,0.01,5,1.0,1.0,5.0,5,0.08115809416062673,181,False
__POOL__,5,walk_forward,ZIRP_early,True,0.01,5,1.0,1.0,10.0,1,0.07934285967725324,192,False
__POOL__,5,walk_forward,ZIRP_early,True,0.01,5,1.0,1.0,10.0,5,0.07931417421020247,229,False
__POOL__,5,walk_forward,ZIRP_early,True,0.05,3,0.8,0.8,1.0,1,0.07331806192077141,31,False
__POOL__,5,walk_forward,ZIRP_early,True,0.05,3,0.8,0.8,1.0,5,0.07209385674573067,35,False
__POOL__,5,walk_forward,ZIRP_early,True,0.05,3,0.8,0.8,5.0,1,0.07361162257987314,39,False
__POOL__,5,walk_forward,ZIRP_early,True,0.05,3,0.8,0.8,5.0,5,0.07289762003853947,39,False
__POOL__,5,walk_forward,ZIRP_early,True,0.05,3,0.8,0.8,10.0,1,0.07350659303371485,54,False
__POOL__,5,walk_forward,ZIRP_early,True,0.05,3,0.8,0.8,10.0,5,0.07212310215124906,62,False
__POOL__,5,walk_forward,ZIRP_early,True,0.05,3,0.8,1.0,1.0,1,0.07489762977062224,34,False
__POOL__,5,walk_forward,ZIRP_early,True,0.05,3,0.8,1.0,1.0,5,0.07334053877662074,34,False
__POOL__,5,walk_forward,ZIRP_early,True,0.05,3,0.8,1.0,5.0,1,0.07405869710660891,43,False
__POOL__,5,walk_forward,ZIRP_early,True,0.05,3,0.8,1.0,5.0,5,0.07305756884089792,39,False
__POOL__,5,walk_forward,ZIRP_early,True,0.05,3,0.8,1.0,10.0,1,0.07428957024728133,54,False
__POOL__,5,walk_forward,ZIRP_early,True,0.05,3,0.8,1.0,10.0,5,0.07229539264797882,53,False
__POOL__,5,walk_forward,ZIRP_early,True,0.05,3,1.0,0.8,1.0,1,0.07546464380604578,31,False
__POOL__,5,walk_forward,ZIRP_early,True,0.05,3,1.0,0.8,1.0,5,0.07394269748664377,34,False
__POOL__,5,walk_forward,ZIRP_early,True,0.05,3,1.0,0.8,5.0,1,0.07464950647487398,45,False
__POOL__,5,walk_forward,ZIRP_early,True,0.05,3,1.0,0.8,5.0,5,0.07404176577708677,43,False
__POOL__,5,walk_forward,ZIRP_early,True,0.05,3,1.0,0.8,10.0,1,0.07462547739620501,45,False
__POOL__,5,walk_forward,ZIRP_early,True,0.05,3,1.0,0.8,10.0,5,0.07367510679273445,55,False
__POOL__,5,walk_forward,ZIRP_early,True,0.05,3,1.0,1.0,1.0,1,0.07694429722219003,35,False
__POOL__,5,walk_forward,ZIRP_early,True,0.05,3,1.0,1.0,1.0,5,0.07524117009767897,35,False
__POOL__,5,walk_forward,ZIRP_early,True,0.05,3,1.0,1.0,5.0,1,0.07600921958202816,38,False
__POOL__,5,walk_forward,ZIRP_early,True,0.05,3,1.0,1.0,5.0,5,0.07530458627842937,46,False
__POOL__,5,walk_forward,ZIRP_early,True,0.05,3,1.0,1.0,10.0,1,0.07522810357819962,49,False
__POOL__,5,walk_forward,ZIRP_early,True,0.05,3,1.0,1.0,10.0,5,0.07415555884869866,49,False
__POOL__,5,walk_forward,ZIRP_early,True,0.05,5,0.8,0.8,1.0,1,0.07822525494378019,26,False
__POOL__,5,walk_forward,ZIRP_early,True,0.05,5,0.8,0.8,1.0,5,0.07292418724499672,35,False
__POOL__,5,walk_forward,ZIRP_early,True,0.05,5,0.8,0.8,5.0,1,0.07433277237562791,45,False
__POOL__,5,walk_forward,ZIRP_early,True,0.05,5,0.8,0.8,5.0,5,0.07319404914601407,42,False
__POOL__,5,walk_forward,ZIRP_early,True,0.05,5,0.8,0.8,10.0,1,0.07281408331034758,49,False
__POOL__,5,walk_forward,ZIRP_early,True,0.05,5,0.8,0.8,10.0,5,0.07149181180881897,49,False
__POOL__,5,walk_forward,ZIRP_early,True,0.05,5,0.8,1.0,1.0,1,0.08020014088778846,25,False
__POOL__,5,walk_forward,ZIRP_early,True,0.05,5,0.8,1.0,1.0,5,0.07558848704561091,33,False
__POOL__,5,walk_forward,ZIRP_early,True,0.05,5,0.8,1.0,5.0,1,0.07612057520544228,37,False
__POOL__,5,walk_forward,ZIRP_early,True,0.05,5,0.8,1.0,5.0,5,0.0749679293588986,39,False
__POOL__,5,walk_forward,ZIRP_early,True,0.05,5,0.8,1.0,10.0,1,0.07417929746087196,50,False
__POOL__,5,walk_forward,ZIRP_early,True,0.05,5,0.8,1.0,10.0,5,0.07160394173124716,48,False
__POOL__,5,walk_forward,ZIRP_early,True,0.05,5,1.0,0.8,1.0,1,0.0760649053019443,26,False
__POOL__,5,walk_forward,ZIRP_early,True,0.05,5,1.0,0.8,1.0,5,0.0752948667993674,26,False
__POOL__,5,walk_forward,ZIRP_early,True,0.05,5,1.0,0.8,5.0,1,0.07559548726326086,32,False
__POOL__,5,walk_forward,ZIRP_early,True,0.05,5,1.0,0.8,5.0,5,0.07675521603431273,43,False
__POOL__,5,walk_forward,ZIRP_early,True,0.05,5,1.0,0.8,10.0,1,0.07656016818431528,43,False
__POOL__,5,walk_forward,ZIRP_early,True,0.05,5,1.0,0.8,10.0,5,0.07646175883476905,47,False
__POOL__,5,walk_forward,ZIRP_early,True,0.05,5,1.0,1.0,1.0,1,0.08272565856899965,27,False
__POOL__,5,walk_forward,ZIRP_early,True,0.05,5,1.0,1.0,1.0,5,0.08256805244392075,25,False
__POOL__,5,walk_forward,ZIRP_early,True,0.05,5,1.0,1.0,5.0,1,0.08111380041689582,31,False
__POOL__,5,walk_forward,ZIRP_early,True,0.05,5,1.0,1.0,5.0,5,0.08125827051753101,35,False
__POOL__,5,walk_forward,ZIRP_early,True,0.05,5,1.0,1.0,10.0,1,0.07941073373048127,38,False
__POOL__,5,walk_forward,ZIRP_early,True,0.05,5,1.0,1.0,10.0,5,0.0785906775956584,45,False
__POOL__,5,walk_forward,ZIRP_early,True,0.1,3,0.8,0.8,1.0,1,0.072963843727125,17,False
__POOL__,5,walk_forward,ZIRP_early,True,0.1,3,0.8,0.8,1.0,5,0.07151958908821908,25,False
__POOL__,5,walk_forward,ZIRP_early,True,0.1,3,0.8,0.8,5.0,1,0.07332822872021957,20,False
__POOL__,5,walk_forward,ZIRP_early,True,0.1,3,0.8,0.8,5.0,5,0.07162709058720611,25,False
__POOL__,5,walk_forward,ZIRP_early,True,0.1,3,0.8,0.8,10.0,1,0.07326806378749125,27,False
__POOL__,5,walk_forward,ZIRP_early,True,0.1,3,0.8,0.8,10.0,5,0.07169689861864276,25,False
__POOL__,5,walk_forward,ZIRP_early,True,0.1,3,0.8,1.0,1.0,1,0.07653335777333803,17,False
__POOL__,5,walk_forward,ZIRP_early,True,0.1,3,0.8,1.0,1.0,5,0.07430277410486034,19,False
__POOL__,5,walk_forward,ZIRP_early,True,0.1,3,0.8,1.0,5.0,1,0.07409000918594146,25,False
__POOL__,5,walk_forward,ZIRP_early,True,0.1,3,0.8,1.0,5.0,5,0.07318209948541862,19,False
__POOL__,5,walk_forward,ZIRP_early,True,0.1,3,0.8,1.0,10.0,1,0.0735912384464361,25,False
__POOL__,5,walk_forward,ZIRP_early,True,0.1,3,0.8,1.0,10.0,5,0.07177544662354561,25,False
__POOL__,5,walk_forward,ZIRP_early,True,0.1,3,1.0,0.8,1.0,1,0.07448831006628621,16,False
__POOL__,5,walk_forward,ZIRP_early,True,0.1,3,1.0,0.8,1.0,5,0.07299816551551012,17,False
__POOL__,5,walk_forward,ZIRP_early,True,0.1,3,1.0,0.8,5.0,1,0.07424769842282086,20,False
__POOL__,5,walk_forward,ZIRP_early,True,0.1,3,1.0,0.8,5.0,5,0.0734761661364401,20,False
__POOL__,5,walk_forward,ZIRP_early,True,0.1,3,1.0,0.8,10.0,1,0.07372054501461198,26,False
__POOL__,5,walk_forward,ZIRP_early,True,0.1,3,1.0,0.8,10.0,5,0.07322301399946876,30,False
__POOL__,5,walk_forward,ZIRP_early,True,0.1,3,1.0,1.0,1.0,1,0.07714836549956601,17,False
__POOL__,5,walk_forward,ZIRP_early,True,0.1,3,1.0,1.0,1.0,5,0.07556644284610586,18,False
__POOL__,5,walk_forward,ZIRP_early,True,0.1,3,1.0,1.0,5.0,1,0.07577747727641473,19,False
__POOL__,5,walk_forward,ZIRP_early,True,0.1,3,1.0,1.0,5.0,5,0.07550459665676916,20,False
__POOL__,5,walk_forward,ZIRP_early,True,0.1,3,1.0,1.0,10.0,1,0.07551565158464048,20,False
__POOL__,5,walk_forward,ZIRP_early,True,0.1,3,1.0,1.0,10.0,5,0.07462373288387154,26,False
__POOL__,5,walk_forward,ZIRP_early,True,0.1,5,0.8,0.8,1.0,1,0.07486121388628951,14,False
__POOL__,5,walk_forward,ZIRP_early,True,0.1,5,0.8,0.8,1.0,5,0.07201563104846832,16,False
__POOL__,5,walk_forward,ZIRP_early,True,0.1,5,0.8,0.8,5.0,1,0.07371429633080086,17,False
__POOL__,5,walk_forward,ZIRP_early,True,0.1,5,0.8,0.8,5.0,5,0.07232758798223124,20,False
__POOL__,5,walk_forward,ZIRP_early,True,0.1,5,0.8,0.8,10.0,1,0.0713803136806351,26,False
__POOL__,5,walk_forward,ZIRP_early,True,0.1,5,0.8,0.8,10.0,5,0.07072085667293371,22,True
__POOL__,5,walk_forward,ZIRP_early,True,0.1,5,0.8,1.0,1.0,1,0.07743324221983021,14,False
__POOL__,5,walk_forward,ZIRP_early,True,0.1,5,0.8,1.0,1.0,5,0.0776212154541988,19,False
__POOL__,5,walk_forward,ZIRP_early,True,0.1,5,0.8,1.0,5.0,1,0.07567132053095511,19,False
__POOL__,5,walk_forward,ZIRP_early,True,0.1,5,0.8,1.0,5.0,5,0.07576523375899345,22,False
__POOL__,5,walk_forward,ZIRP_early,True,0.1,5,0.8,1.0,10.0,1,0.07317155001851171,24,False
__POOL__,5,walk_forward,ZIRP_early,True,0.1,5,0.8,1.0,10.0,5,0.07332279367770886,25,False
__POOL__,5,walk_forward,ZIRP_early,True,0.1,5,1.0,0.8,1.0,1,0.07600289792159792,10,False
__POOL__,5,walk_forward,ZIRP_early,True,0.1,5,1.0,0.8,1.0,5,0.07446462308004076,13,False
__POOL__,5,walk_forward,ZIRP_early,True,0.1,5,1.0,0.8,5.0,1,0.0734307243046238,17,False
__POOL__,5,walk_forward,ZIRP_early,True,0.1,5,1.0,0.8,5.0,5,0.07544235828318273,15,False
__POOL__,5,walk_forward,ZIRP_early,True,0.1,5,1.0,0.8,10.0,1,0.07499668038045053,20,False
__POOL__,5,walk_forward,ZIRP_early,True,0.1,5,1.0,0.8,10.0,5,0.07565302955863147,21,False
__POOL__,5,walk_forward,ZIRP_early,True,0.1,5,1.0,1.0,1.0,1,0.08296615123568897,14,False
__POOL__,5,walk_forward,ZIRP_early,True,0.1,5,1.0,1.0,1.0,5,0.0823171383021953,12,False
__POOL__,5,walk_forward,ZIRP_early,True,0.1,5,1.0,1.0,5.0,1,0.08113003560291071,14,False
__POOL__,5,walk_forward,ZIRP_early,True,0.1,5,1.0,1.0,5.0,5,0.08190268589072616,17,False
__POOL__,5,walk_forward,ZIRP_early,True,0.1,5,1.0,1.0,10.0,1,0.07877813254111427,18,False
__POOL__,5,walk_forward,ZIRP_early,True,0.1,5,1.0,1.0,10.0,5,0.07928845256434727,22,False
__POOL__,5,walk_forward,ZIRP_late,True,0.01,3,0.8,0.8,1.0,1,0.003978866366597387,3,False
__POOL__,5,walk_forward,ZIRP_late,True,0.01,3,0.8,0.8,1.0,5,0.003978868250946821,3,False
__POOL__,5,walk_forward,ZIRP_late,True,0.01,3,0.8,0.8,5.0,1,0.003978794546702663,7,False
__POOL__,5,walk_forward,ZIRP_late,True,0.01,3,0.8,0.8,5.0,5,0.003978798141755057,7,False
__POOL__,5,walk_forward,ZIRP_late,True,0.01,3,0.8,0.8,10.0,1,0.003978514547983428,7,False
__POOL__,5,walk_forward,ZIRP_late,True,0.01,3,0.8,0.8,10.0,5,0.003978514547983428,7,False
__POOL__,5,walk_forward,ZIRP_late,True,0.01,3,0.8,1.0,1.0,1,0.003979145605354616,2,False
__POOL__,5,walk_forward,ZIRP_late,True,0.01,3,0.8,1.0,1.0,5,0.00397915323539017,2,False
__POOL__,5,walk_forward,ZIRP_late,True,0.01,3,0.8,1.0,5.0,1,0.003978959270010435,2,False
__POOL__,5,walk_forward,ZIRP_late,True,0.01,3,0.8,1.0,5.0,5,0.003978963145641661,2,False
__POOL__,5,walk_forward,ZIRP_late,True,0.01,3,0.8,1.0,10.0,1,0.003978978858548103,2,False
__POOL__,5,walk_forward,ZIRP_late,True,0.01,3,0.8,1.0,10.0,5,0.003978978858548103,2,False
__POOL__,5,walk_forward,ZIRP_late,True,0.01,3,1.0,0.8,1.0,1,0.003978731938218841,3,False
__POOL__,5,walk_forward,ZIRP_late,True,0.01,3,1.0,0.8,1.0,5,0.003978768513700627,3,False
__POOL__,5,walk_forward,ZIRP_late,True,0.01,3,1.0,0.8,5.0,1,0.003978716999901392,3,False
__POOL__,5,walk_forward,ZIRP_late,True,0.01,3,1.0,0.8,5.0,5,0.003978783551421313,3,False
__POOL__,5,walk_forward,ZIRP_late,True,0.01,3,1.0,0.8,10.0,1,0.003978638621418665,7,False
__POOL__,5,walk_forward,ZIRP_late,True,0.01,3,1.0,0.8,10.0,5,0.003978638621418665,7,False
__POOL__,5,walk_forward,ZIRP_late,True,0.01,3,1.0,1.0,1.0,1,0.0039787900790188265,2,False
__POOL__,5,walk_forward,ZIRP_late,True,0.01,3,1.0,1.0,1.0,5,0.003978789965597769,2,False
__POOL__,5,walk_forward,ZIRP_late,True,0.01,3,1.0,1.0,5.0,1,0.0039787763460277445,2,False
__POOL__,5,walk_forward,ZIRP_late,True,0.01,3,1.0,1.0,5.0,5,0.003978843899209697,2,False
__POOL__,5,walk_forward,ZIRP_late,True,0.01,3,1.0,1.0,10.0,1,0.003978821235312779,3,False
__POOL__,5,walk_forward,ZIRP_late,True,0.01,3,1.0,1.0,10.0,5,0.003978821235312779,3,False
__POOL__,5,walk_forward,ZIRP_late,True,0.01,5,0.8,0.8,1.0,1,0.00397761859053649,7,False
__POOL__,5,walk_forward,ZIRP_late,True,0.01,5,0.8,0.8,1.0,5,0.003976841049546815,8,False
__POOL__,5,walk_forward,ZIRP_late,True,0.01,5,0.8,0.8,5.0,1,0.0039760431448422175,8,False
__POOL__,5,walk_forward,ZIRP_late,True,0.01,5,0.8,0.8,5.0,5,0.003975771957664291,9,False
__POOL__,5,walk_forward,ZIRP_late,True,0.01,5,0.8,0.8,10.0,1,0.003976544436002805,8,False
__POOL__,5,walk_forward,ZIRP_late,True,0.01,5,0.8,0.8,10.0,5,0.0039761612958014335,9,False
__POOL__,5,walk_forward,ZIRP_late,True,0.01,5,0.8,1.0,1.0,1,0.003978558774764357,2,False
__POOL__,5,walk_forward,ZIRP_late,True,0.01,5,0.8,1.0,1.0,5,0.003978621618938753,3,False
__POOL__,5,walk_forward,ZIRP_late,True,0.01,5,0.8,1.0,5.0,1,0.003978533721057312,3,False
__POOL__,5,walk_forward,ZIRP_late,True,0.01,5,0.8,1.0,5.0,5,0.003978456012368671,3,False
__POOL__,5,walk_forward,ZIRP_late,True,0.01,5,0.8,1.0,10.0,1,0.003978501333001907,3,False
__POOL__,5,walk_forward,ZIRP_late,True,0.01,5,0.8,1.0,10.0,5,0.00397820949579675,4,False
__POOL__,5,walk_forward,ZIRP_late,True,0.01,5,1.0,0.8,1.0,1,0.003977835650537948,8,False
__POOL__,5,walk_forward,ZIRP_late,True,0.01,5,1.0,0.8,1.0,5,0.0039771808883364325,9,False
__POOL__,5,walk_forward,ZIRP_late,True,0.01,5,1.0,0.8,5.0,1,0.0039769375692928904,8,False
__POOL__,5,walk_forward,ZIRP_late,True,0.01,5,1.0,0.8,5.0,5,0.003976089859505557,9,False
__POOL__,5,walk_forward,ZIRP_late,True,0.01,5,1.0,0.8,10.0,1,0.003976797124769567,8,False
__POOL__,5,walk_forward,ZIRP_late,True,0.01,5,1.0,0.8,10.0,5,0.003975787064086227,9,False
__POOL__,5,walk_forward,ZIRP_late,True,0.01,5,1.0,1.0,1.0,1,0.003978984812310333,2,False
__POOL__,5,walk_forward,ZIRP_late,True,0.01,5,1.0,1.0,1.0,5,0.00397898749332768,2,False
__POOL__,5,walk_forward,ZIRP_late,True,0.01,5,1.0,1.0,5.0,1,0.003978912343328688,2,False
__POOL__,5,walk_forward,ZIRP_late,True,0.01,5,1.0,1.0,5.0,5,0.003978905026624399,2,False
__POOL__,5,walk_forward,ZIRP_late,True,0.01,5,1.0,1.0,10.0,1,0.0039788469074554566,3,False
__POOL__,5,walk_forward,ZIRP_late,True,0.01,5,1.0,1.0,10.0,5,0.003978773020232061,3,False
__POOL__,5,walk_forward,ZIRP_late,True,0.05,3,0.8,0.8,1.0,1,0.003981414042347242,2,False
__POOL__,5,walk_forward,ZIRP_late,True,0.05,3,0.8,0.8,1.0,5,0.003981411589336809,2,False
__POOL__,5,walk_forward,ZIRP_late,True,0.05,3,0.8,0.8,5.0,1,0.0039803675053558234,2,False
__POOL__,5,walk_forward,ZIRP_late,True,0.05,3,0.8,0.8,5.0,5,0.003980369939509339,2,False
__POOL__,5,walk_forward,ZIRP_late,True,0.05,3,0.8,0.8,10.0,1,0.003979505473803023,2,False
__POOL__,5,walk_forward,ZIRP_late,True,0.05,3,0.8,0.8,10.0,5,0.003979505473803023,2,False
__POOL__,5,walk_forward,ZIRP_late,True,0.05,3,0.8,1.0,1.0,1,0.003982493973547966,1,False
__POOL__,5,walk_forward,ZIRP_late,True,0.05,3,0.8,1.0,1.0,5,0.003982497874226719,1,False
__POOL__,5,walk_forward,ZIRP_late,True,0.05,3,0.8,1.0,5.0,1,0.003980581025323234,1,False
__POOL__,5,walk_forward,ZIRP_late,True,0.05,3,0.8,1.0,5.0,5,0.003980595551861432,1,False
__POOL__,5,walk_forward,ZIRP_late,True,0.05,3,0.8,1.0,10.0,1,0.003979758145021589,1,False
__POOL__,5,walk_forward,ZIRP_late,True,0.05,3,0.8,1.0,10.0,5,0.003979758145021589,1,False
__POOL__,5,walk_forward,ZIRP_late,True,0.05,3,1.0,0.8,1.0,1,0.003981794999887949,2,False
__POOL__,5,walk_forward,ZIRP_late,True,0.05,3,1.0,0.8,1.0,5,0.0039817940384338935,2,False
__POOL__,5,walk_forward,ZIRP_late,True,0.05,3,1.0,0.8,5.0,1,0.00398086644246548,2,False
__POOL__,5,walk_forward,ZIRP_late,True,0.05,3,1.0,0.8,5.0,5,0.00398103734034717,2,False
__POOL__,5,walk_forward,ZIRP_late,True,0.05,3,1.0,0.8,10.0,1,0.003980169870330617,2,False
__POOL__,5,walk_forward,ZIRP_late,True,0.05,3,1.0,0.8,10.0,5,0.003980169870330617,2,False
__POOL__,5,walk_forward,ZIRP_late,True,0.05,3,1.0,1.0,1.0,1,0.003981921003119674,1,False
__POOL__,5,walk_forward,ZIRP_late,True,0.05,3,1.0,1.0,1.0,5,0.003981920766446811,1,False
__POOL__,5,walk_forward,ZIRP_late,True,0.05,3,1.0,1.0,5.0,1,0.003981011827734411,1,False
__POOL__,5,walk_forward,ZIRP_late,True,0.05,3,1.0,1.0,5.0,5,0.003981202344831947,1,False
__POOL__,5,walk_forward,ZIRP_late,True,0.05,3,1.0,1.0,10.0,1,0.003980358531176128,1,False
__POOL__,5,walk_forward,ZIRP_late,True,0.05,3,1.0,1.0,10.0,5,0.003980358531176128,1,False
__POOL__,5,walk_forward,ZIRP_late,True,0.05,5,0.8,0.8,1.0,1,0.003977601595864898,2,False
__POOL__,5,walk_forward,ZIRP_late,True,0.05,5,0.8,0.8,1.0,5,0.003975766538292931,2,False
__POOL__,5,walk_forward,ZIRP_late,True,0.05,5,0.8,0.8,5.0,1,0.003976632221186638,5,False
__POOL__,5,walk_forward,ZIRP_late,True,0.05,5,0.8,0.8,5.0,5,0.003975903353715561,2,False
__POOL__,5,walk_forward,ZIRP_late,True,0.05,5,0.8,0.8,10.0,1,0.003978037843879947,2,False
__POOL__,5,walk_forward,ZIRP_late,True,0.05,5,0.8,0.8,10.0,5,0.003976449043155308,2,False
__POOL__,5,walk_forward,ZIRP_late,True,0.05,5,0.8,1.0,1.0,1,0.003979002701844915,1,False
__POOL__,5,walk_forward,ZIRP_late,True,0.05,5,0.8,1.0,1.0,5,0.00397719061456494,1,False
__POOL__,5,walk_forward,ZIRP_late,True,0.05,5,0.8,1.0,5.0,1,0.003977678513925117,1,False
__POOL__,5,walk_forward,ZIRP_late,True,0.05,5,0.8,1.0,5.0,5,0.0039774405364548905,1,False
__POOL__,5,walk_forward,ZIRP_late,True,0.05,5,0.8,1.0,10.0,1,0.003979240748868139,1,False
__POOL__,5,walk_forward,ZIRP_late,True,0.05,5,0.8,1.0,10.0,5,0.0039777081277174295,1,False
__POOL__,5,walk_forward,ZIRP_late,True,0.05,5,1.0,0.8,1.0,1,0.003981820278292729,2,False
__POOL__,5,walk_forward,ZIRP_late,True,0.05,5,1.0,0.8,1.0,5,0.003982240609193613,2,False
__POOL__,5,walk_forward,ZIRP_late,True,0.05,5,1.0,0.8,5.0,1,0.0039780666727442454,2,False
__POOL__,5,walk_forward,ZIRP_late,True,0.05,5,1.0,0.8,5.0,5,0.0039776723616379685,2,False
__POOL__,5,walk_forward,ZIRP_late,True,0.05,5,1.0,0.8,10.0,1,0.00397917776745105,2,False
__POOL__,5,walk_forward,ZIRP_late,True,0.05,5,1.0,0.8,10.0,5,0.003978877785299205,2,False
__POOL__,5,walk_forward,ZIRP_late,True,0.05,5,1.0,1.0,1.0,1,0.00398525860059589,1,False
__POOL__,5,walk_forward,ZIRP_late,True,0.05,5,1.0,1.0,1.0,5,0.003985306337544072,1,False
__POOL__,5,walk_forward,ZIRP_late,True,0.05,5,1.0,1.0,5.0,1,0.003983058927876907,1,False
__POOL__,5,walk_forward,ZIRP_late,True,0.05,5,1.0,1.0,5.0,5,0.003982462651944052,1,False
__POOL__,5,walk_forward,ZIRP_late,True,0.05,5,1.0,1.0,10.0,1,0.003980053397245667,1,False
__POOL__,5,walk_forward,ZIRP_late,True,0.05,5,1.0,1.0,10.0,5,0.003979642150284766,1,False
__POOL__,5,walk_forward,ZIRP_late,True,0.1,3,0.8,0.8,1.0,1,0.004000237430172558,2,False
__POOL__,5,walk_forward,ZIRP_late,True,0.1,3,0.8,0.8,1.0,5,0.00400021107619173,2,False
__POOL__,5,walk_forward,ZIRP_late,True,0.1,3,0.8,0.8,5.0,1,0.003994748576777275,2,False
__POOL__,5,walk_forward,ZIRP_late,True,0.1,3,0.8,0.8,5.0,5,0.003994712804530878,2,False
__POOL__,5,walk_forward,ZIRP_late,True,0.1,3,0.8,0.8,10.0,1,0.0039899662494121005,2,False
__POOL__,5,walk_forward,ZIRP_late,True,0.1,3,0.8,0.8,10.0,5,0.0039899662494121005,2,False
__POOL__,5,walk_forward,ZIRP_late,True,0.1,3,0.8,1.0,1.0,1,0.004001875794941157,1,False
__POOL__,5,walk_forward,ZIRP_late,True,0.1,3,0.8,1.0,1.0,5,0.004001879140997605,1,False
__POOL__,5,walk_forward,ZIRP_late,True,0.1,3,0.8,1.0,5.0,1,0.003994720952338743,1,False
__POOL__,5,walk_forward,ZIRP_late,True,0.1,3,0.8,1.0,5.0,5,0.003994739885363262,1,False
__POOL__,5,walk_forward,ZIRP_late,True,0.1,3,0.8,1.0,10.0,1,0.003990078561968339,1,False
__POOL__,5,walk_forward,ZIRP_late,True,0.1,3,0.8,1.0,10.0,5,0.003990078561968339,1,False
__POOL__,5,walk_forward,ZIRP_late,True,0.1,3,1.0,0.8,1.0,1,0.00400227637283152,2,False
__POOL__,5,walk_forward,ZIRP_late,True,0.1,3,1.0,0.8,1.0,5,0.004002273319966329,2,False
__POOL__,5,walk_forward,ZIRP_late,True,0.1,3,1.0,0.8,5.0,1,0.003997488075976404,2,False
__POOL__,5,walk_forward,ZIRP_late,True,0.1,3,1.0,0.8,5.0,5,0.003997846916133736,2,False
__POOL__,5,walk_forward,ZIRP_late,True,0.1,3,1.0,0.8,10.0,1,0.00399330231701056,2,False
__POOL__,5,walk_forward,ZIRP_late,True,0.1,3,1.0,0.8,10.0,5,0.00399330231701056,2,False
__POOL__,5,walk_forward,ZIRP_late,True,0.1,3,1.0,1.0,1.0,1,0.0040020249962621395,1,False
__POOL__,5,walk_forward,ZIRP_late,True,0.1,3,1.0,1.0,1.0,5,0.004002024683373553,1,False
__POOL__,5,walk_forward,ZIRP_late,True,0.1,3,1.0,1.0,5.0,1,0.003997300697363942,1,False
__POOL__,5,walk_forward,ZIRP_late,True,0.1,3,1.0,1.0,5.0,5,0.003997751229259698,1,False
__POOL__,5,walk_forward,ZIRP_late,True,0.1,3,1.0,1.0,10.0,1,0.0039932806832589296,1,False
__POOL__,5,walk_forward,ZIRP_late,True,0.1,3,1.0,1.0,10.0,5,0.0039932806832589296,1,False
__POOL__,5,walk_forward,ZIRP_late,True,0.1,5,0.8,0.8,1.0,1,0.003984278694819424,2,False
__POOL__,5,walk_forward,ZIRP_late,True,0.1,5,0.8,0.8,1.0,5,0.0039728535798464176,2,False
__POOL__,5,walk_forward,ZIRP_late,True,0.1,5,0.8,0.8,5.0,1,0.003975490820057611,2,False
__POOL__,5,walk_forward,ZIRP_late,True,0.1,5,0.8,0.8,5.0,5,0.003971917199476204,2,True
__POOL__,5,walk_forward,ZIRP_late,True,0.1,5,0.8,0.8,10.0,1,0.003988205870042619,2,False
__POOL__,5,walk_forward,ZIRP_late,True,0.1,5,0.8,0.8,10.0,5,0.003972890868113828,2,False
__POOL__,5,walk_forward,ZIRP_late,True,0.1,5,0.8,1.0,1.0,1,0.003987627057876503,1,False
__POOL__,5,walk_forward,ZIRP_late,True,0.1,5,0.8,1.0,1.0,5,0.003976110952615908,1,False
__POOL__,5,walk_forward,ZIRP_late,True,0.1,5,0.8,1.0,5.0,1,0.003976993367155485,1,False
__POOL__,5,walk_forward,ZIRP_late,True,0.1,5,0.8,1.0,5.0,5,0.00397543634081393,1,False
__POOL__,5,walk_forward,ZIRP_late,True,0.1,5,0.8,1.0,10.0,1,0.00399069812592271,1,False
__POOL__,5,walk_forward,ZIRP_late,True,0.1,5,0.8,1.0,10.0,5,0.00397556684731877,1,False
__POOL__,5,walk_forward,ZIRP_late,True,0.1,5,1.0,0.8,1.0,1,0.004003054109965428,2,False
__POOL__,5,walk_forward,ZIRP_late,True,0.1,5,1.0,0.8,1.0,5,0.004008980232913483,2,False
__POOL__,5,walk_forward,ZIRP_late,True,0.1,5,1.0,0.8,5.0,1,0.003992886895220109,2,False
__POOL__,5,walk_forward,ZIRP_late,True,0.1,5,1.0,0.8,5.0,5,0.0039906498719795925,2,False
__POOL__,5,walk_forward,ZIRP_late,True,0.1,5,1.0,0.8,10.0,1,0.003992491971803381,1,False
__POOL__,5,walk_forward,ZIRP_late,True,0.1,5,1.0,0.8,10.0,5,0.003990907253123185,1,False
__POOL__,5,walk_forward,ZIRP_late,True,0.1,5,1.0,1.0,1.0,1,0.004015033736361482,1,False
__POOL__,5,walk_forward,ZIRP_late,True,0.1,5,1.0,1.0,1.0,5,0.004015265533623105,1,False
__POOL__,5,walk_forward,ZIRP_late,True,0.1,5,1.0,1.0,5.0,1,0.0040039422432058425,1,False
__POOL__,5,walk_forward,ZIRP_late,True,0.1,5,1.0,1.0,5.0,5,0.004000809646790663,1,False
__POOL__,5,walk_forward,ZIRP_late,True,0.1,5,1.0,1.0,10.0,1,0.003994193845694707,1,False
__POOL__,5,walk_forward,ZIRP_late,True,0.1,5,1.0,1.0,10.0,5,0.00399195223706926,1,False
__POOL__,5,walk_forward,COVID,True,0.01,3,0.8,0.8,1.0,1,0.013517357381800358,2,False
__POOL__,5,walk_forward,COVID,True,0.01,3,0.8,0.8,1.0,5,0.01351886240952156,2,False
__POOL__,5,walk_forward,COVID,True,0.01,3,0.8,0.8,5.0,1,0.013519087645866025,1,False
__POOL__,5,walk_forward,COVID,True,0.01,3,0.8,0.8,5.0,5,0.013519087645866025,1,False
__POOL__,5,walk_forward,COVID,True,0.01,3,0.8,0.8,10.0,1,0.013519134979616192,1,False
__POOL__,5,walk_forward,COVID,True,0.01,3,0.8,0.8,10.0,5,0.013519134979616192,1,False
__POOL__,5,walk_forward,COVID,True,0.01,3,0.8,1.0,1.0,1,0.013518274212994204,1,False
__POOL__,5,walk_forward,COVID,True,0.01,3,0.8,1.0,1.0,5,0.013519356603096281,1,False
__POOL__,5,walk_forward,COVID,True,0.01,3,0.8,1.0,5.0,1,0.013518753780084929,1,False
__POOL__,5,walk_forward,COVID,True,0.01,3,0.8,1.0,5.0,5,0.013518753780084929,1,False
__POOL__,5,walk_forward,COVID,True,0.01,3,0.8,1.0,10.0,1,0.013518738389556464,1,False
__POOL__,5,walk_forward,COVID,True,0.01,3,0.8,1.0,10.0,5,0.013518738389556464,1,False
__POOL__,5,walk_forward,COVID,True,0.01,3,1.0,0.8,1.0,1,0.013518688804499955,2,False
__POOL__,5,walk_forward,COVID,True,0.01,3,1.0,0.8,1.0,5,0.013518686552146782,2,False
__POOL__,5,walk_forward,COVID,True,0.01,3,1.0,0.8,5.0,1,0.013519092768092194,1,False
__POOL__,5,walk_forward,COVID,True,0.01,3,1.0,0.8,5.0,5,0.01351911336176286,1,False
__POOL__,5,walk_forward,COVID,True,0.01,3,1.0,0.8,10.0,1,0.013518728213205392,1,False
__POOL__,5,walk_forward,COVID,True,0.01,3,1.0,0.8,10.0,5,0.013518728213205392,1,False
__POOL__,5,walk_forward,COVID,True,0.01,3,1.0,1.0,1.0,1,0.013519060097782804,1,False
__POOL__,5,walk_forward,COVID,True,0.01,3,1.0,1.0,1.0,5,0.013519059933015935,1,False
__POOL__,5,walk_forward,COVID,True,0.01,3,1.0,1.0,5.0,1,0.013537799741809697,2,False
__POOL__,5,walk_forward,COVID,True,0.01,3,1.0,1.0,5.0,5,0.013537840721533542,2,False
__POOL__,5,walk_forward,COVID,True,0.01,3,1.0,1.0,10.0,1,0.013511985530191336,1,False
__POOL__,5,walk_forward,COVID,True,0.01,3,1.0,1.0,10.0,5,0.013511985530191336,1,False
__POOL__,5,walk_forward,COVID,True,0.01,5,0.8,0.8,1.0,1,0.013457663463014915,2,False
__POOL__,5,walk_forward,COVID,True,0.01,5,0.8,0.8,1.0,5,0.013457836943345217,2,False
__POOL__,5,walk_forward,COVID,True,0.01,5,0.8,0.8,5.0,1,0.013514920779165687,1,False
__POOL__,5,walk_forward,COVID,True,0.01,5,0.8,0.8,5.0,5,0.013514930855261734,1,False
__POOL__,5,walk_forward,COVID,True,0.01,5,0.8,0.8,10.0,1,0.013516199764490627,1,False
__POOL__,5,walk_forward,COVID,True,0.01,5,0.8,0.8,10.0,5,0.013516267803818118,1,False
__POOL__,5,walk_forward,COVID,True,0.01,5,0.8,1.0,1.0,1,0.013342981253275647,30,False
__POOL__,5,walk_forward,COVID,True,0.01,5,0.8,1.0,1.0,5,0.013521694313057957,1,False
__POOL__,5,walk_forward,COVID,True,0.01,5,0.8,1.0,5.0,1,0.013518034552747107,1,False
__POOL__,5,walk_forward,COVID,True,0.01,5,0.8,1.0,5.0,5,0.013518207620257267,1,False
__POOL__,5,walk_forward,COVID,True,0.01,5,0.8,1.0,10.0,1,0.013517742251352471,1,False
__POOL__,5,walk_forward,COVID,True,0.01,5,0.8,1.0,10.0,5,0.013517742245908156,1,False
__POOL__,5,walk_forward,COVID,True,0.01,5,1.0,0.8,1.0,1,0.01351656602957353,4,False
__POOL__,5,walk_forward,COVID,True,0.01,5,1.0,0.8,1.0,5,0.01347290874307899,9,False
__POOL__,5,walk_forward,COVID,True,0.01,5,1.0,0.8,5.0,1,0.013513471613401102,2,False
__POOL__,5,walk_forward,COVID,True,0.01,5,1.0,0.8,5.0,5,0.013512271079530456,2,False
__POOL__,5,walk_forward,COVID,True,0.01,5,1.0,0.8,10.0,1,0.013518599957129094,1,False
__POOL__,5,walk_forward,COVID,True,0.01,5,1.0,0.8,10.0,5,0.013518600859520674,1,False
__POOL__,5,walk_forward,COVID,True,0.01,5,1.0,1.0,1.0,1,0.013518581001548494,1,False
__POOL__,5,walk_forward,COVID,True,0.01,5,1.0,1.0,1.0,5,0.013518580992571678,1,False
__POOL__,5,walk_forward,COVID,True,0.01,5,1.0,1.0,5.0,1,0.013540052738787214,2,False
__POOL__,5,walk_forward,COVID,True,0.01,5,1.0,1.0,5.0,5,0.013540811753645741,2,False
__POOL__,5,walk_forward,COVID,True,0.01,5,1.0,1.0,10.0,1,0.013508697185206659,1,False
__POOL__,5,walk_forward,COVID,True,0.01,5,1.0,1.0,10.0,5,0.013508698087598235,1,False
__POOL__,5,walk_forward,COVID,True,0.05,3,0.8,0.8,1.0,1,0.013518718672732523,2,False
__POOL__,5,walk_forward,COVID,True,0.05,3,0.8,0.8,1.0,5,0.01352711550681627,1,False
__POOL__,5,walk_forward,COVID,True,0.05,3,0.8,0.8,5.0,1,0.013525172479530646,1,False
__POOL__,5,walk_forward,COVID,True,0.05,3,0.8,0.8,5.0,5,0.013525172479530646,1,False
__POOL__,5,walk_forward,COVID,True,0.05,3,0.8,0.8,10.0,1,0.013525672169761525,1,False
__POOL__,5,walk_forward,COVID,True,0.05,3,0.8,0.8,10.0,5,0.013525672169761525,1,False
__POOL__,5,walk_forward,COVID,True,0.05,3,0.8,1.0,1.0,1,0.013520094453605738,1,False
__POOL__,5,walk_forward,COVID,True,0.05,3,0.8,1.0,1.0,5,0.01352711550681627,1,False
__POOL__,5,walk_forward,COVID,True,0.05,3,0.8,1.0,5.0,1,0.013522859154223797,1,False
__POOL__,5,walk_forward,COVID,True,0.05,3,0.8,1.0,5.0,5,0.013522859154223797,1,False
__POOL__,5,walk_forward,COVID,True,0.05,3,0.8,1.0,10.0,1,0.013522765845902385,1,False
__POOL__,5,walk_forward,COVID,True,0.05,3,0.8,1.0,10.0,5,0.013522765845902385,1,False
__POOL__,5,walk_forward,COVID,True,0.05,3,1.0,0.8,1.0,1,0.013526497083061641,1,False
__POOL__,5,walk_forward,COVID,True,0.05,3,1.0,0.8,1.0,5,0.013526496260452677,1,False
__POOL__,5,walk_forward,COVID,True,0.05,3,1.0,0.8,5.0,1,0.013525247459234564,1,False
__POOL__,5,walk_forward,COVID,True,0.05,3,1.0,0.8,5.0,5,0.013525350384960525,1,False
__POOL__,5,walk_forward,COVID,True,0.05,3,1.0,0.8,10.0,1,0.013522805857142337,1,False
__POOL__,5,walk_forward,COVID,True,0.05,3,1.0,0.8,10.0,5,0.013522805857142337,1,False
__POOL__,5,walk_forward,COVID,True,0.05,3,1.0,1.0,1.0,1,0.013526582808065573,1,False
__POOL__,5,walk_forward,COVID,True,0.05,3,1.0,1.0,1.0,5,0.01352658198545661,1,False
__POOL__,5,walk_forward,COVID,True,0.05,3,1.0,1.0,5.0,1,0.013625750029120372,2,False
__POOL__,5,walk_forward,COVID,True,0.05,3,1.0,1.0,5.0,5,0.01362595069856395,2,False
__POOL__,5,walk_forward,COVID,True,0.05,3,1.0,1.0,10.0,1,0.01349074739684492,1,False
__POOL__,5,walk_forward,COVID,True,0.05,3,1.0,1.0,10.0,5,0.01349074739684492,1,False
__POOL__,5,walk_forward,COVID,True,0.05,5,0.8,0.8,1.0,1,0.01322910773776451,2,False
__POOL__,5,walk_forward,COVID,True,0.05,5,0.8,0.8,1.0,5,0.013258582762511692,2,False
__POOL__,5,walk_forward,COVID,True,0.05,5,0.8,0.8,5.0,1,0.013506656029933315,1,False
__POOL__,5,walk_forward,COVID,True,0.05,5,0.8,0.8,5.0,5,0.013504922879158896,2,False
__POOL__,5,walk_forward,COVID,True,0.05,5,0.8,0.8,10.0,1,0.013514203675095456,1,False
__POOL__,5,walk_forward,COVID,True,0.05,5,0.8,0.8,10.0,5,0.013514700977115796,1,False
__POOL__,5,walk_forward,COVID,True,0.05,5,0.8,1.0,1.0,1,0.01344626463452244,9,False
__POOL__,5,walk_forward,COVID,True,0.05,5,0.8,1.0,1.0,5,0.013565424029242743,1,False
__POOL__,5,walk_forward,COVID,True,0.05,5,0.8,1.0,5.0,1,0.013520879958422282,1,False
__POOL__,5,walk_forward,COVID,True,0.05,5,0.8,1.0,5.0,5,0.013521770067188145,1,False
__POOL__,5,walk_forward,COVID,True,0.05,5,0.8,1.0,10.0,1,0.0135186641499433,1,False
__POOL__,5,walk_forward,COVID,True,0.05,5,0.8,1.0,10.0,5,0.013518664123596117,1,False
__POOL__,5,walk_forward,COVID,True,0.05,5,1.0,0.8,1.0,1,0.013542663665636097,1,False
__POOL__,5,walk_forward,COVID,True,0.05,5,1.0,0.8,1.0,5,0.013388251559961812,8,False
__POOL__,5,walk_forward,COVID,True,0.05,5,1.0,0.8,5.0,1,0.013499880743082119,3,False
__POOL__,5,walk_forward,COVID,True,0.05,5,1.0,0.8,5.0,5,0.013494340274088723,3,False
__POOL__,5,walk_forward,COVID,True,0.05,5,1.0,0.8,10.0,1,0.013520280335613631,15,False
__POOL__,5,walk_forward,COVID,True,0.05,5,1.0,0.8,10.0,5,0.01352419576381351,1,False
__POOL__,5,walk_forward,COVID,True,0.05,5,1.0,1.0,1.0,1,0.013509973136386721,4,False
__POOL__,5,walk_forward,COVID,True,0.05,5,1.0,1.0,1.0,5,0.013516149995709374,4,False
__POOL__,5,walk_forward,COVID,True,0.05,5,1.0,1.0,5.0,1,0.01366542043585088,2,False
__POOL__,5,walk_forward,COVID,True,0.05,5,1.0,1.0,5.0,5,0.013665426328085326,2,False
__POOL__,5,walk_forward,COVID,True,0.05,5,1.0,1.0,10.0,1,0.013474917900939895,1,False
__POOL__,5,walk_forward,COVID,True,0.05,5,1.0,1.0,10.0,5,0.013474922416439657,1,False
__POOL__,5,walk_forward,COVID,True,0.1,3,0.8,0.8,1.0,1,0.013522716381115124,1,False
__POOL__,5,walk_forward,COVID,True,0.1,3,0.8,0.8,1.0,5,0.013540781244649146,1,False
__POOL__,5,walk_forward,COVID,True,0.1,3,0.8,0.8,5.0,1,0.013535399583736306,1,False
__POOL__,5,walk_forward,COVID,True,0.1,3,0.8,0.8,5.0,5,0.013535399583736306,1,False
__POOL__,5,walk_forward,COVID,True,0.1,3,0.8,0.8,10.0,1,0.013537056519762348,1,False
__POOL__,5,walk_forward,COVID,True,0.1,3,0.8,0.8,10.0,5,0.013537056519762348,1,False
__POOL__,5,walk_forward,COVID,True,0.1,3,0.8,1.0,1.0,1,0.013522716381115124,1,False
__POOL__,5,walk_forward,COVID,True,0.1,3,0.8,1.0,1.0,5,0.013540781244649146,1,False
__POOL__,5,walk_forward,COVID,True,0.1,3,0.8,1.0,5.0,1,0.013529162942564682,1,False
__POOL__,5,walk_forward,COVID,True,0.1,3,0.8,1.0,5.0,5,0.013529162942564682,1,False
__POOL__,5,walk_forward,COVID,True,0.1,3,0.8,1.0,10.0,1,0.013528935438207693,1,False
__POOL__,5,walk_forward,COVID,True,0.1,3,0.8,1.0,10.0,5,0.013528935438207693,1,False
__POOL__,5,walk_forward,COVID,True,0.1,3,1.0,0.8,1.0,1,0.01353911787700869,1,False
__POOL__,5,walk_forward,COVID,True,0.1,3,1.0,0.8,1.0,5,0.013539116234951722,1,False
__POOL__,5,walk_forward,COVID,True,0.1,3,1.0,0.8,5.0,1,0.013535672973375297,1,False
__POOL__,5,walk_forward,COVID,True,0.1,3,1.0,0.8,5.0,5,0.013535878718336855,1,False
__POOL__,5,walk_forward,COVID,True,0.1,3,1.0,0.8,10.0,1,0.013529242699889445,1,False
__POOL__,5,walk_forward,COVID,True,0.1,3,1.0,0.8,10.0,5,0.013529242699889445,1,False
__POOL__,5,walk_forward,COVID,True,0.1,3,1.0,1.0,1.0,1,0.013542090416797253,1,False
__POOL__,5,walk_forward,COVID,True,0.1,3,1.0,1.0,1.0,5,0.013542088774740283,1,False
__POOL__,5,walk_forward,COVID,True,0.1,3,1.0,1.0,5.0,1,0.013752301148713317,2,False
__POOL__,5,walk_forward,COVID,True,0.1,3,1.0,1.0,5.0,5,0.013752481551495038,2,False
__POOL__,5,walk_forward,COVID,True,0.1,3,1.0,1.0,10.0,1,0.013469263166721457,1,False
__POOL__,5,walk_forward,COVID,True,0.1,3,1.0,1.0,10.0,5,0.013469263166721457,1,False
__POOL__,5,walk_forward,COVID,True,0.1,5,0.8,0.8,1.0,1,0.012969217794503078,2,False
__POOL__,5,walk_forward,COVID,True,0.1,5,0.8,0.8,1.0,5,0.01309977170188539,2,False
__POOL__,5,walk_forward,COVID,True,0.1,5,0.8,0.8,5.0,1,0.013504161403351731,1,False
__POOL__,5,walk_forward,COVID,True,0.1,5,0.8,0.8,5.0,5,0.013504258693671792,1,False
__POOL__,5,walk_forward,COVID,True,0.1,5,0.8,0.8,10.0,1,0.013522138478878768,1,False
__POOL__,5,walk_forward,COVID,True,0.1,5,0.8,0.8,10.0,5,0.013523525846321953,1,False
__POOL__,5,walk_forward,COVID,True,0.1,5,0.8,1.0,1.0,1,0.012880971815473551,8,True
__POOL__,5,walk_forward,COVID,True,0.1,5,0.8,1.0,1.0,5,0.013683948219291385,1,False
__POOL__,5,walk_forward,COVID,True,0.1,5,0.8,1.0,5.0,1,0.013529246906615063,1,False
__POOL__,5,walk_forward,COVID,True,0.1,5,0.8,1.0,5.0,5,0.013343821804628831,8,False
__POOL__,5,walk_forward,COVID,True,0.1,5,0.8,1.0,10.0,1,0.013510455836208062,8,False
__POOL__,5,walk_forward,COVID,True,0.1,5,0.8,1.0,10.0,5,0.01349710502536973,8,False
__POOL__,5,walk_forward,COVID,True,0.1,5,1.0,0.8,1.0,1,0.013579312873234045,1,False
__POOL__,5,walk_forward,COVID,True,0.1,5,1.0,0.8,1.0,5,0.013262371307493335,8,False
__POOL__,5,walk_forward,COVID,True,0.1,5,1.0,0.8,5.0,1,0.013504275345206226,2,False
__POOL__,5,walk_forward,COVID,True,0.1,5,1.0,0.8,5.0,5,0.013494031545873428,2,False
__POOL__,5,walk_forward,COVID,True,0.1,5,1.0,0.8,10.0,1,0.013537080163375483,1,False
__POOL__,5,walk_forward,COVID,True,0.1,5,1.0,0.8,10.0,5,0.013537089203229692,1,False
__POOL__,5,walk_forward,COVID,True,0.1,5,1.0,1.0,1.0,1,0.013531731271962891,1,False
__POOL__,5,walk_forward,COVID,True,0.1,5,1.0,1.0,1.0,5,0.013531731182003369,1,False
__POOL__,5,walk_forward,COVID,True,0.1,5,1.0,1.0,5.0,1,0.013874954471051831,2,False
__POOL__,5,walk_forward,COVID,True,0.1,5,1.0,1.0,5.0,5,0.013874968980119959,2,False
__POOL__,5,walk_forward,COVID,True,0.1,5,1.0,1.0,10.0,1,0.01343913474682524,1,False
__POOL__,5,walk_forward,COVID,True,0.1,5,1.0,1.0,10.0,5,0.013439143786679448,1,False
__POOL__,5,walk_forward,Hiking,True,0.01,3,0.8,0.8,1.0,1,0.019504502037577663,1,False
__POOL__,5,walk_forward,Hiking,True,0.01,3,0.8,0.8,1.0,5,0.01950549393361038,1,False
__POOL__,5,walk_forward,Hiking,True,0.01,3,0.8,0.8,5.0,1,0.01949551842382406,1,False
__POOL__,5,walk_forward,Hiking,True,0.01,3,0.8,0.8,5.0,5,0.019507155723264356,1,False
__POOL__,5,walk_forward,Hiking,True,0.01,3,0.8,0.8,10.0,1,0.01949641501265572,1,False
__POOL__,5,walk_forward,Hiking,True,0.01,3,0.8,0.8,10.0,5,0.01949641501265572,1,False
__POOL__,5,walk_forward,Hiking,True,0.01,3,0.8,1.0,1.0,1,0.019504502037577663,1,False
__POOL__,5,walk_forward,Hiking,True,0.01,3,0.8,1.0,1.0,5,0.01950549393361038,1,False
__POOL__,5,walk_forward,Hiking,True,0.01,3,0.8,1.0,5.0,1,0.01949408729314852,1,False
__POOL__,5,walk_forward,Hiking,True,0.01,3,0.8,1.0,5.0,5,0.019505724592588817,1,False
__POOL__,5,walk_forward,Hiking,True,0.01,3,0.8,1.0,10.0,1,0.019495299258185734,1,False
__POOL__,5,walk_forward,Hiking,True,0.01,3,0.8,1.0,10.0,5,0.019495299258185734,1,False
__POOL__,5,walk_forward,Hiking,True,0.01,3,1.0,0.8,1.0,1,0.019459898436511813,1,False
__POOL__,5,walk_forward,Hiking,True,0.01,3,1.0,0.8,1.0,5,0.019460809020059963,1,False
__POOL__,5,walk_forward,Hiking,True,0.01,3,1.0,0.8,5.0,1,0.019456476378057842,1,False
__POOL__,5,walk_forward,Hiking,True,0.01,3,1.0,0.8,5.0,5,0.01945564705875712,1,False
__POOL__,5,walk_forward,Hiking,True,0.01,3,1.0,0.8,10.0,1,0.019451732852913114,1,False
__POOL__,5,walk_forward,Hiking,True,0.01,3,1.0,0.8,10.0,5,0.019451732852913114,1,False
__POOL__,5,walk_forward,Hiking,True,0.01,3,1.0,1.0,1.0,1,0.019459898436511813,1,False
__POOL__,5,walk_forward,Hiking,True,0.01,3,1.0,1.0,1.0,5,0.019460809020059963,1,False
__POOL__,5,walk_forward,Hiking,True,0.01,3,1.0,1.0,5.0,1,0.019454938733889218,1,False
__POOL__,5,walk_forward,Hiking,True,0.01,3,1.0,1.0,5.0,5,0.019454109414588496,1,False
__POOL__,5,walk_forward,Hiking,True,0.01,3,1.0,1.0,10.0,1,0.019450572563653748,1,False
__POOL__,5,walk_forward,Hiking,True,0.01,3,1.0,1.0,10.0,5,0.019450572563653748,1,False
__POOL__,5,walk_forward,Hiking,True,0.01,5,0.8,0.8,1.0,1,0.019412341406688755,4,False
__POOL__,5,walk_forward,Hiking,True,0.01,5,0.8,0.8,1.0,5,0.019456436147779678,1,False
__POOL__,5,walk_forward,Hiking,True,0.01,5,0.8,0.8,5.0,1,0.01941564856535744,4,False
__POOL__,5,walk_forward,Hiking,True,0.01,5,0.8,0.8,5.0,5,0.01946106815167855,1,False
__POOL__,5,walk_forward,Hiking,True,0.01,5,0.8,0.8,10.0,1,0.019494853536013327,1,False
__POOL__,5,walk_forward,Hiking,True,0.01,5,0.8,0.8,10.0,5,0.019445541420037845,1,False
__POOL__,5,walk_forward,Hiking,True,0.01,5,0.8,1.0,1.0,1,0.019420452573540633,1,False
__POOL__,5,walk_forward,Hiking,True,0.01,5,0.8,1.0,1.0,5,0.019454792672403146,1,False
__POOL__,5,walk_forward,Hiking,True,0.01,5,0.8,1.0,5.0,1,0.01941141383443616,3,False
__POOL__,5,walk_forward,Hiking,True,0.01,5,0.8,1.0,5.0,5,0.019457754747352327,1,False
__POOL__,5,walk_forward,Hiking,True,0.01,5,0.8,1.0,10.0,1,0.019488083281459307,1,False
__POOL__,5,walk_forward,Hiking,True,0.01,5,0.8,1.0,10.0,5,0.01943841307652888,1,False
__POOL__,5,walk_forward,Hiking,True,0.01,5,1.0,0.8,1.0,1,0.01940510211266418,1,False
__POOL__,5,walk_forward,Hiking,True,0.01,5,1.0,0.8,1.0,5,0.019450872785044034,1,False
__POOL__,5,walk_forward,Hiking,True,0.01,5,1.0,0.8,5.0,1,0.01941592756714591,1,False
__POOL__,5,walk_forward,Hiking,True,0.01,5,1.0,0.8,5.0,5,0.019428276994058337,1,False
__POOL__,5,walk_forward,Hiking,True,0.01,5,1.0,0.8,10.0,1,0.01942654604296232,1,False
__POOL__,5,walk_forward,Hiking,True,0.01,5,1.0,0.8,10.0,5,0.01942651701397104,1,False
__POOL__,5,walk_forward,Hiking,True,0.01,5,1.0,1.0,1.0,1,0.019409992052869675,1,False
__POOL__,5,walk_forward,Hiking,True,0.01,5,1.0,1.0,1.0,5,0.01945570974301243,1,False
__POOL__,5,walk_forward,Hiking,True,0.01,5,1.0,1.0,5.0,1,0.019414682678502805,1,False
__POOL__,5,walk_forward,Hiking,True,0.01,5,1.0,1.0,5.0,5,0.01942707207002054,1,False
__POOL__,5,walk_forward,Hiking,True,0.01,5,1.0,1.0,10.0,1,0.019424030319467274,1,False
__POOL__,5,walk_forward,Hiking,True,0.01,5,1.0,1.0,10.0,5,0.01939640541279342,4,False
__POOL__,5,walk_forward,Hiking,True,0.05,3,0.8,0.8,1.0,1,0.020027086968753903,1,False
__POOL__,5,walk_forward,Hiking,True,0.05,3,0.8,0.8,1.0,5,0.020033085427399316,1,False
__POOL__,5,walk_forward,Hiking,True,0.05,3,0.8,0.8,5.0,1,0.01994390654185538,1,False
__POOL__,5,walk_forward,Hiking,True,0.05,3,0.8,0.8,5.0,5,0.020007085738866885,1,False
__POOL__,5,walk_forward,Hiking,True,0.05,3,0.8,0.8,10.0,1,0.0199186345226579,1,False
__POOL__,5,walk_forward,Hiking,True,0.05,3,0.8,0.8,10.0,5,0.0199186345226579,1,False
__POOL__,5,walk_forward,Hiking,True,0.05,3,0.8,1.0,1.0,1,0.020027086968753903,1,False
__POOL__,5,walk_forward,Hiking,True,0.05,3,0.8,1.0,1.0,5,0.020033085427399316,1,False
__POOL__,5,walk_forward,Hiking,True,0.05,3,0.8,1.0,5.0,1,0.0199371363492221,1,False
__POOL__,5,walk_forward,Hiking,True,0.05,3,0.8,1.0,5.0,5,0.02000031554623361,1,False
__POOL__,5,walk_forward,Hiking,True,0.05,3,0.8,1.0,10.0,1,0.019913462540388654,1,False
__POOL__,5,walk_forward,Hiking,True,0.05,3,0.8,1.0,10.0,5,0.019913462540388654,1,False
__POOL__,5,walk_forward,Hiking,True,0.05,3,1.0,0.8,1.0,1,0.01975521447102768,1,False
__POOL__,5,walk_forward,Hiking,True,0.05,3,1.0,0.8,1.0,5,0.01976761626215607,1,False
__POOL__,5,walk_forward,Hiking,True,0.05,3,1.0,0.8,5.0,1,0.01971510327886478,1,False
__POOL__,5,walk_forward,Hiking,True,0.05,3,1.0,0.8,5.0,5,0.019711387048382212,1,False
__POOL__,5,walk_forward,Hiking,True,0.05,3,1.0,0.8,10.0,1,0.01967037557731059,1,False
__POOL__,5,walk_forward,Hiking,True,0.05,3,1.0,0.8,10.0,5,0.01967037557731059,1,False
__POOL__,5,walk_forward,Hiking,True,0.05,3,1.0,1.0,1.0,1,0.01975521447102768,1,False
__POOL__,5,walk_forward,Hiking,True,0.05,3,1.0,1.0,1.0,5,0.01976761626215607,1,False
__POOL__,5,walk_forward,Hiking,True,0.05,3,1.0,1.0,5.0,1,0.019707682613724953,1,False
__POOL__,5,walk_forward,Hiking,True,0.05,3,1.0,1.0,5.0,5,0.01970396638324239,1,False
__POOL__,5,walk_forward,Hiking,True,0.05,3,1.0,1.0,10.0,1,0.01966478001031797,1,False
__POOL__,5,walk_forward,Hiking,True,0.05,3,1.0,1.0,10.0,5,0.01966478001031797,1,False
__POOL__,5,walk_forward,Hiking,True,0.05,5,0.8,0.8,1.0,1,0.019554749437725366,1,False
__POOL__,5,walk_forward,Hiking,True,0.05,5,0.8,0.8,1.0,5,0.01970706794411584,1,False
__POOL__,5,walk_forward,Hiking,True,0.05,5,0.8,0.8,5.0,1,0.01941482348386207,1,False
__POOL__,5,walk_forward,Hiking,True,0.05,5,0.8,0.8,5.0,5,0.019644273625487624,1,False
__POOL__,5,walk_forward,Hiking,True,0.05,5,0.8,0.8,10.0,1,0.019922168931035045,1,False
__POOL__,5,walk_forward,Hiking,True,0.05,5,0.8,0.8,10.0,5,0.01954172170837009,1,False
__POOL__,5,walk_forward,Hiking,True,0.05,5,0.8,1.0,1.0,1,0.019550481313949177,1,False
__POOL__,5,walk_forward,Hiking,True,0.05,5,0.8,1.0,1.0,5,0.019703588832388333,1,False
__POOL__,5,walk_forward,Hiking,True,0.05,5,0.8,1.0,5.0,1,0.019405299772870414,1,False
__POOL__,5,walk_forward,Hiking,True,0.05,5,0.8,1.0,5.0,5,0.01962946925951989,1,False
__POOL__,5,walk_forward,Hiking,True,0.05,5,0.8,1.0,10.0,1,0.019879022379615873,1,False
__POOL__,5,walk_forward,Hiking,True,0.05,5,0.8,1.0,10.0,5,0.01951125284482531,1,False
__POOL__,5,walk_forward,Hiking,True,0.05,5,1.0,0.8,1.0,1,0.01937512849520164,1,True
__POOL__,5,walk_forward,Hiking,True,0.05,5,1.0,0.8,1.0,5,0.01964127396901181,1,False
__POOL__,5,walk_forward,Hiking,True,0.05,5,1.0,0.8,5.0,1,0.019560146174176913,1,False
__POOL__,5,walk_forward,Hiking,True,0.05,5,1.0,0.8,5.0,5,0.01946274350118926,1,False
__POOL__,5,walk_forward,Hiking,True,0.05,5,1.0,0.8,10.0,1,0.019568186665927457,1,False
__POOL__,5,walk_forward,Hiking,True,0.05,5,1.0,0.8,10.0,5,0.019442670391901198,1,False
__POOL__,5,walk_forward,Hiking,True,0.05,5,1.0,1.0,1.0,1,0.019433524830266932,1,False
__POOL__,5,walk_forward,Hiking,True,0.05,5,1.0,1.0,1.0,5,0.019699524150862437,1,False
__POOL__,5,walk_forward,Hiking,True,0.05,5,1.0,1.0,5.0,1,0.019535980914764807,1,False
__POOL__,5,walk_forward,Hiking,True,0.05,5,1.0,1.0,5.0,5,0.019456188853054942,1,False
__POOL__,5,walk_forward,Hiking,True,0.05,5,1.0,1.0,10.0,1,0.019546630409729402,1,False
__POOL__,5,walk_forward,Hiking,True,0.05,5,1.0,1.0,10.0,5,0.019382860845534394,1,False
__POOL__,5,walk_forward,Hiking,True,0.1,3,0.8,0.8,1.0,1,0.02113082595473739,1,False
__POOL__,5,walk_forward,Hiking,True,0.1,3,0.8,0.8,1.0,5,0.021145420322870336,1,False
__POOL__,5,walk_forward,Hiking,True,0.1,3,0.8,0.8,5.0,1,0.020868809085103586,1,False
__POOL__,5,walk_forward,Hiking,True,0.1,3,0.8,0.8,5.0,5,0.021007649217448257,1,False
__POOL__,5,walk_forward,Hiking,True,0.1,3,0.8,0.8,10.0,1,0.02074387766977326,1,False
__POOL__,5,walk_forward,Hiking,True,0.1,3,0.8,0.8,10.0,5,0.02074387766977326,1,False
__POOL__,5,walk_forward,Hiking,True,0.1,3,0.8,1.0,1.0,1,0.02113082595473739,1,False
__POOL__,5,walk_forward,Hiking,True,0.1,3,0.8,1.0,1.0,5,0.021145420322870336,1,False
__POOL__,5,walk_forward,Hiking,True,0.1,3,0.8,1.0,5.0,1,0.020856232351148127,1,False
__POOL__,5,walk_forward,Hiking,True,0.1,3,0.8,1.0,5.0,5,0.0209950724834928,1,False
__POOL__,5,walk_forward,Hiking,True,0.1,3,0.8,1.0,10.0,1,0.020734550682540782,1,False
__POOL__,5,walk_forward,Hiking,True,0.1,3,0.8,1.0,10.0,5,0.020734550682540782,1,False
__POOL__,5,walk_forward,Hiking,True,0.1,3,1.0,0.8,1.0,1,0.020464944741735117,1,False
__POOL__,5,walk_forward,Hiking,True,0.1,3,1.0,0.8,1.0,5,0.020509370522469338,1,False
__POOL__,5,walk_forward,Hiking,True,0.1,3,1.0,0.8,5.0,1,0.020327220164299685,1,False
__POOL__,5,walk_forward,Hiking,True,0.1,3,1.0,0.8,5.0,5,0.020320863608378592,1,False
__POOL__,5,walk_forward,Hiking,True,0.1,3,1.0,0.8,10.0,1,0.02018523950957049,1,False
__POOL__,5,walk_forward,Hiking,True,0.1,3,1.0,0.8,10.0,5,0.02018523950957049,1,False
__POOL__,5,walk_forward,Hiking,True,0.1,3,1.0,1.0,1.0,1,0.020464944741735117,1,False
__POOL__,5,walk_forward,Hiking,True,0.1,3,1.0,1.0,1.0,5,0.020509370522469338,1,False
__POOL__,5,walk_forward,Hiking,True,0.1,3,1.0,1.0,5.0,1,0.02031304772724608,1,False
__POOL__,5,walk_forward,Hiking,True,0.1,3,1.0,1.0,5.0,5,0.02030669117132499,1,False
__POOL__,5,walk_forward,Hiking,True,0.1,3,1.0,1.0,10.0,1,0.02017456307197237,1,False
__POOL__,5,walk_forward,Hiking,True,0.1,3,1.0,1.0,10.0,5,0.02017456307197237,1,False
__POOL__,5,walk_forward,Hiking,True,0.1,5,0.8,0.8,1.0,1,0.02003538645028154,1,False
__POOL__,5,walk_forward,Hiking,True,0.1,5,0.8,0.8,1.0,5,0.020291563995297763,1,False
__POOL__,5,walk_forward,Hiking,True,0.1,5,0.8,0.8,5.0,1,0.019474158913172376,1,False
__POOL__,5,walk_forward,Hiking,True,0.1,5,0.8,0.8,5.0,5,0.01995108954661812,1,False
__POOL__,5,walk_forward,Hiking,True,0.1,5,0.8,0.8,10.0,1,0.02077930099798457,1,False
__POOL__,5,walk_forward,Hiking,True,0.1,5,0.8,0.8,10.0,5,0.019683690086599266,1,False
__POOL__,5,walk_forward,Hiking,True,0.1,5,0.8,1.0,1.0,1,0.020036718867184406,1,False
__POOL__,5,walk_forward,Hiking,True,0.1,5,0.8,1.0,1.0,5,0.020296451437192886,1,False
__POOL__,5,walk_forward,Hiking,True,0.1,5,0.8,1.0,5.0,1,0.019460442208611588,1,False
__POOL__,5,walk_forward,Hiking,True,0.1,5,0.8,1.0,5.0,5,0.0199258874472239,1,False
__POOL__,5,walk_forward,Hiking,True,0.1,5,0.8,1.0,10.0,1,0.02066976970392707,1,False
__POOL__,5,walk_forward,Hiking,True,0.1,5,0.8,1.0,10.0,5,0.019635684496858093,1,False
__POOL__,5,walk_forward,Hiking,True,0.1,5,1.0,0.8,1.0,1,0.019439511997568264,1,False
__POOL__,5,walk_forward,Hiking,True,0.1,5,1.0,0.8,1.0,5,0.020065033236568754,1,False
__POOL__,5,walk_forward,Hiking,True,0.1,5,1.0,0.8,5.0,1,0.02013677324005658,1,False
__POOL__,5,walk_forward,Hiking,True,0.1,5,1.0,0.8,5.0,5,0.01954409349074386,1,False
__POOL__,5,walk_forward,Hiking,True,0.1,5,1.0,0.8,10.0,1,0.020040224565008088,1,False
__POOL__,5,walk_forward,Hiking,True,0.1,5,1.0,0.8,10.0,5,0.019475764253274234,1,False
__POOL__,5,walk_forward,Hiking,True,0.1,5,1.0,1.0,1.0,1,0.01964117123813923,1,False
__POOL__,5,walk_forward,Hiking,True,0.1,5,1.0,1.0,1.0,5,0.020266697066217684,1,False
__POOL__,5,walk_forward,Hiking,True,0.1,5,1.0,1.0,5.0,1,0.020043590698455307,1,False
__POOL__,5,walk_forward,Hiking,True,0.1,5,1.0,1.0,5.0,5,0.019529659138675867,1,False
__POOL__,5,walk_forward,Hiking,True,0.1,5,1.0,1.0,10.0,1,0.01997466795587718,1,False
__POOL__,5,walk_forward,Hiking,True,0.1,5,1.0,1.0,10.0,5,0.01938259469278058,1,False
