security,horizon,scheme,fold,use_categoricals,ntrees,depth,tau_w,xgb_max_depth,xgb_lr,xgb_subsample,xgb_colsample,xgb_reg_lambda,xgb_min_child_weight,importance_type,feature,relevance
__POOL__,1,walk_forward,GFC,True,92,5,,5,0.1,1.0,0.8,1.0,1,gain,chg_lag1,1.9866087436676025
__POOL__,1,walk_forward,GFC,True,92,5,,5,0.1,1.0,0.8,1.0,1,gain,chg_lag2,0.5720880031585693
__POOL__,1,walk_forward,GFC,True,92,5,,5,0.1,1.0,0.8,1.0,1,gain,chg_lag3,0.654586136341095
__POOL__,1,walk_forward,GFC,True,92,5,,5,0.1,1.0,0.8,1.0,1,gain,chg_lag4,0.5445504188537598
__POOL__,1,walk_forward,GFC,True,92,5,,5,0.1,1.0,0.8,1.0,1,gain,chg_lag5,1.0299969911575317
__POOL__,1,walk_forward,GFC,True,92,5,,5,0.1,1.0,0.8,1.0,1,gain,carry_roll,0.9327252507209778
__POOL__,1,walk_forward,GFC,True,92,5,,5,0.1,1.0,0.8,1.0,1,gain,mom_63d,0.3967965245246887
__POOL__,1,walk_forward,GFC,True,92,5,,5,0.1,1.0,0.8,1.0,1,gain,mom_1m,0.1700979322195053
__POOL__,1,walk_forward,GFC,True,92,5,,5,0.1,1.0,0.8,1.0,1,gain,mom_3m,0.14384396374225616
__POOL__,1,walk_forward,GFC,True,92,5,,5,0.1,1.0,0.8,1.0,1,gain,mom_6m,7.1517333984375
__POOL__,1,walk_forward,GFC,True,92,5,,5,0.1,1.0,0.8,1.0,1,gain,mom_12m,3.815244674682617
__POOL__,1,walk_forward,GFC,True,92,5,,5,0.1,1.0,0.8,1.0,1,gain,dev_ma_3m,6.709819793701172
__POOL__,1,walk_forward,GFC,True,92,5,,5,0.1,1.0,0.8,1.0,1,gain,dev_ma_12m,8.366451263427734
__POOL__,1,walk_forward,GFC,True,92,5,,5,0.1,1.0,0.8,1.0,1,gain,vol_20d,0.33469051122665405
__POOL__,1,walk_forward,GFC,True,92,5,,5,0.1,1.0,0.8,1.0,1,gain,vol_regime,0.0
__POOL__,1,walk_forward,GFC,True,92,5,,5,0.1,1.0,0.8,1.0,1,gain,vol_zscore,3.013629198074341
__POOL__,1,walk_forward,GFC,True,92,5,,5,0.1,1.0,0.8,1.0,1,gain,level_zscore,2.4229660034179688
__POOL__,1,walk_forward,GFC,True,92,5,,5,0.1,1.0,0.8,1.0,1,gain,slope_10_1,0.7445617914199829
__POOL__,1,walk_forward,GFC,True,92,5,,5,0.1,1.0,0.8,1.0,1,gain,slope_10_5,0.23279331624507904
__POOL__,1,walk_forward,GFC,True,92,5,,5,0.1,1.0,0.8,1.0,1,gain,slope_5_1,1.155083179473877
__POOL__,1,walk_forward,GFC,True,92,5,,5,0.1,1.0,0.8,1.0,1,gain,sofr_mom_1m,1.8435580730438232
__POOL__,1,walk_forward,GFC,True,92,5,,5,0.1,1.0,0.8,1.0,1,gain,ibor_level,0.74722820520401
__POOL__,1,walk_forward,GFC,True,92,5,,5,0.1,1.0,0.8,1.0,1,gain,ibor_chg_1d,0.1414322406053543
__POOL__,1,walk_forward,GFC,True,92,5,,5,0.1,1.0,0.8,1.0,1,gain,ibor_mom_1m,0.11430402845144272
__POOL__,1,walk_forward,GFC,True,92,5,,5,0.1,1.0,0.8,1.0,1,gain,ibor_term_slope,0.0612189918756485
__POOL__,1,walk_forward,GFC,True,92,5,,5,0.1,1.0,0.8,1.0,1,gain,swap_ibor_basis,6.348158836364746
__POOL__,1,walk_forward,GFC,True,92,5,,5,0.1,1.0,0.8,1.0,1,gain,move_level,0.21074765920639038
__POOL__,1,walk_forward,GFC,True,92,5,,5,0.1,1.0,0.8,1.0,1,gain,move_zscore,1.6475821733474731
__POOL__,1,walk_forward,GFC,True,92,5,,5,0.1,1.0,0.8,1.0,1,gain,vix_level,0.18126718699932098
__POOL__,1,walk_forward,GFC,True,92,5,,5,0.1,1.0,0.8,1.0,1,gain,vix_zscore,2.522686243057251
__POOL__,1,walk_forward,GFC,True,92,5,,5,0.1,1.0,0.8,1.0,1,gain,v2x_level,0.13155880570411682
__POOL__,1,walk_forward,GFC,True,92,5,,5,0.1,1.0,0.8,1.0,1,gain,vxn_level,0.1342836320400238
__POOL__,1,walk_forward,GFC,True,92,5,,5,0.1,1.0,0.8,1.0,1,gain,ovx_level,0.1474771350622177
__POOL__,1,walk_forward,GFC,True,92,5,,5,0.1,1.0,0.8,1.0,1,gain,gvz_level,2.6928393840789795
__POOL__,1,walk_forward,GFC,True,92,5,,5,0.1,1.0,0.8,1.0,1,gain,spx_mom_1m,0.1838911771774292
__POOL__,1,walk_forward,GFC,True,92,5,,5,0.1,1.0,0.8,1.0,1,gain,spx_mom_3m,0.430571973323822
__POOL__,1,walk_forward,GFC,True,92,5,,5,0.1,1.0,0.8,1.0,1,gain,sx5e_mom_1m,0.23745587468147278
__POOL__,1,walk_forward,GFC,True,92,5,,5,0.1,1.0,0.8,1.0,1,gain,sx5e_mom_3m,0.34047892689704895
__POOL__,1,walk_forward,GFC,True,92,5,,5,0.1,1.0,0.8,1.0,1,gain,mxwo_mom_1m,2.0854077339172363
__POOL__,1,walk_forward,GFC,True,92,5,,5,0.1,1.0,0.8,1.0,1,gain,ndx_mom_1m,0.1527535766363144
__POOL__,1,walk_forward,GFC,True,92,5,,5,0.1,1.0,0.8,1.0,1,gain,oil_mom_1m,0.21854083240032196
__POOL__,1,walk_forward,GFC,True,92,5,,5,0.1,1.0,0.8,1.0,1,gain,oil_mom_3m,0.2959342300891876
__POOL__,1,walk_forward,GFC,True,92,5,,5,0.1,1.0,0.8,1.0,1,gain,copper_mom_1m,0.15641102194786072
__POOL__,1,walk_forward,GFC,True,92,5,,5,0.1,1.0,0.8,1.0,1,gain,opec_prod,0.11192655563354492
__POOL__,1,walk_forward,GFC,True,92,5,,5,0.1,1.0,0.8,1.0,1,gain,natgas_mom_1m,0.0
__POOL__,1,walk_forward,GFC,True,92,5,,5,0.1,1.0,0.8,1.0,1,gain,be5y_level,0.13527579605579376
__POOL__,1,walk_forward,GFC,True,92,5,,5,0.1,1.0,0.8,1.0,1,gain,be10y_level,0.19970980286598206
__POOL__,1,walk_forward,GFC,True,92,5,,5,0.1,1.0,0.8,1.0,1,gain,be_slope,0.2700711488723755
__POOL__,1,walk_forward,GFC,True,92,5,,5,0.1,1.0,0.8,1.0,1,gain,be5y_chg_1m,0.30187326669692993
__POOL__,1,walk_forward,GFC,True,92,5,,5,0.1,1.0,0.8,1.0,1,gain,ig_spread,0.0
__POOL__,1,walk_forward,GFC,True,92,5,,5,0.1,1.0,0.8,1.0,1,gain,hy_spread,0.0
__POOL__,1,walk_forward,GFC,True,92,5,,5,0.1,1.0,0.8,1.0,1,gain,ig_chg_1m,0.0
__POOL__,1,walk_forward,GFC,True,92,5,,5,0.1,1.0,0.8,1.0,1,gain,hy_chg_1m,0.0
__POOL__,1,walk_forward,GFC,True,92,5,,5,0.1,1.0,0.8,1.0,1,gain,cpi_yoy,0.0
__POOL__,1,walk_forward,GFC,True,92,5,,5,0.1,1.0,0.8,1.0,1,gain,pce_core_chg,0.2733941674232483
__POOL__,1,walk_forward,GFC,True,92,5,,5,0.1,1.0,0.8,1.0,1,gain,nfp_change,0.43775713443756104
__POOL__,1,walk_forward,GFC,True,92,5,,5,0.1,1.0,0.8,1.0,1,gain,pmi_us,0.17553308606147766
__POOL__,1,walk_forward,GFC,True,92,5,,5,0.1,1.0,0.8,1.0,1,gain,pmi_eur,1.100959300994873
__POOL__,1,walk_forward,GFC,True,92,5,,5,0.1,1.0,0.8,1.0,1,gain,unemp_eur,0.0
__POOL__,1,walk_forward,GFC,True,92,5,,5,0.1,1.0,0.8,1.0,1,gain,cpi_nsa_level,4.254215717315674
__POOL__,1,walk_forward,GFC,True,92,5,,5,0.1,1.0,0.8,1.0,1,gain,pce_core_level,2.2314298152923584
__POOL__,1,walk_forward,GFC,True,92,5,,5,0.1,1.0,0.8,1.0,1,gain,eur_3m,0.2149682641029358
__POOL__,1,walk_forward,GFC,True,92,5,,5,0.1,1.0,0.8,1.0,1,gain,eur_1w,12.310001373291016
__POOL__,1,walk_forward,GFC,True,92,5,,5,0.1,1.0,0.8,1.0,1,gain,nor_ibor_1m,0.8516729474067688
__POOL__,1,walk_forward,GFC,True,92,5,,5,0.1,1.0,0.8,1.0,1,gain,nor_ibor_6m,0.8940611481666565
__POOL__,1,walk_forward,GFC,True,92,5,,5,0.1,1.0,0.8,1.0,1,gain,xmpca_01,0.2670426070690155
__POOL__,1,walk_forward,GFC,True,92,5,,5,0.1,1.0,0.8,1.0,1,gain,xmpca_02,0.12247645854949951
__POOL__,1,walk_forward,GFC,True,92,5,,5,0.1,1.0,0.8,1.0,1,gain,xmpca_03,0.17847758531570435
__POOL__,1,walk_forward,GFC,True,92,5,,5,0.1,1.0,0.8,1.0,1,gain,xmpca_04,6.964642524719238
__POOL__,1,walk_forward,GFC,True,92,5,,5,0.1,1.0,0.8,1.0,1,gain,xmpca_05,0.13533338904380798
__POOL__,1,walk_forward,GFC,True,92,5,,5,0.1,1.0,0.8,1.0,1,gain,xmpca_06,0.13080304861068726
__POOL__,1,walk_forward,GFC,True,92,5,,5,0.1,1.0,0.8,1.0,1,gain,xmpca_07,4.952480316162109
__POOL__,1,walk_forward,GFC,True,92,5,,5,0.1,1.0,0.8,1.0,1,gain,xmpca_08,4.6203083992004395
__POOL__,1,walk_forward,GFC,True,92,5,,5,0.1,1.0,0.8,1.0,1,gain,xmpca_09,0.11622413247823715
__POOL__,1,walk_forward,GFC,True,92,5,,5,0.1,1.0,0.8,1.0,1,gain,xmpca_10,0.17857176065444946
__POOL__,1,walk_forward,GFC,True,92,5,,5,0.1,1.0,0.8,1.0,1,gain,xmpca_11,0.1365726739168167
__POOL__,1,walk_forward,GFC,True,92,5,,5,0.1,1.0,0.8,1.0,1,gain,xmpca_12,0.0878404900431633
__POOL__,1,walk_forward,GFC,True,92,5,,5,0.1,1.0,0.8,1.0,1,gain,security,7.262166976928711
__POOL__,1,walk_forward,GFC,True,92,5,,5,0.1,1.0,0.8,1.0,1,gain,country,0.08025339245796204
__POOL__,1,walk_forward,GFC,True,92,5,,5,0.1,1.0,0.8,1.0,1,gain,maturity,1.094294548034668
__POOL__,1,walk_forward,GFC,True,92,5,,5,0.1,1.0,0.8,1.0,1,weight,chg_lag1,51.0
__POOL__,1,walk_forward,GFC,True,92,5,,5,0.1,1.0,0.8,1.0,1,weight,chg_lag2,36.0
__POOL__,1,walk_forward,GFC,True,92,5,,5,0.1,1.0,0.8,1.0,1,weight,chg_lag3,63.0
__POOL__,1,walk_forward,GFC,True,92,5,,5,0.1,1.0,0.8,1.0,1,weight,chg_lag4,53.0
__POOL__,1,walk_forward,GFC,True,92,5,,5,0.1,1.0,0.8,1.0,1,weight,chg_lag5,69.0
__POOL__,1,walk_forward,GFC,True,92,5,,5,0.1,1.0,0.8,1.0,1,weight,carry_roll,45.0
__POOL__,1,walk_forward,GFC,True,92,5,,5,0.1,1.0,0.8,1.0,1,weight,mom_63d,53.0
__POOL__,1,walk_forward,GFC,True,92,5,,5,0.1,1.0,0.8,1.0,1,weight,mom_1m,52.0
__POOL__,1,walk_forward,GFC,True,92,5,,5,0.1,1.0,0.8,1.0,1,weight,mom_3m,19.0
__POOL__,1,walk_forward,GFC,True,92,5,,5,0.1,1.0,0.8,1.0,1,weight,mom_6m,27.0
__POOL__,1,walk_forward,GFC,True,92,5,,5,0.1,1.0,0.8,1.0,1,weight,mom_12m,40.0
__POOL__,1,walk_forward,GFC,True,92,5,,5,0.1,1.0,0.8,1.0,1,weight,dev_ma_3m,57.0
__POOL__,1,walk_forward,GFC,True,92,5,,5,0.1,1.0,0.8,1.0,1,weight,dev_ma_12m,59.0
__POOL__,1,walk_forward,GFC,True,92,5,,5,0.1,1.0,0.8,1.0,1,weight,vol_20d,54.0
__POOL__,1,walk_forward,GFC,True,92,5,,5,0.1,1.0,0.8,1.0,1,weight,vol_regime,0.0
__POOL__,1,walk_forward,GFC,True,92,5,,5,0.1,1.0,0.8,1.0,1,weight,vol_zscore,29.0
__POOL__,1,walk_forward,GFC,True,92,5,,5,0.1,1.0,0.8,1.0,1,weight,level_zscore,38.0
__POOL__,1,walk_forward,GFC,True,92,5,,5,0.1,1.0,0.8,1.0,1,weight,slope_10_1,20.0
__POOL__,1,walk_forward,GFC,True,92,5,,5,0.1,1.0,0.8,1.0,1,weight,slope_10_5,23.0
__POOL__,1,walk_forward,GFC,True,92,5,,5,0.1,1.0,0.8,1.0,1,weight,slope_5_1,30.0
__POOL__,1,walk_forward,GFC,True,92,5,,5,0.1,1.0,0.8,1.0,1,weight,sofr_mom_1m,50.0
__POOL__,1,walk_forward,GFC,True,92,5,,5,0.1,1.0,0.8,1.0,1,weight,ibor_level,35.0
__POOL__,1,walk_forward,GFC,True,92,5,,5,0.1,1.0,0.8,1.0,1,weight,ibor_chg_1d,39.0
__POOL__,1,walk_forward,GFC,True,92,5,,5,0.1,1.0,0.8,1.0,1,weight,ibor_mom_1m,32.0
__POOL__,1,walk_forward,GFC,True,92,5,,5,0.1,1.0,0.8,1.0,1,weight,ibor_term_slope,8.0
__POOL__,1,walk_forward,GFC,True,92,5,,5,0.1,1.0,0.8,1.0,1,weight,swap_ibor_basis,36.0
__POOL__,1,walk_forward,GFC,True,92,5,,5,0.1,1.0,0.8,1.0,1,weight,move_level,13.0
__POOL__,1,walk_forward,GFC,True,92,5,,5,0.1,1.0,0.8,1.0,1,weight,move_zscore,9.0
__POOL__,1,walk_forward,GFC,True,92,5,,5,0.1,1.0,0.8,1.0,1,weight,vix_level,14.0
__POOL__,1,walk_forward,GFC,True,92,5,,5,0.1,1.0,0.8,1.0,1,weight,vix_zscore,32.0
__POOL__,1,walk_forward,GFC,True,92,5,,5,0.1,1.0,0.8,1.0,1,weight,v2x_level,17.0
__POOL__,1,walk_forward,GFC,True,92,5,,5,0.1,1.0,0.8,1.0,1,weight,vxn_level,20.0
__POOL__,1,walk_forward,GFC,True,92,5,,5,0.1,1.0,0.8,1.0,1,weight,ovx_level,17.0
__POOL__,1,walk_forward,GFC,True,92,5,,5,0.1,1.0,0.8,1.0,1,weight,gvz_level,24.0
__POOL__,1,walk_forward,GFC,True,92,5,,5,0.1,1.0,0.8,1.0,1,weight,spx_mom_1m,23.0
__POOL__,1,walk_forward,GFC,True,92,5,,5,0.1,1.0,0.8,1.0,1,weight,spx_mom_3m,39.0
__POOL__,1,walk_forward,GFC,True,92,5,,5,0.1,1.0,0.8,1.0,1,weight,sx5e_mom_1m,19.0
__POOL__,1,walk_forward,GFC,True,92,5,,5,0.1,1.0,0.8,1.0,1,weight,sx5e_mom_3m,15.0
__POOL__,1,walk_forward,GFC,True,92,5,,5,0.1,1.0,0.8,1.0,1,weight,mxwo_mom_1m,7.0
__POOL__,1,walk_forward,GFC,True,92,5,,5,0.1,1.0,0.8,1.0,1,weight,ndx_mom_1m,13.0
__POOL__,1,walk_forward,GFC,True,92,5,,5,0.1,1.0,0.8,1.0,1,weight,oil_mom_1m,20.0
__POOL__,1,walk_forward,GFC,True,92,5,,5,0.1,1.0,0.8,1.0,1,weight,oil_mom_3m,24.0
__POOL__,1,walk_forward,GFC,True,92,5,,5,0.1,1.0,0.8,1.0,1,weight,copper_mom_1m,18.0
__POOL__,1,walk_forward,GFC,True,92,5,,5,0.1,1.0,0.8,1.0,1,weight,opec_prod,12.0
__POOL__,1,walk_forward,GFC,True,92,5,,5,0.1,1.0,0.8,1.0,1,weight,natgas_mom_1m,0.0
__POOL__,1,walk_forward,GFC,True,92,5,,5,0.1,1.0,0.8,1.0,1,weight,be5y_level,5.0
__POOL__,1,walk_forward,GFC,True,92,5,,5,0.1,1.0,0.8,1.0,1,weight,be10y_level,10.0
__POOL__,1,walk_forward,GFC,True,92,5,,5,0.1,1.0,0.8,1.0,1,weight,be_slope,8.0
__POOL__,1,walk_forward,GFC,True,92,5,,5,0.1,1.0,0.8,1.0,1,weight,be5y_chg_1m,4.0
__POOL__,1,walk_forward,GFC,True,92,5,,5,0.1,1.0,0.8,1.0,1,weight,ig_spread,0.0
__POOL__,1,walk_forward,GFC,True,92,5,,5,0.1,1.0,0.8,1.0,1,weight,hy_spread,0.0
__POOL__,1,walk_forward,GFC,True,92,5,,5,0.1,1.0,0.8,1.0,1,weight,ig_chg_1m,0.0
__POOL__,1,walk_forward,GFC,True,92,5,,5,0.1,1.0,0.8,1.0,1,weight,hy_chg_1m,0.0
__POOL__,1,walk_forward,GFC,True,92,5,,5,0.1,1.0,0.8,1.0,1,weight,cpi_yoy,0.0
__POOL__,1,walk_forward,GFC,True,92,5,,5,0.1,1.0,0.8,1.0,1,weight,pce_core_chg,5.0
__POOL__,1,walk_forward,GFC,True,92,5,,5,0.1,1.0,0.8,1.0,1,weight,nfp_change,11.0
__POOL__,1,walk_forward,GFC,True,92,5,,5,0.1,1.0,0.8,1.0,1,weight,pmi_us,5.0
__POOL__,1,walk_forward,GFC,True,92,5,,5,0.1,1.0,0.8,1.0,1,weight,pmi_eur,3.0
__POOL__,1,walk_forward,GFC,True,92,5,,5,0.1,1.0,0.8,1.0,1,weight,unemp_eur,0.0
__POOL__,1,walk_forward,GFC,True,92,5,,5,0.1,1.0,0.8,1.0,1,weight,cpi_nsa_level,32.0
__POOL__,1,walk_forward,GFC,True,92,5,,5,0.1,1.0,0.8,1.0,1,weight,pce_core_level,7.0
__POOL__,1,walk_forward,GFC,True,92,5,,5,0.1,1.0,0.8,1.0,1,weight,eur_3m,18.0
__POOL__,1,walk_forward,GFC,True,92,5,,5,0.1,1.0,0.8,1.0,1,weight,eur_1w,12.0
__POOL__,1,walk_forward,GFC,True,92,5,,5,0.1,1.0,0.8,1.0,1,weight,nor_ibor_1m,18.0
__POOL__,1,walk_forward,GFC,True,92,5,,5,0.1,1.0,0.8,1.0,1,weight,nor_ibor_6m,4.0
__POOL__,1,walk_forward,GFC,True,92,5,,5,0.1,1.0,0.8,1.0,1,weight,xmpca_01,12.0
__POOL__,1,walk_forward,GFC,True,92,5,,5,0.1,1.0,0.8,1.0,1,weight,xmpca_02,11.0
__POOL__,1,walk_forward,GFC,True,92,5,,5,0.1,1.0,0.8,1.0,1,weight,xmpca_03,16.0
__POOL__,1,walk_forward,GFC,True,92,5,,5,0.1,1.0,0.8,1.0,1,weight,xmpca_04,23.0
__POOL__,1,walk_forward,GFC,True,92,5,,5,0.1,1.0,0.8,1.0,1,weight,xmpca_05,12.0
__POOL__,1,walk_forward,GFC,True,92,5,,5,0.1,1.0,0.8,1.0,1,weight,xmpca_06,13.0
__POOL__,1,walk_forward,GFC,True,92,5,,5,0.1,1.0,0.8,1.0,1,weight,xmpca_07,25.0
__POOL__,1,walk_forward,GFC,True,92,5,,5,0.1,1.0,0.8,1.0,1,weight,xmpca_08,5.0
__POOL__,1,walk_forward,GFC,True,92,5,,5,0.1,1.0,0.8,1.0,1,weight,xmpca_09,12.0
__POOL__,1,walk_forward,GFC,True,92,5,,5,0.1,1.0,0.8,1.0,1,weight,xmpca_10,9.0
__POOL__,1,walk_forward,GFC,True,92,5,,5,0.1,1.0,0.8,1.0,1,weight,xmpca_11,18.0
__POOL__,1,walk_forward,GFC,True,92,5,,5,0.1,1.0,0.8,1.0,1,weight,xmpca_12,6.0
__POOL__,1,walk_forward,GFC,True,92,5,,5,0.1,1.0,0.8,1.0,1,weight,security,298.0
__POOL__,1,walk_forward,GFC,True,92,5,,5,0.1,1.0,0.8,1.0,1,weight,country,13.0
__POOL__,1,walk_forward,GFC,True,92,5,,5,0.1,1.0,0.8,1.0,1,weight,maturity,8.0
__POOL__,1,walk_forward,GFC,True,92,5,,5,0.1,1.0,0.8,1.0,1,cover,chg_lag1,3437.35302734375
__POOL__,1,walk_forward,GFC,True,92,5,,5,0.1,1.0,0.8,1.0,1,cover,chg_lag2,2046.0833740234375
__POOL__,1,walk_forward,GFC,True,92,5,,5,0.1,1.0,0.8,1.0,1,cover,chg_lag3,12263.0
__POOL__,1,walk_forward,GFC,True,92,5,,5,0.1,1.0,0.8,1.0,1,cover,chg_lag4,3225.037841796875
__POOL__,1,walk_forward,GFC,True,92,5,,5,0.1,1.0,0.8,1.0,1,cover,chg_lag5,7787.65234375
__POOL__,1,walk_forward,GFC,True,92,5,,5,0.1,1.0,0.8,1.0,1,cover,carry_roll,487.6444396972656
__POOL__,1,walk_forward,GFC,True,92,5,,5,0.1,1.0,0.8,1.0,1,cover,mom_63d,23154.33984375
__POOL__,1,walk_forward,GFC,True,92,5,,5,0.1,1.0,0.8,1.0,1,cover,mom_1m,7088.15380859375
__POOL__,1,walk_forward,GFC,True,92,5,,5,0.1,1.0,0.8,1.0,1,cover,mom_3m,22643.158203125
__POOL__,1,walk_forward,GFC,True,92,5,,5,0.1,1.0,0.8,1.0,1,cover,mom_6m,25471.5546875
__POOL__,1,walk_forward,GFC,True,92,5,,5,0.1,1.0,0.8,1.0,1,cover,mom_12m,23208.974609375
__POOL__,1,walk_forward,GFC,True,92,5,,5,0.1,1.0,0.8,1.0,1,cover,dev_ma_3m,22414.982421875
__POOL__,1,walk_forward,GFC,True,92,5,,5,0.1,1.0,0.8,1.0,1,cover,dev_ma_12m,13192.3046875
__POOL__,1,walk_forward,GFC,True,92,5,,5,0.1,1.0,0.8,1.0,1,cover,vol_20d,21117.314453125
__POOL__,1,walk_forward,GFC,True,92,5,,5,0.1,1.0,0.8,1.0,1,cover,vol_regime,0.0
__POOL__,1,walk_forward,GFC,True,92,5,,5,0.1,1.0,0.8,1.0,1,cover,vol_zscore,1739.034423828125
__POOL__,1,walk_forward,GFC,True,92,5,,5,0.1,1.0,0.8,1.0,1,cover,level_zscore,5683.36865234375
__POOL__,1,walk_forward,GFC,True,92,5,,5,0.1,1.0,0.8,1.0,1,cover,slope_10_1,460.95001220703125
__POOL__,1,walk_forward,GFC,True,92,5,,5,0.1,1.0,0.8,1.0,1,cover,slope_10_5,3478.173828125
__POOL__,1,walk_forward,GFC,True,92,5,,5,0.1,1.0,0.8,1.0,1,cover,slope_5_1,11085.7998046875
__POOL__,1,walk_forward,GFC,True,92,5,,5,0.1,1.0,0.8,1.0,1,cover,sofr_mom_1m,14828.3203125
__POOL__,1,walk_forward,GFC,True,92,5,,5,0.1,1.0,0.8,1.0,1,cover,ibor_level,3169.0
__POOL__,1,walk_forward,GFC,True,92,5,,5,0.1,1.0,0.8,1.0,1,cover,ibor_chg_1d,6108.56396484375
__POOL__,1,walk_forward,GFC,True,92,5,,5,0.1,1.0,0.8,1.0,1,cover,ibor_mom_1m,12485.75
__POOL__,1,walk_forward,GFC,True,92,5,,5,0.1,1.0,0.8,1.0,1,cover,ibor_term_slope,16917.0
__POOL__,1,walk_forward,GFC,True,92,5,,5,0.1,1.0,0.8,1.0,1,cover,swap_ibor_basis,7356.0
__POOL__,1,walk_forward,GFC,True,92,5,,5,0.1,1.0,0.8,1.0,1,cover,move_level,10768.0
__POOL__,1,walk_forward,GFC,True,92,5,,5,0.1,1.0,0.8,1.0,1,cover,move_zscore,37861.0
__POOL__,1,walk_forward,GFC,True,92,5,,5,0.1,1.0,0.8,1.0,1,cover,vix_level,28878.427734375
__POOL__,1,walk_forward,GFC,True,92,5,,5,0.1,1.0,0.8,1.0,1,cover,vix_zscore,5674.65625
__POOL__,1,walk_forward,GFC,True,92,5,,5,0.1,1.0,0.8,1.0,1,cover,v2x_level,4644.17626953125
__POOL__,1,walk_forward,GFC,True,92,5,,5,0.1,1.0,0.8,1.0,1,cover,vxn_level,11791.0498046875
__POOL__,1,walk_forward,GFC,True,92,5,,5,0.1,1.0,0.8,1.0,1,cover,ovx_level,8271.0
__POOL__,1,walk_forward,GFC,True,92,5,,5,0.1,1.0,0.8,1.0,1,cover,gvz_level,17134.291015625
__POOL__,1,walk_forward,GFC,True,92,5,,5,0.1,1.0,0.8,1.0,1,cover,spx_mom_1m,17920.26171875
__POOL__,1,walk_forward,GFC,True,92,5,,5,0.1,1.0,0.8,1.0,1,cover,spx_mom_3m,15776.23046875
__POOL__,1,walk_forward,GFC,True,92,5,,5,0.1,1.0,0.8,1.0,1,cover,sx5e_mom_1m,10505.6318359375
__POOL__,1,walk_forward,GFC,True,92,5,,5,0.1,1.0,0.8,1.0,1,cover,sx5e_mom_3m,13199.7333984375
__POOL__,1,walk_forward,GFC,True,92,5,,5,0.1,1.0,0.8,1.0,1,cover,mxwo_mom_1m,4922.0
__POOL__,1,walk_forward,GFC,True,92,5,,5,0.1,1.0,0.8,1.0,1,cover,ndx_mom_1m,11221.384765625
__POOL__,1,walk_forward,GFC,True,92,5,,5,0.1,1.0,0.8,1.0,1,cover,oil_mom_1m,16414.05078125
__POOL__,1,walk_forward,GFC,True,92,5,,5,0.1,1.0,0.8,1.0,1,cover,oil_mom_3m,17494.416015625
__POOL__,1,walk_forward,GFC,True,92,5,,5,0.1,1.0,0.8,1.0,1,cover,copper_mom_1m,15139.77734375
__POOL__,1,walk_forward,GFC,True,92,5,,5,0.1,1.0,0.8,1.0,1,cover,opec_prod,27293.833984375
__POOL__,1,walk_forward,GFC,True,92,5,,5,0.1,1.0,0.8,1.0,1,cover,natgas_mom_1m,0.0
__POOL__,1,walk_forward,GFC,True,92,5,,5,0.1,1.0,0.8,1.0,1,cover,be5y_level,13347.2001953125
__POOL__,1,walk_forward,GFC,True,92,5,,5,0.1,1.0,0.8,1.0,1,cover,be10y_level,19761.400390625
__POOL__,1,walk_forward,GFC,True,92,5,,5,0.1,1.0,0.8,1.0,1,cover,be_slope,8568.375
__POOL__,1,walk_forward,GFC,True,92,5,,5,0.1,1.0,0.8,1.0,1,cover,be5y_chg_1m,22663.5
__POOL__,1,walk_forward,GFC,True,92,5,,5,0.1,1.0,0.8,1.0,1,cover,ig_spread,0.0
__POOL__,1,walk_forward,GFC,True,92,5,,5,0.1,1.0,0.8,1.0,1,cover,hy_spread,0.0
__POOL__,1,walk_forward,GFC,True,92,5,,5,0.1,1.0,0.8,1.0,1,cover,ig_chg_1m,0.0
__POOL__,1,walk_forward,GFC,True,92,5,,5,0.1,1.0,0.8,1.0,1,cover,hy_chg_1m,0.0
__POOL__,1,walk_forward,GFC,True,92,5,,5,0.1,1.0,0.8,1.0,1,cover,cpi_yoy,0.0
__POOL__,1,walk_forward,GFC,True,92,5,,5,0.1,1.0,0.8,1.0,1,cover,pce_core_chg,4098.60009765625
__POOL__,1,walk_forward,GFC,True,92,5,,5,0.1,1.0,0.8,1.0,1,cover,nfp_change,3377.9091796875
__POOL__,1,walk_forward,GFC,True,92,5,,5,0.1,1.0,0.8,1.0,1,cover,pmi_us,10171.0
__POOL__,1,walk_forward,GFC,True,92,5,,5,0.1,1.0,0.8,1.0,1,cover,pmi_eur,143.6666717529297
__POOL__,1,walk_forward,GFC,True,92,5,,5,0.1,1.0,0.8,1.0,1,cover,unemp_eur,0.0
__POOL__,1,walk_forward,GFC,True,92,5,,5,0.1,1.0,0.8,1.0,1,cover,cpi_nsa_level,4292.65625
__POOL__,1,walk_forward,GFC,True,92,5,,5,0.1,1.0,0.8,1.0,1,cover,pce_core_level,621.8571166992188
__POOL__,1,walk_forward,GFC,True,92,5,,5,0.1,1.0,0.8,1.0,1,cover,eur_3m,21736.22265625
__POOL__,1,walk_forward,GFC,True,92,5,,5,0.1,1.0,0.8,1.0,1,cover,eur_1w,9912.5830078125
__POOL__,1,walk_forward,GFC,True,92,5,,5,0.1,1.0,0.8,1.0,1,cover,nor_ibor_1m,14561.77734375
__POOL__,1,walk_forward,GFC,True,92,5,,5,0.1,1.0,0.8,1.0,1,cover,nor_ibor_6m,9504.5
__POOL__,1,walk_forward,GFC,True,92,5,,5,0.1,1.0,0.8,1.0,1,cover,xmpca_01,21304.333984375
__POOL__,1,walk_forward,GFC,True,92,5,,5,0.1,1.0,0.8,1.0,1,cover,xmpca_02,24013.36328125
__POOL__,1,walk_forward,GFC,True,92,5,,5,0.1,1.0,0.8,1.0,1,cover,xmpca_03,13087.25
__POOL__,1,walk_forward,GFC,True,92,5,,5,0.1,1.0,0.8,1.0,1,cover,xmpca_04,20203.6953125
__POOL__,1,walk_forward,GFC,True,92,5,,5,0.1,1.0,0.8,1.0,1,cover,xmpca_05,14984.8330078125
__POOL__,1,walk_forward,GFC,True,92,5,,5,0.1,1.0,0.8,1.0,1,cover,xmpca_06,25065.76953125
__POOL__,1,walk_forward,GFC,True,92,5,,5,0.1,1.0,0.8,1.0,1,cover,xmpca_07,10662.6396484375
__POOL__,1,walk_forward,GFC,True,92,5,,5,0.1,1.0,0.8,1.0,1,cover,xmpca_08,25474.400390625
__POOL__,1,walk_forward,GFC,True,92,5,,5,0.1,1.0,0.8,1.0,1,cover,xmpca_09,27764.25
__POOL__,1,walk_forward,GFC,True,92,5,,5,0.1,1.0,0.8,1.0,1,cover,xmpca_10,8064.22216796875
__POOL__,1,walk_forward,GFC,True,92,5,,5,0.1,1.0,0.8,1.0,1,cover,xmpca_11,31247.333984375
__POOL__,1,walk_forward,GFC,True,92,5,,5,0.1,1.0,0.8,1.0,1,cover,xmpca_12,2581.5
__POOL__,1,walk_forward,GFC,True,92,5,,5,0.1,1.0,0.8,1.0,1,cover,security,2423.0771484375
__POOL__,1,walk_forward,GFC,True,92,5,,5,0.1,1.0,0.8,1.0,1,cover,country,362.1538391113281
__POOL__,1,walk_forward,GFC,True,92,5,,5,0.1,1.0,0.8,1.0,1,cover,maturity,585.875
__POOL__,1,walk_forward,GFC,True,92,5,,5,0.1,1.0,0.8,1.0,1,total_gain,chg_lag1,101.31704711914062
__POOL__,1,walk_forward,GFC,True,92,5,,5,0.1,1.0,0.8,1.0,1,total_gain,chg_lag2,20.59516716003418
__POOL__,1,walk_forward,GFC,True,92,5,,5,0.1,1.0,0.8,1.0,1,total_gain,chg_lag3,41.23892593383789
__POOL__,1,walk_forward,GFC,True,92,5,,5,0.1,1.0,0.8,1.0,1,total_gain,chg_lag4,28.86117172241211
__POOL__,1,walk_forward,GFC,True,92,5,,5,0.1,1.0,0.8,1.0,1,total_gain,chg_lag5,71.06979370117188
__POOL__,1,walk_forward,GFC,True,92,5,,5,0.1,1.0,0.8,1.0,1,total_gain,carry_roll,41.97263717651367
__POOL__,1,walk_forward,GFC,True,92,5,,5,0.1,1.0,0.8,1.0,1,total_gain,mom_63d,21.030216217041016
__POOL__,1,walk_forward,GFC,True,92,5,,5,0.1,1.0,0.8,1.0,1,total_gain,mom_1m,8.8450927734375
__POOL__,1,walk_forward,GFC,True,92,5,,5,0.1,1.0,0.8,1.0,1,total_gain,mom_3m,2.7330353260040283
__POOL__,1,walk_forward,GFC,True,92,5,,5,0.1,1.0,0.8,1.0,1,total_gain,mom_6m,193.0968017578125
__POOL__,1,walk_forward,GFC,True,92,5,,5,0.1,1.0,0.8,1.0,1,total_gain,mom_12m,152.6097869873047
__POOL__,1,walk_forward,GFC,True,92,5,,5,0.1,1.0,0.8,1.0,1,total_gain,dev_ma_3m,382.459716796875
__POOL__,1,walk_forward,GFC,True,92,5,,5,0.1,1.0,0.8,1.0,1,total_gain,dev_ma_12m,493.62060546875
__POOL__,1,walk_forward,GFC,True,92,5,,5,0.1,1.0,0.8,1.0,1,total_gain,vol_20d,18.073287963867188
__POOL__,1,walk_forward,GFC,True,92,5,,5,0.1,1.0,0.8,1.0,1,total_gain,vol_regime,0.0
__POOL__,1,walk_forward,GFC,True,92,5,,5,0.1,1.0,0.8,1.0,1,total_gain,vol_zscore,87.39524841308594
__POOL__,1,walk_forward,GFC,True,92,5,,5,0.1,1.0,0.8,1.0,1,total_gain,level_zscore,92.07270812988281
__POOL__,1,walk_forward,GFC,True,92,5,,5,0.1,1.0,0.8,1.0,1,total_gain,slope_10_1,14.8912353515625
__POOL__,1,walk_forward,GFC,True,92,5,,5,0.1,1.0,0.8,1.0,1,total_gain,slope_10_5,5.354246139526367
__POOL__,1,walk_forward,GFC,True,92,5,,5,0.1,1.0,0.8,1.0,1,total_gain,slope_5_1,34.652496337890625
__POOL__,1,walk_forward,GFC,True,92,5,,5,0.1,1.0,0.8,1.0,1,total_gain,sofr_mom_1m,92.17790222167969
__POOL__,1,walk_forward,GFC,True,92,5,,5,0.1,1.0,0.8,1.0,1,total_gain,ibor_level,26.152986526489258
__POOL__,1,walk_forward,GFC,True,92,5,,5,0.1,1.0,0.8,1.0,1,total_gain,ibor_chg_1d,5.515857219696045
__POOL__,1,walk_forward,GFC,True,92,5,,5,0.1,1.0,0.8,1.0,1,total_gain,ibor_mom_1m,3.657728910446167
__POOL__,1,walk_forward,GFC,True,92,5,,5,0.1,1.0,0.8,1.0,1,total_gain,ibor_term_slope,0.489751935005188
__POOL__,1,walk_forward,GFC,True,92,5,,5,0.1,1.0,0.8,1.0,1,total_gain,swap_ibor_basis,228.53372192382812
__POOL__,1,walk_forward,GFC,True,92,5,,5,0.1,1.0,0.8,1.0,1,total_gain,move_level,2.7397196292877197
__POOL__,1,walk_forward,GFC,True,92,5,,5,0.1,1.0,0.8,1.0,1,total_gain,move_zscore,14.828239440917969
__POOL__,1,walk_forward,GFC,True,92,5,,5,0.1,1.0,0.8,1.0,1,total_gain,vix_level,2.537740707397461
__POOL__,1,walk_forward,GFC,True,92,5,,5,0.1,1.0,0.8,1.0,1,total_gain,vix_zscore,80.72595977783203
__POOL__,1,walk_forward,GFC,True,92,5,,5,0.1,1.0,0.8,1.0,1,total_gain,v2x_level,2.236499786376953
__POOL__,1,walk_forward,GFC,True,92,5,,5,0.1,1.0,0.8,1.0,1,total_gain,vxn_level,2.6856725215911865
__POOL__,1,walk_forward,GFC,True,92,5,,5,0.1,1.0,0.8,1.0,1,total_gain,ovx_level,2.5071113109588623
__POOL__,1,walk_forward,GFC,True,92,5,,5,0.1,1.0,0.8,1.0,1,total_gain,gvz_level,64.62814331054688
__POOL__,1,walk_forward,GFC,True,92,5,,5,0.1,1.0,0.8,1.0,1,total_gain,spx_mom_1m,4.229496955871582
__POOL__,1,walk_forward,GFC,True,92,5,,5,0.1,1.0,0.8,1.0,1,total_gain,spx_mom_3m,16.792306900024414
__POOL__,1,walk_forward,GFC,True,92,5,,5,0.1,1.0,0.8,1.0,1,total_gain,sx5e_mom_1m,4.511661529541016
__POOL__,1,walk_forward,GFC,True,92,5,,5,0.1,1.0,0.8,1.0,1,total_gain,sx5e_mom_3m,5.107183933258057
__POOL__,1,walk_forward,GFC,True,92,5,,5,0.1,1.0,0.8,1.0,1,total_gain,mxwo_mom_1m,14.597854614257812
__POOL__,1,walk_forward,GFC,True,92,5,,5,0.1,1.0,0.8,1.0,1,total_gain,ndx_mom_1m,1.985796570777893
__POOL__,1,walk_forward,GFC,True,92,5,,5,0.1,1.0,0.8,1.0,1,total_gain,oil_mom_1m,4.370816707611084
__POOL__,1,walk_forward,GFC,True,92,5,,5,0.1,1.0,0.8,1.0,1,total_gain,oil_mom_3m,7.102421760559082
__POOL__,1,walk_forward,GFC,True,92,5,,5,0.1,1.0,0.8,1.0,1,total_gain,copper_mom_1m,2.8153984546661377
__POOL__,1,walk_forward,GFC,True,92,5,,5,0.1,1.0,0.8,1.0,1,total_gain,opec_prod,1.343118667602539
__POOL__,1,walk_forward,GFC,True,92,5,,5,0.1,1.0,0.8,1.0,1,total_gain,natgas_mom_1m,0.0
__POOL__,1,walk_forward,GFC,True,92,5,,5,0.1,1.0,0.8,1.0,1,total_gain,be5y_level,0.6763789653778076
__POOL__,1,walk_forward,GFC,True,92,5,,5,0.1,1.0,0.8,1.0,1,total_gain,be10y_level,1.9970979690551758
__POOL__,1,walk_forward,GFC,True,92,5,,5,0.1,1.0,0.8,1.0,1,total_gain,be_slope,2.160569190979004
__POOL__,1,walk_forward,GFC,True,92,5,,5,0.1,1.0,0.8,1.0,1,total_gain,be5y_chg_1m,1.2074930667877197
__POOL__,1,walk_forward,GFC,True,92,5,,5,0.1,1.0,0.8,1.0,1,total_gain,ig_spread,0.0
__POOL__,1,walk_forward,GFC,True,92,5,,5,0.1,1.0,0.8,1.0,1,total_gain,hy_spread,0.0
__POOL__,1,walk_forward,GFC,True,92,5,,5,0.1,1.0,0.8,1.0,1,total_gain,ig_chg_1m,0.0
__POOL__,1,walk_forward,GFC,True,92,5,,5,0.1,1.0,0.8,1.0,1,total_gain,hy_chg_1m,0.0
__POOL__,1,walk_forward,GFC,True,92,5,,5,0.1,1.0,0.8,1.0,1,total_gain,cpi_yoy,0.0
__POOL__,1,walk_forward,GFC,True,92,5,,5,0.1,1.0,0.8,1.0,1,total_gain,pce_core_chg,1.3669708967208862
__POOL__,1,walk_forward,GFC,True,92,5,,5,0.1,1.0,0.8,1.0,1,total_gain,nfp_change,4.815328598022461
__POOL__,1,walk_forward,GFC,True,92,5,,5,0.1,1.0,0.8,1.0,1,total_gain,pmi_us,0.8776654005050659
__POOL__,1,walk_forward,GFC,True,92,5,,5,0.1,1.0,0.8,1.0,1,total_gain,pmi_eur,3.302877902984619
__POOL__,1,walk_forward,GFC,True,92,5,,5,0.1,1.0,0.8,1.0,1,total_gain,unemp_eur,0.0
__POOL__,1,walk_forward,GFC,True,92,5,,5,0.1,1.0,0.8,1.0,1,total_gain,cpi_nsa_level,136.13490295410156
__POOL__,1,walk_forward,GFC,True,92,5,,5,0.1,1.0,0.8,1.0,1,total_gain,pce_core_level,15.620009422302246
__POOL__,1,walk_forward,GFC,True,92,5,,5,0.1,1.0,0.8,1.0,1,total_gain,eur_3m,3.869428873062134
__POOL__,1,walk_forward,GFC,True,92,5,,5,0.1,1.0,0.8,1.0,1,total_gain,eur_1w,147.7200164794922
__POOL__,1,walk_forward,GFC,True,92,5,,5,0.1,1.0,0.8,1.0,1,total_gain,nor_ibor_1m,15.330113410949707
__POOL__,1,walk_forward,GFC,True,92,5,,5,0.1,1.0,0.8,1.0,1,total_gain,nor_ibor_6m,3.576244592666626
__POOL__,1,walk_forward,GFC,True,92,5,,5,0.1,1.0,0.8,1.0,1,total_gain,xmpca_01,3.2045114040374756
__POOL__,1,walk_forward,GFC,True,92,5,,5,0.1,1.0,0.8,1.0,1,total_gain,xmpca_02,1.3472410440444946
__POOL__,1,walk_forward,GFC,True,92,5,,5,0.1,1.0,0.8,1.0,1,total_gain,xmpca_03,2.8556413650512695
__POOL__,1,walk_forward,GFC,True,92,5,,5,0.1,1.0,0.8,1.0,1,total_gain,xmpca_04,160.18678283691406
__POOL__,1,walk_forward,GFC,True,92,5,,5,0.1,1.0,0.8,1.0,1,total_gain,xmpca_05,1.6240006685256958
__POOL__,1,walk_forward,GFC,True,92,5,,5,0.1,1.0,0.8,1.0,1,total_gain,xmpca_06,1.700439691543579
__POOL__,1,walk_forward,GFC,True,92,5,,5,0.1,1.0,0.8,1.0,1,total_gain,xmpca_07,123.81200408935547
__POOL__,1,walk_forward,GFC,True,92,5,,5,0.1,1.0,0.8,1.0,1,total_gain,xmpca_08,23.10154151916504
__POOL__,1,walk_forward,GFC,True,92,5,,5,0.1,1.0,0.8,1.0,1,total_gain,xmpca_09,1.3946895599365234
__POOL__,1,walk_forward,GFC,True,92,5,,5,0.1,1.0,0.8,1.0,1,total_gain,xmpca_10,1.6071457862854004
__POOL__,1,walk_forward,GFC,True,92,5,,5,0.1,1.0,0.8,1.0,1,total_gain,xmpca_11,2.458308219909668
__POOL__,1,walk_forward,GFC,True,92,5,,5,0.1,1.0,0.8,1.0,1,total_gain,xmpca_12,0.5270429253578186
__POOL__,1,walk_forward,GFC,True,92,5,,5,0.1,1.0,0.8,1.0,1,total_gain,security,2164.125732421875
__POOL__,1,walk_forward,GFC,True,92,5,,5,0.1,1.0,0.8,1.0,1,total_gain,country,1.043294072151184
__POOL__,1,walk_forward,GFC,True,92,5,,5,0.1,1.0,0.8,1.0,1,total_gain,maturity,8.754356384277344
__POOL__,1,walk_forward,GFC,True,92,5,,5,0.1,1.0,0.8,1.0,1,total_cover,chg_lag1,175305.0
__POOL__,1,walk_forward,GFC,True,92,5,,5,0.1,1.0,0.8,1.0,1,total_cover,chg_lag2,73659.0
__POOL__,1,walk_forward,GFC,True,92,5,,5,0.1,1.0,0.8,1.0,1,total_cover,chg_lag3,772569.0
__POOL__,1,walk_forward,GFC,True,92,5,,5,0.1,1.0,0.8,1.0,1,total_cover,chg_lag4,170927.0
__POOL__,1,walk_forward,GFC,True,92,5,,5,0.1,1.0,0.8,1.0,1,total_cover,chg_lag5,537348.0
__POOL__,1,walk_forward,GFC,True,92,5,,5,0.1,1.0,0.8,1.0,1,total_cover,carry_roll,21944.0
__POOL__,1,walk_forward,GFC,True,92,5,,5,0.1,1.0,0.8,1.0,1,total_cover,mom_63d,1227180.0
__POOL__,1,walk_forward,GFC,True,92,5,,5,0.1,1.0,0.8,1.0,1,total_cover,mom_1m,368584.0
__POOL__,1,walk_forward,GFC,True,92,5,,5,0.1,1.0,0.8,1.0,1,total_cover,mom_3m,430220.0
__POOL__,1,walk_forward,GFC,True,92,5,,5,0.1,1.0,0.8,1.0,1,total_cover,mom_6m,687732.0
__POOL__,1,walk_forward,GFC,True,92,5,,5,0.1,1.0,0.8,1.0,1,total_cover,mom_12m,928359.0
__POOL__,1,walk_forward,GFC,True,92,5,,5,0.1,1.0,0.8,1.0,1,total_cover,dev_ma_3m,1277654.0
__POOL__,1,walk_forward,GFC,True,92,5,,5,0.1,1.0,0.8,1.0,1,total_cover,dev_ma_12m,778346.0
__POOL__,1,walk_forward,GFC,True,92,5,,5,0.1,1.0,0.8,1.0,1,total_cover,vol_20d,1140335.0
__POOL__,1,walk_forward,GFC,True,92,5,,5,0.1,1.0,0.8,1.0,1,total_cover,vol_regime,0.0
__POOL__,1,walk_forward,GFC,True,92,5,,5,0.1,1.0,0.8,1.0,1,total_cover,vol_zscore,50432.0
__POOL__,1,walk_forward,GFC,True,92,5,,5,0.1,1.0,0.8,1.0,1,total_cover,level_zscore,215968.0
__POOL__,1,walk_forward,GFC,True,92,5,,5,0.1,1.0,0.8,1.0,1,total_cover,slope_10_1,9219.0
__POOL__,1,walk_forward,GFC,True,92,5,,5,0.1,1.0,0.8,1.0,1,total_cover,slope_10_5,79998.0
__POOL__,1,walk_forward,GFC,True,92,5,,5,0.1,1.0,0.8,1.0,1,total_cover,slope_5_1,332574.0
__POOL__,1,walk_forward,GFC,True,92,5,,5,0.1,1.0,0.8,1.0,1,total_cover,sofr_mom_1m,741416.0
__POOL__,1,walk_forward,GFC,True,92,5,,5,0.1,1.0,0.8,1.0,1,total_cover,ibor_level,110915.0
__POOL__,1,walk_forward,GFC,True,92,5,,5,0.1,1.0,0.8,1.0,1,total_cover,ibor_chg_1d,238234.0
__POOL__,1,walk_forward,GFC,True,92,5,,5,0.1,1.0,0.8,1.0,1,total_cover,ibor_mom_1m,399544.0
__POOL__,1,walk_forward,GFC,True,92,5,,5,0.1,1.0,0.8,1.0,1,total_cover,ibor_term_slope,135336.0
__POOL__,1,walk_forward,GFC,True,92,5,,5,0.1,1.0,0.8,1.0,1,total_cover,swap_ibor_basis,264816.0
__POOL__,1,walk_forward,GFC,True,92,5,,5,0.1,1.0,0.8,1.0,1,total_cover,move_level,139984.0
__POOL__,1,walk_forward,GFC,True,92,5,,5,0.1,1.0,0.8,1.0,1,total_cover,move_zscore,340749.0
__POOL__,1,walk_forward,GFC,True,92,5,,5,0.1,1.0,0.8,1.0,1,total_cover,vix_level,404298.0
__POOL__,1,walk_forward,GFC,True,92,5,,5,0.1,1.0,0.8,1.0,1,total_cover,vix_zscore,181589.0
__POOL__,1,walk_forward,GFC,True,92,5,,5,0.1,1.0,0.8,1.0,1,total_cover,v2x_level,78951.0
__POOL__,1,walk_forward,GFC,True,92,5,,5,0.1,1.0,0.8,1.0,1,total_cover,vxn_level,235821.0
__POOL__,1,walk_forward,GFC,True,92,5,,5,0.1,1.0,0.8,1.0,1,total_cover,ovx_level,140607.0
__POOL__,1,walk_forward,GFC,True,92,5,,5,0.1,1.0,0.8,1.0,1,total_cover,gvz_level,411223.0
__POOL__,1,walk_forward,GFC,True,92,5,,5,0.1,1.0,0.8,1.0,1,total_cover,spx_mom_1m,412166.0
__POOL__,1,walk_forward,GFC,True,92,5,,5,0.1,1.0,0.8,1.0,1,total_cover,spx_mom_3m,615273.0
__POOL__,1,walk_forward,GFC,True,92,5,,5,0.1,1.0,0.8,1.0,1,total_cover,sx5e_mom_1m,199607.0
__POOL__,1,walk_forward,GFC,True,92,5,,5,0.1,1.0,0.8,1.0,1,total_cover,sx5e_mom_3m,197996.0
__POOL__,1,walk_forward,GFC,True,92,5,,5,0.1,1.0,0.8,1.0,1,total_cover,mxwo_mom_1m,34454.0
__POOL__,1,walk_forward,GFC,True,92,5,,5,0.1,1.0,0.8,1.0,1,total_cover,ndx_mom_1m,145878.0
__POOL__,1,walk_forward,GFC,True,92,5,,5,0.1,1.0,0.8,1.0,1,total_cover,oil_mom_1m,328281.0
__POOL__,1,walk_forward,GFC,True,92,5,,5,0.1,1.0,0.8,1.0,1,total_cover,oil_mom_3m,419866.0
__POOL__,1,walk_forward,GFC,True,92,5,,5,0.1,1.0,0.8,1.0,1,total_cover,copper_mom_1m,272516.0
__POOL__,1,walk_forward,GFC,True,92,5,,5,0.1,1.0,0.8,1.0,1,total_cover,opec_prod,327526.0
__POOL__,1,walk_forward,GFC,True,92,5,,5,0.1,1.0,0.8,1.0,1,total_cover,natgas_mom_1m,0.0
__POOL__,1,walk_forward,GFC,True,92,5,,5,0.1,1.0,0.8,1.0,1,total_cover,be5y_level,66736.0
__POOL__,1,walk_forward,GFC,True,92,5,,5,0.1,1.0,0.8,1.0,1,total_cover,be10y_level,197614.0
__POOL__,1,walk_forward,GFC,True,92,5,,5,0.1,1.0,0.8,1.0,1,total_cover,be_slope,68547.0
__POOL__,1,walk_forward,GFC,True,92,5,,5,0.1,1.0,0.8,1.0,1,total_cover,be5y_chg_1m,90654.0
__POOL__,1,walk_forward,GFC,True,92,5,,5,0.1,1.0,0.8,1.0,1,total_cover,ig_spread,0.0
__POOL__,1,walk_forward,GFC,True,92,5,,5,0.1,1.0,0.8,1.0,1,total_cover,hy_spread,0.0
__POOL__,1,walk_forward,GFC,True,92,5,,5,0.1,1.0,0.8,1.0,1,total_cover,ig_chg_1m,0.0
__POOL__,1,walk_forward,GFC,True,92,5,,5,0.1,1.0,0.8,1.0,1,total_cover,hy_chg_1m,0.0
__POOL__,1,walk_forward,GFC,True,92,5,,5,0.1,1.0,0.8,1.0,1,total_cover,cpi_yoy,0.0
__POOL__,1,walk_forward,GFC,True,92,5,,5,0.1,1.0,0.8,1.0,1,total_cover,pce_core_chg,20493.0
__POOL__,1,walk_forward,GFC,True,92,5,,5,0.1,1.0,0.8,1.0,1,total_cover,nfp_change,37157.0
__POOL__,1,walk_forward,GFC,True,92,5,,5,0.1,1.0,0.8,1.0,1,total_cover,pmi_us,50855.0
__POOL__,1,walk_forward,GFC,True,92,5,,5,0.1,1.0,0.8,1.0,1,total_cover,pmi_eur,431.0
__POOL__,1,walk_forward,GFC,True,92,5,,5,0.1,1.0,0.8,1.0,1,total_cover,unemp_eur,0.0
__POOL__,1,walk_forward,GFC,True,92,5,,5,0.1,1.0,0.8,1.0,1,total_cover,cpi_nsa_level,137365.0
__POOL__,1,walk_forward,GFC,True,92,5,,5,0.1,1.0,0.8,1.0,1,total_cover,pce_core_level,4353.0
__POOL__,1,walk_forward,GFC,True,92,5,,5,0.1,1.0,0.8,1.0,1,total_cover,eur_3m,391252.0
__POOL__,1,walk_forward,GFC,True,92,5,,5,0.1,1.0,0.8,1.0,1,total_cover,eur_1w,118951.0
__POOL__,1,walk_forward,GFC,True,92,5,,5,0.1,1.0,0.8,1.0,1,total_cover,nor_ibor_1m,262112.0
__POOL__,1,walk_forward,GFC,True,92,5,,5,0.1,1.0,0.8,1.0,1,total_cover,nor_ibor_6m,38018.0
__POOL__,1,walk_forward,GFC,True,92,5,,5,0.1,1.0,0.8,1.0,1,total_cover,xmpca_01,255652.0
__POOL__,1,walk_forward,GFC,True,92,5,,5,0.1,1.0,0.8,1.0,1,total_cover,xmpca_02,264147.0
__POOL__,1,walk_forward,GFC,True,92,5,,5,0.1,1.0,0.8,1.0,1,total_cover,xmpca_03,209396.0
__POOL__,1,walk_forward,GFC,True,92,5,,5,0.1,1.0,0.8,1.0,1,total_cover,xmpca_04,464685.0
__POOL__,1,walk_forward,GFC,True,92,5,,5,0.1,1.0,0.8,1.0,1,total_cover,xmpca_05,179818.0
__POOL__,1,walk_forward,GFC,True,92,5,,5,0.1,1.0,0.8,1.0,1,total_cover,xmpca_06,325855.0
__POOL__,1,walk_forward,GFC,True,92,5,,5,0.1,1.0,0.8,1.0,1,total_cover,xmpca_07,266566.0
__POOL__,1,walk_forward,GFC,True,92,5,,5,0.1,1.0,0.8,1.0,1,total_cover,xmpca_08,127372.0
__POOL__,1,walk_forward,GFC,True,92,5,,5,0.1,1.0,0.8,1.0,1,total_cover,xmpca_09,333171.0
__POOL__,1,walk_forward,GFC,True,92,5,,5,0.1,1.0,0.8,1.0,1,total_cover,xmpca_10,72578.0
__POOL__,1,walk_forward,GFC,True,92,5,,5,0.1,1.0,0.8,1.0,1,total_cover,xmpca_11,562452.0
__POOL__,1,walk_forward,GFC,True,92,5,,5,0.1,1.0,0.8,1.0,1,total_cover,xmpca_12,15489.0
__POOL__,1,walk_forward,GFC,True,92,5,,5,0.1,1.0,0.8,1.0,1,total_cover,security,722077.0
__POOL__,1,walk_forward,GFC,True,92,5,,5,0.1,1.0,0.8,1.0,1,total_cover,country,4708.0
__POOL__,1,walk_forward,GFC,True,92,5,,5,0.1,1.0,0.8,1.0,1,total_cover,maturity,4687.0
__POOL__,1,walk_forward,GFC,True,92,5,,5,0.1,1.0,0.8,1.0,1,shap_mean_abs,chg_lag1,0.0011630351655185223
__POOL__,1,walk_forward,GFC,True,92,5,,5,0.1,1.0,0.8,1.0,1,shap_mean_abs,chg_lag2,6.816055247327313e-05
__POOL__,1,walk_forward,GFC,True,92,5,,5,0.1,1.0,0.8,1.0,1,shap_mean_abs,chg_lag3,0.0006778314709663391
__POOL__,1,walk_forward,GFC,True,92,5,,5,0.1,1.0,0.8,1.0,1,shap_mean_abs,chg_lag4,0.0003398389380890876
__POOL__,1,walk_forward,GFC,True,92,5,,5,0.1,1.0,0.8,1.0,1,shap_mean_abs,chg_lag5,0.0004737958952318877
__POOL__,1,walk_forward,GFC,True,92,5,,5,0.1,1.0,0.8,1.0,1,shap_mean_abs,carry_roll,0.0005949275218881667
__POOL__,1,walk_forward,GFC,True,92,5,,5,0.1,1.0,0.8,1.0,1,shap_mean_abs,mom_63d,0.0042055281810462475
__POOL__,1,walk_forward,GFC,True,92,5,,5,0.1,1.0,0.8,1.0,1,shap_mean_abs,mom_1m,0.00034428192884661257
__POOL__,1,walk_forward,GFC,True,92,5,,5,0.1,1.0,0.8,1.0,1,shap_mean_abs,mom_3m,0.00057931401534006
__POOL__,1,walk_forward,GFC,True,92,5,,5,0.1,1.0,0.8,1.0,1,shap_mean_abs,mom_6m,0.005623764358460903
__POOL__,1,walk_forward,GFC,True,92,5,,5,0.1,1.0,0.8,1.0,1,shap_mean_abs,mom_12m,0.009496307000517845
__POOL__,1,walk_forward,GFC,True,92,5,,5,0.1,1.0,0.8,1.0,1,shap_mean_abs,dev_ma_3m,0.007455493789166212
__POOL__,1,walk_forward,GFC,True,92,5,,5,0.1,1.0,0.8,1.0,1,shap_mean_abs,dev_ma_12m,0.007599571719765663
__POOL__,1,walk_forward,GFC,True,92,5,,5,0.1,1.0,0.8,1.0,1,shap_mean_abs,vol_20d,0.0017080109100788832
__POOL__,1,walk_forward,GFC,True,92,5,,5,0.1,1.0,0.8,1.0,1,shap_mean_abs,vol_regime,0.0
__POOL__,1,walk_forward,GFC,True,92,5,,5,0.1,1.0,0.8,1.0,1,shap_mean_abs,vol_zscore,0.0013717946130782366
__POOL__,1,walk_forward,GFC,True,92,5,,5,0.1,1.0,0.8,1.0,1,shap_mean_abs,level_zscore,0.0038390199188143015
__POOL__,1,walk_forward,GFC,True,92,5,,5,0.1,1.0,0.8,1.0,1,shap_mean_abs,slope_10_1,0.0006081762257963419
__POOL__,1,walk_forward,GFC,True,92,5,,5,0.1,1.0,0.8,1.0,1,shap_mean_abs,slope_10_5,0.0013508767588064075
__POOL__,1,walk_forward,GFC,True,92,5,,5,0.1,1.0,0.8,1.0,1,shap_mean_abs,slope_5_1,0.0017334888689219952
__POOL__,1,walk_forward,GFC,True,92,5,,5,0.1,1.0,0.8,1.0,1,shap_mean_abs,sofr_mom_1m,0.0017581802094355226
__POOL__,1,walk_forward,GFC,True,92,5,,5,0.1,1.0,0.8,1.0,1,shap_mean_abs,ibor_level,0.00017760552873369306
__POOL__,1,walk_forward,GFC,True,92,5,,5,0.1,1.0,0.8,1.0,1,shap_mean_abs,ibor_chg_1d,0.000319949904223904
__POOL__,1,walk_forward,GFC,True,92,5,,5,0.1,1.0,0.8,1.0,1,shap_mean_abs,ibor_mom_1m,0.0002027302689384669
__POOL__,1,walk_forward,GFC,True,92,5,,5,0.1,1.0,0.8,1.0,1,shap_mean_abs,ibor_term_slope,8.830989099806175e-05
__POOL__,1,walk_forward,GFC,True,92,5,,5,0.1,1.0,0.8,1.0,1,shap_mean_abs,swap_ibor_basis,0.0008144574821926653
__POOL__,1,walk_forward,GFC,True,92,5,,5,0.1,1.0,0.8,1.0,1,shap_mean_abs,move_level,0.00032395971356891096
__POOL__,1,walk_forward,GFC,True,92,5,,5,0.1,1.0,0.8,1.0,1,shap_mean_abs,move_zscore,0.0006798177491873503
__POOL__,1,walk_forward,GFC,True,92,5,,5,0.1,1.0,0.8,1.0,1,shap_mean_abs,vix_level,0.0005922472337260842
__POOL__,1,walk_forward,GFC,True,92,5,,5,0.1,1.0,0.8,1.0,1,shap_mean_abs,vix_zscore,0.000529377837665379
__POOL__,1,walk_forward,GFC,True,92,5,,5,0.1,1.0,0.8,1.0,1,shap_mean_abs,v2x_level,0.00036223334609530866
__POOL__,1,walk_forward,GFC,True,92,5,,5,0.1,1.0,0.8,1.0,1,shap_mean_abs,vxn_level,0.000341531092999503
__POOL__,1,walk_forward,GFC,True,92,5,,5,0.1,1.0,0.8,1.0,1,shap_mean_abs,ovx_level,0.00035740132443606853
__POOL__,1,walk_forward,GFC,True,92,5,,5,0.1,1.0,0.8,1.0,1,shap_mean_abs,gvz_level,0.0008261938928626478
__POOL__,1,walk_forward,GFC,True,92,5,,5,0.1,1.0,0.8,1.0,1,shap_mean_abs,spx_mom_1m,0.0011009796289727092
__POOL__,1,walk_forward,GFC,True,92,5,,5,0.1,1.0,0.8,1.0,1,shap_mean_abs,spx_mom_3m,0.001425594906322658
__POOL__,1,walk_forward,GFC,True,92,5,,5,0.1,1.0,0.8,1.0,1,shap_mean_abs,sx5e_mom_1m,0.0005502129788510501
__POOL__,1,walk_forward,GFC,True,92,5,,5,0.1,1.0,0.8,1.0,1,shap_mean_abs,sx5e_mom_3m,0.0005034020869061351
__POOL__,1,walk_forward,GFC,True,92,5,,5,0.1,1.0,0.8,1.0,1,shap_mean_abs,mxwo_mom_1m,0.00015111721586436033
__POOL__,1,walk_forward,GFC,True,92,5,,5,0.1,1.0,0.8,1.0,1,shap_mean_abs,ndx_mom_1m,0.00015971425455063581
__POOL__,1,walk_forward,GFC,True,92,5,,5,0.1,1.0,0.8,1.0,1,shap_mean_abs,oil_mom_1m,0.00034918851451948285
__POOL__,1,walk_forward,GFC,True,92,5,,5,0.1,1.0,0.8,1.0,1,shap_mean_abs,oil_mom_3m,0.0012161174090579152
__POOL__,1,walk_forward,GFC,True,92,5,,5,0.1,1.0,0.8,1.0,1,shap_mean_abs,copper_mom_1m,0.0005247853696346283
__POOL__,1,walk_forward,GFC,True,92,5,,5,0.1,1.0,0.8,1.0,1,shap_mean_abs,opec_prod,0.00010191581532126293
__POOL__,1,walk_forward,GFC,True,92,5,,5,0.1,1.0,0.8,1.0,1,shap_mean_abs,natgas_mom_1m,0.0
__POOL__,1,walk_forward,GFC,True,92,5,,5,0.1,1.0,0.8,1.0,1,shap_mean_abs,be5y_level,7.44774442864582e-05
__POOL__,1,walk_forward,GFC,True,92,5,,5,0.1,1.0,0.8,1.0,1,shap_mean_abs,be10y_level,5.993196464260109e-05
__POOL__,1,walk_forward,GFC,True,92,5,,5,0.1,1.0,0.8,1.0,1,shap_mean_abs,be_slope,3.313719207653776e-05
__POOL__,1,walk_forward,GFC,True,92,5,,5,0.1,1.0,0.8,1.0,1,shap_mean_abs,be5y_chg_1m,3.7959332985337824e-05
__POOL__,1,walk_forward,GFC,True,92,5,,5,0.1,1.0,0.8,1.0,1,shap_mean_abs,ig_spread,0.0
__POOL__,1,walk_forward,GFC,True,92,5,,5,0.1,1.0,0.8,1.0,1,shap_mean_abs,hy_spread,0.0
__POOL__,1,walk_forward,GFC,True,92,5,,5,0.1,1.0,0.8,1.0,1,shap_mean_abs,ig_chg_1m,0.0
__POOL__,1,walk_forward,GFC,True,92,5,,5,0.1,1.0,0.8,1.0,1,shap_mean_abs,hy_chg_1m,0.0
__POOL__,1,walk_forward,GFC,True,92,5,,5,0.1,1.0,0.8,1.0,1,shap_mean_abs,cpi_yoy,0.0
__POOL__,1,walk_forward,GFC,True,92,5,,5,0.1,1.0,0.8,1.0,1,shap_mean_abs,pce_core_chg,0.0001256613904843107
__POOL__,1,walk_forward,GFC,True,92,5,,5,0.1,1.0,0.8,1.0,1,shap_mean_abs,nfp_change,0.00032433352316729724
__POOL__,1,walk_forward,GFC,True,92,5,,5,0.1,1.0,0.8,1.0,1,shap_mean_abs,pmi_us,9.016203694045544e-05
__POOL__,1,walk_forward,GFC,True,92,5,,5,0.1,1.0,0.8,1.0,1,shap_mean_abs,pmi_eur,1.9302462533232756e-05
__POOL__,1,walk_forward,GFC,True,92,5,,5,0.1,1.0,0.8,1.0,1,shap_mean_abs,unemp_eur,0.0
__POOL__,1,walk_forward,GFC,True,92,5,,5,0.1,1.0,0.8,1.0,1,shap_mean_abs,cpi_nsa_level,0.00019451871048659086
__POOL__,1,walk_forward,GFC,True,92,5,,5,0.1,1.0,0.8,1.0,1,shap_mean_abs,pce_core_level,4.520437141763978e-05
__POOL__,1,walk_forward,GFC,True,92,5,,5,0.1,1.0,0.8,1.0,1,shap_mean_abs,eur_3m,0.0025181572418659925
__POOL__,1,walk_forward,GFC,True,92,5,,5,0.1,1.0,0.8,1.0,1,shap_mean_abs,eur_1w,0.00032245443435385823
__POOL__,1,walk_forward,GFC,True,92,5,,5,0.1,1.0,0.8,1.0,1,shap_mean_abs,nor_ibor_1m,0.0002370263682678342
__POOL__,1,walk_forward,GFC,True,92,5,,5,0.1,1.0,0.8,1.0,1,shap_mean_abs,nor_ibor_6m,1.7405383914592676e-05
__POOL__,1,walk_forward,GFC,True,92,5,,5,0.1,1.0,0.8,1.0,1,shap_mean_abs,xmpca_01,0.0020662236493080854
__POOL__,1,walk_forward,GFC,True,92,5,,5,0.1,1.0,0.8,1.0,1,shap_mean_abs,xmpca_02,0.00043023188482038677
__POOL__,1,walk_forward,GFC,True,92,5,,5,0.1,1.0,0.8,1.0,1,shap_mean_abs,xmpca_03,0.0003171507269144058
__POOL__,1,walk_forward,GFC,True,92,5,,5,0.1,1.0,0.8,1.0,1,shap_mean_abs,xmpca_04,0.0008857324719429016
__POOL__,1,walk_forward,GFC,True,92,5,,5,0.1,1.0,0.8,1.0,1,shap_mean_abs,xmpca_05,9.828620386542752e-05
__POOL__,1,walk_forward,GFC,True,92,5,,5,0.1,1.0,0.8,1.0,1,shap_mean_abs,xmpca_06,0.00018663579248823225
__POOL__,1,walk_forward,GFC,True,92,5,,5,0.1,1.0,0.8,1.0,1,shap_mean_abs,xmpca_07,0.0006106877117417753
__POOL__,1,walk_forward,GFC,True,92,5,,5,0.1,1.0,0.8,1.0,1,shap_mean_abs,xmpca_08,0.00014150066999718547
__POOL__,1,walk_forward,GFC,True,92,5,,5,0.1,1.0,0.8,1.0,1,shap_mean_abs,xmpca_09,0.0006173324654810131
__POOL__,1,walk_forward,GFC,True,92,5,,5,0.1,1.0,0.8,1.0,1,shap_mean_abs,xmpca_10,8.23004957055673e-05
__POOL__,1,walk_forward,GFC,True,92,5,,5,0.1,1.0,0.8,1.0,1,shap_mean_abs,xmpca_11,0.0011254327837377787
__POOL__,1,walk_forward,GFC,True,92,5,,5,0.1,1.0,0.8,1.0,1,shap_mean_abs,xmpca_12,9.366034646518528e-05
__POOL__,1,walk_forward,GFC,True,92,5,,5,0.1,1.0,0.8,1.0,1,shap_mean_abs,security,0.006701347883790731
__POOL__,1,walk_forward,GFC,True,92,5,,5,0.1,1.0,0.8,1.0,1,shap_mean_abs,country,0.00017146112804766744
__POOL__,1,walk_forward,GFC,True,92,5,,5,0.1,1.0,0.8,1.0,1,shap_mean_abs,maturity,6.275633495533839e-05
